station_type,station_name,member_casual,total_rides,latitude,longitude
End,2112 W Peterson Ave,casual,254,41.991178,-87.683593
End,2112 W Peterson Ave,member,577,41.991178,-87.683593
End,21st St & Pulaski Rd,casual,29,41.85364007158214,-87.7246264999093
End,21st St & Pulaski Rd,member,32,41.85373675711395,-87.72469642162842
End,63rd St Beach,casual,787,41.78091096424803,-87.57632374763489
End,63rd St Beach,member,408,41.78091096424803,-87.57632374763489
End,900 W Harrison St,casual,2349,41.874754,-87.649807
End,900 W Harrison St,member,5686,41.874754,-87.649807
End,Aberdeen St & 103rd St,casual,35,41.70704,-87.65022
End,Aberdeen St & 103rd St,member,11,41.70704,-87.65022
End,Aberdeen St & 106th St,casual,3,41.70121,-87.64934
End,Aberdeen St & 106th St,member,1,41.70121,-87.64934
End,Aberdeen St & Carroll Ave,casual,2655,41.88819,-87.65459
End,Aberdeen St & Carroll Ave,member,6416,41.88819,-87.65459
End,Aberdeen St & Jackson Blvd,casual,3398,41.87772613,-87.65478743
End,Aberdeen St & Jackson Blvd,member,9376,41.87772613,-87.65478743
End,Aberdeen St & Monroe St,casual,1747,41.88019781224957,-87.65486970692616
End,Aberdeen St & Monroe St,member,5706,41.880195447949525,-87.65486276656152
End,Aberdeen St & Randolph St,casual,3061,41.884114,-87.65426400000001
End,Aberdeen St & Randolph St,member,6847,41.884114,-87.654264
End,Ada St & 113th Pl,casual,13,41.68759,-87.65541
End,Ada St & 113th Pl,member,1,41.68759,-87.65541
End,Ada St & 113th Place,casual,5,41.68759,-87.65541
End,Ada St & Washington Blvd,casual,1654,41.88283,-87.661206
End,Ada St & Washington Blvd,member,4715,41.88283,-87.661206
End,Addison/Racine Corral,casual,958,41.9470683,-87.6593535
End,Addison/Racine Corral,member,914,41.9470683,-87.65935350000001
End,Addison/Sheffield SE Corral,casual,333,41.9470281,-87.65425200000001
End,Addison/Sheffield SE Corral,member,344,41.9470281,-87.654252
End,Addison/Sheffield SW Corral,casual,586,41.9469539,-87.6544123
End,Addison/Sheffield SW Corral,member,538,41.9469539,-87.6544123
End,Addison/Wilton Corral,casual,424,41.9473827,-87.65317160000001
End,Addison/Wilton Corral,member,330,41.9473827,-87.6531716
End,Adler Planetarium,casual,8985,41.866095,-87.607267
End,Adler Planetarium,member,3989,41.866095,-87.607267
End,Albany Ave & 16th St,casual,101,41.85934495049505,-87.70301999999998
End,Albany Ave & 16th St,member,86,41.859332093023255,-87.70302
End,Albany Ave & 26th St,casual,110,41.844507,-87.70165499999999
End,Albany Ave & 26th St,member,111,41.844507,-87.701655
End,Albany Ave & Belmont Ave,casual,375,41.93965002666667,-87.70526136000001
End,Albany Ave & Belmont Ave,member,726,41.93965230303031,-87.70526104958677
End,Albany Ave & Bloomingdale Ave,casual,1258,41.91402671273,-87.705126462
End,Albany Ave & Bloomingdale Ave,member,2531,41.91402671273,-87.705126462
End,Albany Ave & Douglas Blvd,casual,115,41.86297256768765,-87.70321506490086
End,Albany Ave & Douglas Blvd,member,38,41.862907471341735,-87.70326041243193
End,Albany Ave & Montrose Ave,casual,819,41.961041,-87.705866
End,Albany Ave & Montrose Ave,member,1696,41.961040999999994,-87.705866
End,Altgeld Gardens,casual,39,41.65666552967373,-87.59880065917969
End,Altgeld Gardens,member,4,41.65666552967373,-87.59880065917969
End,Archer (Damen) Ave & 37th St,casual,114,41.826712,-87.683144
End,Archer (Damen) Ave & 37th St,member,266,41.826712,-87.683144
End,Archer Ave & 43rd St,casual,27,41.81549072222222,-87.70242288888888
End,Archer Ave & 43rd St,member,16,41.8154901625,-87.70240515
End,Archer Ave & 49th St,casual,39,41.8042,-87.72082
End,Archer Ave & 49th St,member,42,41.8042,-87.72082
End,Archer Ave & Homan Ave,casual,58,41.81153,-87.70885
End,Archer Ave & Homan Ave,member,28,41.81153,-87.70885
End,Archer Ave & Wentworth Ave,casual,1314,41.8546868,-87.6308531
End,Archer Ave & Wentworth Ave,member,1485,41.8546868,-87.6308531
End,Arrington Lagoon,casual,81,42.046434,-87.6738773
End,Arrington Lagoon,member,44,42.046434000000005,-87.67387730000002
End,Artesian Ave & 55th St,casual,71,41.79402,-87.68577
End,Artesian Ave & 55th St,member,71,41.79402,-87.68577
End,Artesian Ave & 71st St,casual,24,41.764345,-87.684417
End,Artesian Ave & 71st St,member,33,41.764345,-87.684417
End,Artesian Ave & Hubbard St,casual,1237,41.8895,-87.688257
End,Artesian Ave & Hubbard St,member,3747,41.8895,-87.688257
End,Artesian Ave & Marquette Rd,casual,40,41.77203,-87.684637
End,Artesian Ave & Marquette Rd,member,10,41.77203,-87.684637
End,Ashland Ave & 13th St,casual,923,41.865234,-87.666507
End,Ashland Ave & 13th St,member,2748,41.865234,-87.666507
End,Ashland Ave & 50th St,casual,135,41.803023,-87.664699
End,Ashland Ave & 50th St,member,91,41.803023,-87.664699
End,Ashland Ave & 63rd St,casual,26,41.779374,-87.664843
End,Ashland Ave & 63rd St,member,26,41.779374,-87.664843
End,Ashland Ave & 66th St,casual,29,41.774074,-87.663815
End,Ashland Ave & 66th St,member,5,41.774074,-87.663815
End,Ashland Ave & 74th St,casual,30,41.75923602425868,-87.66347408294678
End,Ashland Ave & 74th St,member,86,41.75923602425868,-87.66347408294678
End,Ashland Ave & 78th St,casual,23,41.75220484941116,-87.66369938850403
End,Ashland Ave & 78th St,member,13,41.75220484941115,-87.66369938850403
End,Ashland Ave & Addison St,casual,25,41.94689,-87.66916
End,Ashland Ave & Addison St,member,33,41.94689,-87.66916
End,Ashland Ave & Archer Ave,casual,146,41.83920868403,-87.6656098589
End,Ashland Ave & Archer Ave,member,278,41.83920868403,-87.6656098589
End,Ashland Ave & Augusta Blvd,casual,1700,41.899620000000006,-87.66841
End,Ashland Ave & Augusta Blvd,member,5490,41.89962,-87.66841
End,Ashland Ave & Belle Plaine Ave,casual,1076,41.9558231830855,-87.66911174256505
End,Ashland Ave & Belle Plaine Ave,member,1724,41.955767678074245,-87.6691805423434
End,Ashland Ave & Blackhawk St,casual,2171,41.907066,-87.667252
End,Ashland Ave & Blackhawk St,member,5256,41.907066,-87.667252
End,Ashland Ave & Chicago Ave,casual,1810,41.89595435734305,-87.6677280664444
End,Ashland Ave & Chicago Ave,member,5331,41.89595435734305,-87.6677280664444
End,Ashland Ave & Division St,casual,738,41.9035411298103,-87.67039322818428
End,Ashland Ave & Division St,member,2106,41.90353981522223,-87.67038906552374
End,Ashland Ave & Garfield Blvd,casual,81,41.792822,-87.664429
End,Ashland Ave & Garfield Blvd,member,11,41.792822,-87.664429
End,Ashland Ave & Grace St,casual,1787,41.950759283715726,-87.6687254224958
End,Ashland Ave & Grace St,member,2961,41.95080263356974,-87.66873945288754
End,Ashland Ave & Grand Ave,casual,1368,41.891072,-87.666611
End,Ashland Ave & Grand Ave,member,2929,41.891072,-87.666611
End,Ashland Ave & Lake St,casual,1772,41.88592,-87.66717
End,Ashland Ave & Lake St,member,3199,41.88592,-87.66717
End,Ashland Ave & McDowell Ave,casual,134,41.809719,-87.663477
End,Ashland Ave & McDowell Ave,member,135,41.809719,-87.663477
End,Ashland Ave & Pershing Rd,casual,206,41.823465,-87.665577
End,Ashland Ave & Pershing Rd,member,176,41.823465,-87.665577
End,Ashland Ave & Wellington Ave,casual,1784,41.936083,-87.669807
End,Ashland Ave & Wellington Ave,member,4612,41.936083,-87.669807
End,Ashland Ave & Wrightwood Ave,casual,1669,41.92883,-87.668507
End,Ashland Ave & Wrightwood Ave,member,3950,41.92882999822633,-87.66850664444937
End,Augusta Blvd & Laramie Ave,casual,27,41.89866069999999,-87.7554551
End,Augusta Blvd & Laramie Ave,member,3,41.8986607,-87.7554551
End,Austin Ave & Milwaukee Ave,casual,105,41.98736,-87.77805
End,Austin Ave & Milwaukee Ave,member,84,41.98736,-87.77805
End,Austin Blvd & Chicago Ave,casual,67,41.894887,-87.774704
End,Austin Blvd & Chicago Ave,member,54,41.89488699999999,-87.77470400000001
End,Austin Blvd & Lake St,casual,140,41.88794379427211,-87.77427345514297
End,Austin Blvd & Lake St,member,212,41.88794379427211,-87.77427345514297
End,Austin Blvd & Madison St,casual,145,41.88028099999999,-87.774453
End,Austin Blvd & Madison St,member,72,41.880281,-87.774453
End,Ave H & 110th St,casual,26,41.69553,-87.53304
End,Ave H & 110th St,member,1,41.69553,-87.53304
End,Ave L & 114th,casual,65,41.68803,-87.53641
End,Ave L & 114th,member,3,41.68803,-87.53641
End,Avenue O & 118th St,casual,35,41.68100145911039,-87.5379312226869
End,Avenue O & 118th St,member,15,41.68100145911039,-87.5379312226869
End,Avenue O & 134th St,casual,32,41.6519026853208,-87.53955539376464
End,Avenue O & 134th St,member,1,41.6519026853208,-87.53955539376464
End,Avers Ave & 103rd St,casual,19,41.70586,-87.71709
End,Avers Ave & 103rd St,member,7,41.70586385142857,-87.717097086
End,Avers Ave & 16th St,casual,36,41.85909,-87.72121
End,Avers Ave & 16th St,member,39,41.85909,-87.72121
End,Avers Ave & Belmont Ave,casual,1159,41.939408,-87.723574
End,Avers Ave & Belmont Ave,member,2244,41.939408,-87.723574
End,Avers Ave & Foster Ave,casual,148,41.97541,-87.72452
End,Avers Ave & Foster Ave,member,223,41.97541,-87.72452
End,Avondale Ave & Irving Park Rd,casual,752,41.953393,-87.732002
End,Avondale Ave & Irving Park Rd,member,1776,41.953393,-87.732002
End,Baltimore Ave & 133rd St,casual,46,41.65349,-87.54703
End,Baltimore Ave & 133rd St,member,3,41.65349,-87.54703
End,Baltimore Ave & 87th St,casual,61,41.73733560041666,-87.54851460456847
End,Baltimore Ave & 87th St,member,43,41.73733560041666,-87.54851460456847
End,Bennett Ave & 79th St,casual,25,41.751785,-87.578496
End,Bennett Ave & 79th St,member,10,41.751785,-87.578496
End,Benson Ave & Church St,casual,2689,42.048214,-87.683485
End,Benson Ave & Church St,member,3750,42.048214024911736,-87.68348501046694
End,Bent Park,casual,28,42.064494,-87.724011
End,Bent Park,member,4,42.064494,-87.724011
End,Bernard St & Elston Ave,casual,314,41.949923,-87.713949
End,Bernard St & Elston Ave,member,693,41.949923,-87.713949
End,Bernard St & Peterson Ave,casual,51,41.9904393,-87.715236
End,Bernard St & Peterson Ave,member,296,41.9904393,-87.715236
End,Big Marsh Park,casual,268,41.68587705562333,-87.57382392883301
End,Big Marsh Park,member,65,41.68587705562333,-87.57382392883301
End,Bissell St & Armitage Ave,casual,3282,41.9182955629354,-87.65218332409859
End,Bissell St & Armitage Ave,member,5411,41.9182955629354,-87.65218332409859
End,Bissell St & Armitage Ave*,casual,1424,41.9182955629354,-87.65218332409859
End,Bissell St & Armitage Ave*,member,2927,41.9182955629354,-87.65218332409859
End,Blackstone Ave & 53rd St,casual,1180,41.79961999999999,-87.59012999999999
End,Blackstone Ave & 53rd St,member,2360,41.79962,-87.59012999999999
End,Blackstone Ave & 59th St,casual,2148,41.787877,-87.590461
End,Blackstone Ave & 59th St,member,6998,41.787877,-87.590461
End,Blackstone Ave & Hyde Park Blvd,casual,1156,41.802562,-87.590368
End,Blackstone Ave & Hyde Park Blvd,member,2660,41.802562,-87.590368
End,Blue Island Ave & 18th St,casual,1754,41.857556,-87.661535
End,Blue Island Ave & 18th St,member,3846,41.857556,-87.661535
End,Bosworth Ave & Howard St,casual,244,42.019537,-87.669563
End,Bosworth Ave & Howard St,member,597,42.019537,-87.669563
End,Bradley Park,casual,3,41.717878301935,-87.56459176540375
End,Bradley Park,member,18,41.717878301935,-87.56459176540375
End,Broadway & Argyle St,casual,1927,41.97423,-87.6597735
End,Broadway & Argyle St,member,4967,41.97423,-87.6597735
End,Broadway & Barry Ave,casual,4975,41.93758231600629,-87.6440978050232
End,Broadway & Barry Ave,member,11903,41.93758231600629,-87.6440978050232
End,Broadway & Belmont Ave,casual,3615,41.940106,-87.645451
End,Broadway & Belmont Ave,member,8568,41.940106006181495,-87.64545100767424
End,Broadway & Berwyn Ave,casual,1905,41.978361,-87.659789
End,Broadway & Berwyn Ave,member,5420,41.978361,-87.659789
End,Broadway & Cornelia Ave,casual,4970,41.945529,-87.646439
End,Broadway & Cornelia Ave,member,13434,41.94552899999999,-87.646439
End,Broadway & Cuyler Ave,casual,905,41.95541699999999,-87.6515
End,Broadway & Cuyler Ave,member,2011,41.955417,-87.6515
End,Broadway & Granville Ave,casual,2232,41.9947796884,-87.6602845349
End,Broadway & Granville Ave,member,5102,41.9947796884,-87.6602845349
End,Broadway & Oakdale Ave,casual,3190,41.93558,-87.64405
End,Broadway & Oakdale Ave,member,6017,41.93558,-87.64405
End,Broadway & Ridge Ave,casual,1230,41.9840446107,-87.6602738295
End,Broadway & Ridge Ave,member,3151,41.98404461070001,-87.6602738295
End,Broadway & Roscoe Ave,casual,2407,41.9436,-87.64532
End,Broadway & Roscoe Ave,member,5244,41.9436,-87.64532
End,Broadway & Sheridan Rd,casual,3616,41.952833,-87.64999300000001
End,Broadway & Sheridan Rd,member,9536,41.952833,-87.649993
End,Broadway & Sunnyside Ave,casual,1636,41.96341900000001,-87.65606900000002
End,Broadway & Sunnyside Ave,member,5594,41.963419,-87.656069
End,Broadway & Thorndale Ave,casual,2233,41.98974251144,-87.66014062090001
End,Broadway & Thorndale Ave,member,4864,41.98974251144,-87.6601406209
End,Broadway & Waveland Ave,casual,5087,41.949074,-87.648636
End,Broadway & Waveland Ave,member,14477,41.949074,-87.648636
End,Broadway & Wilson Ave,casual,2312,41.965221,-87.658139
End,Broadway & Wilson Ave,member,6012,41.965221,-87.658139
End,Buckingham Fountain,casual,1441,41.86959,-87.623961
End,Buckingham Fountain,member,1335,41.86959,-87.623961
End,Budlong Woods Library,casual,334,41.98366470886,-87.6964225611
End,Budlong Woods Library,member,502,41.98366470886,-87.6964225611
End,Burley Ave & 85th St,casual,36,41.74117,-87.54518000000002
End,Burley Ave & 85th St,member,17,41.74117,-87.54518
End,Burley Ave & 91st St,casual,11,41.73054,-87.54557999999999
End,Burley Ave & 91st St,member,17,41.73053999999999,-87.54558
End,Burling St & Armitage Ave,casual,329,41.91808,-87.64728
End,Burling St & Armitage Ave,member,533,41.91808,-87.64728
End,Burling St & Diversey Pkwy,casual,2593,41.93314,-87.64776
End,Burling St & Diversey Pkwy,member,8286,41.93314,-87.64776
End,Burnham Greenway & 105th St,casual,79,41.7045750872071,-87.52823173999786
End,Burnham Greenway & 105th St,member,23,41.7045750872071,-87.52823173999786
End,Burnham Greenway & 112th St,casual,99,41.69177385116831,-87.53043115139008
End,Burnham Greenway & 112th St,member,49,41.69177385116831,-87.53043115139008
End,Burnham Harbor,casual,4375,41.85741178707405,-87.61379152536392
End,Burnham Harbor,member,4380,41.85741178707404,-87.61379152536392
End,Burnham Shores,casual,76,42.0403531,-87.6702128
End,Burnham Shores,member,36,42.0403531,-87.6702128
End,California & 16th St,casual,80,41.859228,-87.695562
End,California & 16th St,member,57,41.859228,-87.695562
End,California Ave & 16th St,casual,58,41.85926,-87.6955
End,California Ave & 16th St,member,306,41.85926,-87.6955
End,California Ave & 21st St,casual,337,41.8537957934734,-87.69582286477086
End,California Ave & 21st St,member,642,41.8537957934734,-87.69582286477088
End,California Ave & 23rd Pl,casual,152,41.84910969176,-87.6951398068
End,California Ave & 23rd Pl,member,237,41.84910969176,-87.6951398068
End,California Ave & 26th St,casual,63,41.8436799145765,-87.69496858119965
End,California Ave & 26th St,member,172,41.8436799145765,-87.69496858119965
End,California Ave & 29th St,casual,6,41.840222,-87.69412900000002
End,California Ave & 29th St,member,7,41.840222,-87.694129
End,California Ave & 36th St,casual,93,41.828098,-87.69468400000001
End,California Ave & 36th St,member,65,41.828098,-87.694684
End,California Ave & 41st St,casual,200,41.818670000000004,-87.69441
End,California Ave & 41st St,member,45,41.81867,-87.69441
End,California Ave & 71st St,casual,50,41.764748,-87.693121
End,California Ave & 71st St,member,27,41.764748,-87.693121
End,California Ave & Altgeld St,casual,910,41.92669,-87.69766799999998
End,California Ave & Altgeld St,member,2260,41.92669,-87.697668
End,California Ave & Byron St,casual,849,41.95216219326,-87.698051113
End,California Ave & Byron St,member,1919,41.95216219326,-87.698051113
End,California Ave & Cortez St,casual,1811,41.900363,-87.69670399999998
End,California Ave & Cortez St,member,3170,41.900363,-87.696704
End,California Ave & Division St,casual,1475,41.903029,-87.697474
End,California Ave & Division St,member,2348,41.903029,-87.697474
End,California Ave & Fletcher St,casual,1279,41.93842879148,-87.698007756
End,California Ave & Fletcher St,member,1972,41.93842879148,-87.698007756
End,California Ave & Francis Pl,casual,1711,41.91849115368695,-87.69742280244827
End,California Ave & Francis Pl,member,2768,41.91849115368695,-87.69742280244827
End,California Ave & Granville Ave,casual,273,41.99418029999999,-87.6995596
End,California Ave & Granville Ave,member,955,41.9941803,-87.69955960000001
End,California Ave & Lake St,casual,340,41.88445395657,-87.6962981368
End,California Ave & Lake St,member,390,41.88445395657,-87.6962981368
End,California Ave & Madison St,casual,54,41.88098,-87.69598000000002
End,California Ave & Madison St,member,70,41.88098,-87.69598
End,California Ave & Marquette Rd,casual,67,41.771611,-87.693331
End,California Ave & Marquette Rd,member,22,41.771611,-87.693331
End,California Ave & Milwaukee Ave,casual,3654,41.922695,-87.697153
End,California Ave & Milwaukee Ave,member,7885,41.922695,-87.697153
End,California Ave & Montrose Ave,casual,1010,41.961068,-87.695439
End,California Ave & Montrose Ave,member,2154,41.961068,-87.695439
End,California Ave & North Ave,casual,1516,41.910044,-87.697167
End,California Ave & North Ave,member,2249,41.910044,-87.697167
End,California Ave & Touhy Ave,casual,192,42.0120368,-87.7004371
End,California Ave & Touhy Ave,member,194,42.0120368,-87.70043710000002
End,California Ave & Winona St,casual,154,41.97471063636364,-87.69785745454546
End,California Ave & Winona St,member,392,41.97471064285714,-87.69785742857142
End,California Blvd & 29th St,casual,2,41.84024,-87.69413
End,California Blvd & 29th St,member,5,41.84024,-87.69413
End,Calumet Ave & 18th St,casual,3137,41.85761755293753,-87.61941075325012
End,Calumet Ave & 18th St,member,5462,41.85761757577844,-87.61941076230757
End,Calumet Ave & 21st St,casual,2385,41.85418424947,-87.6191537415
End,Calumet Ave & 21st St,member,2446,41.85418424947,-87.6191537415
End,Calumet Ave & 33rd St,casual,699,41.83472,-87.61797
End,Calumet Ave & 33rd St,member,2438,41.83472,-87.61797
End,Calumet Ave & 35th St,casual,381,41.831379,-87.618034
End,Calumet Ave & 35th St,member,554,41.831379,-87.618034
End,Calumet Ave & 51st St,casual,262,41.80229465088,-87.6180535802
End,Calumet Ave & 51st St,member,267,41.80229465088,-87.6180535802
End,Calumet Ave & 71st St,casual,36,41.76550800581,-87.616917925
End,Calumet Ave & 71st St,member,12,41.76550800581,-87.616917925
End,Calumet Park,casual,80,41.71370983035615,-87.53084421157837
End,Calumet Park,member,73,41.71370983035615,-87.53084421157837
End,Campbell Ave & 51st St,casual,95,41.800940000000004,-87.68676
End,Campbell Ave & 51st St,member,6,41.80094,-87.68676
End,Campbell Ave & Augusta Blvd,casual,1119,41.899578,-87.689497
End,Campbell Ave & Augusta Blvd,member,2396,41.899578,-87.689497
End,Campbell Ave & Fullerton Ave,casual,824,41.92463247165,-87.6893070063
End,Campbell Ave & Fullerton Ave,member,1178,41.92463247165,-87.6893070063
End,Campbell Ave & Irving Park Rd,casual,339,41.95362474926254,-87.6907872861357
End,Campbell Ave & Irving Park Rd,member,636,41.95362438050314,-87.69078749685535
End,Campbell Ave & Montrose Ave,casual,818,41.961524000000004,-87.691177
End,Campbell Ave & Montrose Ave,member,2930,41.961524,-87.691177
End,Campbell Ave & North Ave,casual,1301,41.910535,-87.689556
End,Campbell Ave & North Ave,member,3831,41.910535,-87.689556
End,Canal St & Adams St,casual,3553,41.879255,-87.639904
End,Canal St & Adams St,member,14115,41.879255137142756,-87.63990409147029
End,Canal St & Harrison St,casual,928,41.874255000000005,-87.63957300000001
End,Canal St & Harrison St,member,2528,41.874255,-87.639573
End,Canal St & Jackson Blvd,casual,2597,41.878125,-87.639968
End,Canal St & Jackson Blvd,member,11192,41.87812885221747,-87.63997008228885
End,Canal St & Lake St,casual,1436,41.88597,-87.63999000000001
End,Canal St & Lake St,member,5414,41.88597,-87.63999
End,Canal St & Madison St,casual,6863,41.882409,-87.639767
End,Canal St & Madison St,member,22496,41.882409,-87.639767
End,Canal St & Monroe St,casual,1829,41.8829056,-87.6397409
End,Canal St & Monroe St,member,7829,41.8829056,-87.6397409
End,Canal St & Taylor St,casual,1902,41.870257,-87.639474
End,Canal St & Taylor St,member,3640,41.870257,-87.639474
End,Cannon Dr & Fullerton Ave,casual,2897,41.9267559875,-87.6344287848
End,Cannon Dr & Fullerton Ave,member,1862,41.9267559875,-87.6344287848
End,Carpenter St & 63rd St,casual,10,41.77987,-87.650919
End,Carpenter St & 63rd St,member,2,41.77987,-87.650919
End,Carpenter St & Fulton St,casual,1424,41.88668,-87.65315
End,Carpenter St & Fulton St,member,3708,41.88668,-87.65315000000001
End,Carpenter St & Huron St,casual,2619,41.894556,-87.653449
End,Carpenter St & Huron St,member,5898,41.894556,-87.653449
End,Carpenter St & Lake St Public Rack,casual,213,41.885586,-87.6531893
End,Carpenter St & Lake St Public Rack,member,732,41.885586,-87.6531893
End,Central & Elston,casual,75,41.9855,-87.7682
End,Central & Elston,member,72,41.9855,-87.7682
End,Central Ave & Altgeld St,casual,132,41.9258119,-87.7663685
End,Central Ave & Altgeld St,member,142,41.9258119,-87.7663685
End,Central Ave & Chicago Ave,casual,33,41.89494321212121,-87.76495345454546
End,Central Ave & Chicago Ave,member,71,41.894958,-87.764902
End,Central Ave & Harrison St,casual,30,41.872993,-87.76449900000001
End,Central Ave & Harrison St,member,23,41.872993,-87.764499
End,Central Ave & Lake St,casual,95,41.887664,-87.765469
End,Central Ave & Lake St,member,170,41.887664,-87.765469
End,Central Ave & Madison St,casual,45,41.880121,-87.763238
End,Central Ave & Madison St,member,97,41.880121,-87.763238
End,Central Ave & Parker Ave,casual,68,41.93017973529412,-87.7661203
End,Central Ave & Parker Ave,member,83,41.930179259036144,-87.76612083975904
End,Central Ave & Roscoe St,casual,57,41.942275,-87.76695
End,Central Ave & Roscoe St,member,49,41.942275,-87.76695
End,Central Ave & Wellington Ave,casual,91,41.9349097,-87.7667718
End,Central Ave & Wellington Ave,member,36,41.9349097,-87.7667718
End,Central Park & Augusta Blvd,casual,21,41.8989108,-87.7164901
End,Central Park & Augusta Blvd,member,242,41.8989108,-87.7164901
End,Central Park Ave & 24th St,casual,214,41.848099999999995,-87.71506799999999
End,Central Park Ave & 24th St,member,73,41.8481,-87.715068
End,Central Park Ave & 66th St,casual,26,41.77325799999999,-87.713143
End,Central Park Ave & 66th St,member,3,41.773258,-87.713143
End,Central Park Ave & Ardmore Ave,casual,113,41.9866081,-87.71876740000002
End,Central Park Ave & Ardmore Ave,member,383,41.9866081,-87.7187674
End,Central Park Ave & Augusta Blvd,casual,49,41.89894,-87.71649
End,Central Park Ave & Augusta Blvd,member,174,41.89894,-87.71649
End,Central Park Ave & Bloomingdale Ave,casual,869,41.914166,-87.716755
End,Central Park Ave & Bloomingdale Ave,member,1713,41.914166,-87.716755
End,Central Park Ave & Douglas Blvd,casual,60,41.86235,-87.71587
End,Central Park Ave & Douglas Blvd,member,25,41.86235,-87.71587
End,Central Park Ave & Elbridge Ave,casual,1338,41.93533728263,-87.7168892935
End,Central Park Ave & Elbridge Ave,member,1962,41.93533728263001,-87.7168892935
End,Central Park Ave & North Ave,casual,502,41.90965687563,-87.7166319516
End,Central Park Ave & North Ave,member,600,41.90965687563,-87.7166319516
End,Central Park Ave & Ogden Ave,casual,290,41.854063503874464,-87.71511733531952
End,Central Park Ave & Ogden Ave,member,283,41.854063503874464,-87.71511733531952
End,Central Park Ave & Ohio St,casual,99,41.89187834343434,-87.71642947474747
End,Central Park Ave & Ohio St,member,149,41.89187664295302,-87.7164186704698
End,Central Park Ave & Washington Blvd,casual,65,41.8827476,-87.7153994
End,Central Park Ave & Washington Blvd,member,43,41.8827476,-87.7153994
End,Central Park Blvd & 5th Ave,casual,65,41.875679,-87.71547
End,Central Park Blvd & 5th Ave,member,227,41.875679,-87.71547000000001
End,Central St & Girard Ave,casual,417,42.064313000000006,-87.68615199999999
End,Central St & Girard Ave,member,632,42.06431299999999,-87.686152
End,Central St Metra,casual,639,42.063598,-87.69873
End,Central St Metra,member,591,42.063598,-87.69873
End,Cherry Ave & Blackhawk St,casual,343,41.907221,-87.65561799999999
End,Cherry Ave & Blackhawk St,member,1734,41.907221,-87.655618
End,Chicago Ave & Grove St,casual,278,42.0452227,-87.6799575
End,Chicago Ave & Grove St,member,286,42.045222700000004,-87.6799575
End,Chicago Ave & Sheridan Rd,casual,2788,42.050491,-87.677821
End,Chicago Ave & Sheridan Rd,member,3151,42.050491,-87.677821
End,Chicago Ave & Washington St,casual,1083,42.032562,-87.679101
End,Chicago Ave & Washington St,member,1856,42.032562,-87.679101
End,Chicago State University,casual,97,41.71896342165455,-87.60829567909241
End,Chicago State University,member,84,41.71896342165455,-87.60829567909241
End,Christiana Ave & Lawrence Ave,casual,614,41.96835449363,-87.7118306675
End,Christiana Ave & Lawrence Ave,member,1461,41.96835449363,-87.7118306675
End,Cicero Ave & Flournoy St,casual,34,41.872131,-87.746619
End,Cicero Ave & Flournoy St,member,20,41.872131,-87.746619
End,Cicero Ave & Lake St,casual,72,41.886841,-87.745261
End,Cicero Ave & Lake St,member,24,41.886841,-87.74526099999999
End,Cicero Ave & Quincy St,casual,37,41.877613,-87.745405
End,Cicero Ave & Quincy St,member,9,41.877613,-87.745405
End,Cicero Ave & Roscoe Ave,casual,102,41.94242700000001,-87.74731499999999
End,Cicero Ave & Roscoe Ave,member,222,41.942427,-87.747315
End,Cicero Ave & Wellington Ave,casual,40,41.93515,-87.74636
End,Cicero Ave & Wellington Ave,member,37,41.93515,-87.74636
End,Cicero Ave & Wrightwood Ave,casual,115,41.9279057,-87.7467295
End,Cicero Ave & Wrightwood Ave,member,238,41.9279057,-87.7467295
End,Cityfront Plaza Dr & Pioneer Ct,casual,3705,41.890572999999996,-87.62207200000002
End,Cityfront Plaza Dr & Pioneer Ct,member,6543,41.890573,-87.622072
End,Claremont Ave & Hirsch St,casual,787,41.90778100000001,-87.68585400000002
End,Claremont Ave & Hirsch St,member,1679,41.907781,-87.68585399999999
End,Clarendon Ave & Gordon Ter,casual,3417,41.95786652415174,-87.64950513839722
End,Clarendon Ave & Gordon Ter,member,10158,41.95786652415174,-87.64950513839722
End,Clarendon Ave & Junior Ter,casual,3867,41.961004,-87.649603
End,Clarendon Ave & Junior Ter,member,8264,41.961004,-87.649603
End,Clarendon Ave & Leland Ave,casual,2295,41.967968,-87.650001
End,Clarendon Ave & Leland Ave,member,4536,41.967968,-87.650001
End,Clark Beach,casual,90,42.0500013,-87.6740198
End,Clark Beach,member,40,42.0500013,-87.6740198
End,Clark St & 9th St (AMLI),casual,1591,41.870816,-87.631246
End,Clark St & 9th St (AMLI),member,2586,41.870816,-87.631246
End,Clark St & Arlington Pl,casual,4438,41.92694,-87.64148
End,Clark St & Arlington Pl,member,9883,41.926939885744616,-87.64147991313801
End,Clark St & Armitage Ave,casual,9006,41.918306,-87.636282
End,Clark St & Armitage Ave,member,15281,41.9183056193579,-87.63628174855702
End,Clark St & Berwyn Ave,casual,3980,41.978017,-87.668019
End,Clark St & Berwyn Ave,member,8159,41.978015826817014,-87.668019760755
End,Clark St & Bryn Mawr Ave,casual,2499,41.983593,-87.669154
End,Clark St & Bryn Mawr Ave,member,5134,41.983593,-87.669154
End,Clark St & Chicago Ave,casual,2943,41.89675,-87.63089
End,Clark St & Chicago Ave,member,7965,41.89675,-87.63089
End,Clark St & Columbia Ave,casual,703,42.00445062934,-87.6724024047
End,Clark St & Columbia Ave,member,1540,42.00445062934,-87.6724024047
End,Clark St & Drummond Pl,casual,3884,41.93124799999999,-87.644336
End,Clark St & Drummond Pl,member,10575,41.931248,-87.644336
End,Clark St & Eddy St ,casual,3958,41.94628,-87.65627
End,Clark St & Eddy St ,member,5307,41.94628,-87.65627
End,Clark St & Elm St,casual,6243,41.90297,-87.6313
End,Clark St & Elm St,member,17031,41.90297,-87.6313
End,Clark St & Elmdale Ave,casual,888,41.99086044812557,-87.66972362995148
End,Clark St & Elmdale Ave,member,1901,41.990860449637864,-87.66972363358853
End,Clark St & Fletcher St,casual,1187,41.93894,-87.65031
End,Clark St & Fletcher St,member,2664,41.93894,-87.65031
End,Clark St & Grace St,casual,4298,41.95078,-87.659172
End,Clark St & Grace St,member,5628,41.95078,-87.659172
End,Clark St & Ida B Wells Dr,casual,1612,41.8759326655,-87.63058453550002
End,Clark St & Ida B Wells Dr,member,5610,41.87593270020526,-87.63058455890669
End,Clark St & Jarvis Ave,casual,354,42.015963,-87.675005
End,Clark St & Jarvis Ave,member,1048,42.015963,-87.675005
End,Clark St & Lake St,casual,4571,41.88602082773,-87.6308760584
End,Clark St & Lake St,member,12788,41.88602082773,-87.6308760584
End,Clark St & Leland Ave,casual,2837,41.96708783918421,-87.66729086637497
End,Clark St & Leland Ave,member,5864,41.96708783918421,-87.66729086637497
End,Clark St & Lincoln Ave,casual,9205,41.915689,-87.6346
End,Clark St & Lincoln Ave,member,14352,41.91568899999999,-87.6346
End,Clark St & Lunt Ave,casual,1038,42.00901118058077,-87.67411172389984
End,Clark St & Lunt Ave,member,2876,42.00901118058077,-87.67411172389984
End,Clark St & Madison St,casual,90,41.88218,-87.63098
End,Clark St & Madison St,member,285,41.88218,-87.63098
End,Clark St & Montrose Ave,casual,2146,41.961588000000006,-87.66603599999999
End,Clark St & Montrose Ave,member,5089,41.961588,-87.666036
End,Clark St & Newport St,casual,5382,41.94454,-87.654678
End,Clark St & Newport St,member,8351,41.94454,-87.654678
End,Clark St & North Ave,casual,4376,41.911974,-87.631942
End,Clark St & North Ave,member,6038,41.911974,-87.631942
End,Clark St & Schiller St,casual,4454,41.907993,-87.631501
End,Clark St & Schiller St,member,10601,41.907993,-87.631501
End,Clark St & Schreiber Ave,casual,955,41.999245,-87.671249
End,Clark St & Schreiber Ave,member,1879,41.999245,-87.671249
End,Clark St & Touhy Ave,casual,246,42.01256011540999,-87.6743671152
End,Clark St & Touhy Ave,member,643,42.01256011541,-87.6743671152
End,Clark St & Washington St,casual,561,41.88301,-87.631
End,Clark St & Washington St,member,1726,41.88301,-87.631
End,Clark St & Wellington Ave,casual,3815,41.9364968219,-87.6475386582
End,Clark St & Wellington Ave,member,8799,41.9364968219,-87.6475386582
End,Clark St & Winnemac Ave,casual,4619,41.97334764047304,-87.6678554713726
End,Clark St & Winnemac Ave,member,9621,41.97334764047304,-87.6678554713726
End,Clark St & Wrightwood Ave,casual,4648,41.929546,-87.643118
End,Clark St & Wrightwood Ave,member,11099,41.929546,-87.643118
End,Clark/Newport Corral,casual,1017,41.9449411,-87.654611
End,Clark/Newport Corral,member,907,41.9449411,-87.654611
End,Clark/Racine Corral,casual,693,41.950436,-87.6593212
End,Clark/Racine Corral,member,513,41.950436,-87.6593212
End,Clifton Ave & Armitage Ave,casual,2690,41.918216,-87.656936
End,Clifton Ave & Armitage Ave,member,7158,41.918216,-87.65693600000002
End,Clinton St & 18th St,casual,914,41.85795,-87.64082600000002
End,Clinton St & 18th St,member,2207,41.85795,-87.640826
End,Clinton St & Jackson Blvd,casual,5707,41.87831661183069,-87.64098107814789
End,Clinton St & Jackson Blvd,member,19284,41.87831662250193,-87.64098109488195
End,Clinton St & Lake St,casual,3585,41.885636999999996,-87.641823
End,Clinton St & Lake St,member,13808,41.885637,-87.641823
End,Clinton St & Madison St,casual,5911,41.88205588605384,-87.64116460707776
End,Clinton St & Madison St,member,19929,41.88207456231508,-87.64116529617907
End,Clinton St & Polk St,casual,361,41.87146651779,-87.6409491327
End,Clinton St & Polk St,member,723,41.87146651779,-87.6409491327
End,Clinton St & Roosevelt Rd,casual,2169,41.8671177825,-87.6410879593
End,Clinton St & Roosevelt Rd,member,3781,41.8671177825,-87.6410879593
End,Clinton St & Tilden St,casual,1481,41.87588499999999,-87.640795
End,Clinton St & Tilden St,member,4805,41.875885,-87.640795
End,Clinton St & Washington Blvd,casual,3511,41.88308290515522,-87.64118563657077
End,Clinton St & Washington Blvd,member,15563,41.88311922681225,-87.64118379499646
End,Clinton St & Washington Blvd 2,casual,3546,41.8833795177665,-87.6411700253807
End,Clinton St & Washington Blvd 2,member,14998,41.88337916388852,-87.64117004400588
End,Clybourn Ave & Division St,casual,1339,41.904613,-87.640552
End,Clybourn Ave & Division St,member,4556,41.904613,-87.640552
End,Clyde Ave & 87th St,casual,87,41.73715146431056,-87.57274031639099
End,Clyde Ave & 87th St,member,21,41.73715146431056,-87.57274031639099
End,Columbus Ave & 79th St,casual,86,41.749119,-87.704263
End,Columbus Ave & 79th St,member,6,41.749119,-87.70426300000001
End,Columbus Ave & 83rd Pl,casual,19,41.741346,-87.71369599999998
End,Columbus Ave & 83rd Pl,member,3,41.741346,-87.71369599999998
End,Columbus Dr & Randolph St,casual,5760,41.884728,-87.619521
End,Columbus Dr & Randolph St,member,12800,41.884728,-87.619521
End,Commercial Ave & 100th St,casual,12,41.71331739547703,-87.55109757184982
End,Commercial Ave & 100th St,member,12,41.71331739547703,-87.55109757184982
End,Commercial Ave & 130th St,casual,99,41.659150427597744,-87.55076229572296
End,Commercial Ave & 130th St,member,1,41.659150427597744,-87.55076229572296
End,Commercial Ave & 83rd St,casual,40,41.744615,-87.551208
End,Commercial Ave & 83rd St,member,78,41.744615,-87.551208
End,Commercial Ave & 90th St,casual,32,41.73188775,-87.55179128124999
End,Commercial Ave & 90th St,member,25,41.731889855999995,-87.55177595199999
End,Commercial Ave & 97th St,casual,19,41.71893,-87.55112
End,Commercial Ave & 97th St,member,36,41.71893,-87.55112000000001
End,Conservatory Dr & Lake St,casual,296,41.885502,-87.716866
End,Conservatory Dr & Lake St,member,279,41.88550200000001,-87.716866
End,Constance Ave & 95th St,casual,16,41.72229074095262,-87.57896840572357
End,Constance Ave & 95th St,member,78,41.72229074095262,-87.57896840572357
End,Cornell Ave & Hyde Park Blvd,casual,1937,41.802406,-87.586924
End,Cornell Ave & Hyde Park Blvd,member,4309,41.802406,-87.586924
End,Cottage Grove Ave & 107th St,casual,14,41.70015,-87.60793
End,Cottage Grove Ave & 107th St,member,7,41.70015,-87.60793
End,Cottage Grove Ave & 111th Pl,casual,51,41.691709758470154,-87.61000156402588
End,Cottage Grove Ave & 111th Pl,member,13,41.69170975847015,-87.61000156402588
End,Cottage Grove Ave & 43rd St,casual,261,41.816499,-87.606582
End,Cottage Grove Ave & 43rd St,member,438,41.816499,-87.60658199999999
End,Cottage Grove Ave & 47th St,casual,15,41.809855,-87.606755
End,Cottage Grove Ave & 47th St,member,27,41.809855,-87.606755
End,Cottage Grove Ave & 49th St,casual,144,41.806273,-87.606643
End,Cottage Grove Ave & 49th St,member,431,41.806273,-87.606643
End,Cottage Grove Ave & 51st St,casual,352,41.803038,-87.606615
End,Cottage Grove Ave & 51st St,member,532,41.803038,-87.606615
End,Cottage Grove Ave & 63rd St,casual,537,41.78053094070882,-87.6059702038765
End,Cottage Grove Ave & 63rd St,member,600,41.78053094070882,-87.6059702038765
End,Cottage Grove Ave & 67th St,casual,147,41.77372095205,-87.60563486
End,Cottage Grove Ave & 67th St,member,251,41.77372095205,-87.60563486
End,Cottage Grove Ave & 71st St,casual,51,41.76571903697,-87.604959713
End,Cottage Grove Ave & 71st St,member,16,41.76571903697,-87.604959713
End,Cottage Grove Ave & 78th St,casual,33,41.753174,-87.60502599999998
End,Cottage Grove Ave & 78th St,member,295,41.753174,-87.605026
End,Cottage Grove Ave & 83rd St,casual,58,41.743441,-87.604836
End,Cottage Grove Ave & 83rd St,member,99,41.743441,-87.604836
End,Cottage Grove Ave & Oakwood Blvd,casual,668,41.822985,-87.6071
End,Cottage Grove Ave & Oakwood Blvd,member,479,41.822985,-87.6071
End,Cumberland Ave & Catherine Ave,casual,104,41.97732,-87.83673999999999
End,Cumberland Ave & Catherine Ave,member,42,41.97732,-87.83674
End,Daley Center Plaza,casual,3847,41.884240999999996,-87.629634
End,Daley Center Plaza,member,15358,41.88424100101582,-87.62963398146576
End,Damen Ave & 33rd St,casual,6,41.834108,-87.67559
End,Damen Ave & 33rd St,member,36,41.834108,-87.67559
End,Damen Ave & 51st St,casual,67,41.800908,-87.674684
End,Damen Ave & 51st St,member,19,41.800908,-87.674684
End,Damen Ave & 59th St,casual,29,41.785861065132,-87.67414391040802
End,Damen Ave & 59th St,member,25,41.785861065132,-87.67414391040802
End,Damen Ave & 74th St,casual,15,41.75927403933122,-87.67363429069519
End,Damen Ave & 74th St,member,19,41.75927403933122,-87.67363429069519
End,Damen Ave & 77th St,casual,50,41.753966,-87.673408
End,Damen Ave & 77th St,member,12,41.753966,-87.673408
End,Damen Ave & 81st St,casual,85,41.746534,-87.673055
End,Damen Ave & 81st St,member,15,41.746534,-87.673055
End,Damen Ave & 87th St,casual,40,41.736044,-87.672861
End,Damen Ave & 87th St,member,25,41.736044,-87.672861
End,Damen Ave & Charleston St,casual,1925,41.920082,-87.677855
End,Damen Ave & Charleston St,member,3889,41.920082,-87.677855
End,Damen Ave & Chicago Ave,casual,3512,41.8956873705344,-87.67713508286369
End,Damen Ave & Chicago Ave,member,8271,41.8956873705344,-87.67713508286369
End,Damen Ave & Chicago Ave Public Rack,casual,158,41.895809,-87.678519
End,Damen Ave & Chicago Ave Public Rack,member,558,41.895809,-87.678519
End,Damen Ave & Clybourn Ave,casual,1124,41.93212535676157,-87.67836731850534
End,Damen Ave & Clybourn Ave,member,3316,41.932115429433054,-87.67834120144752
End,Damen Ave & Cortland St,casual,3568,41.915983,-87.677335
End,Damen Ave & Cortland St,member,6510,41.91598299999999,-87.677335
End,Damen Ave & Coulter St,casual,156,41.85031534615384,-87.67505159615384
End,Damen Ave & Coulter St,member,224,41.85029627678572,-87.67506165625001
End,Damen Ave & Cullerton St,casual,1092,41.85496651875393,-87.67569959163664
End,Damen Ave & Cullerton St,member,2098,41.854966518753926,-87.67569959163664
End,Damen Ave & Division St,casual,2883,41.903266,-87.678435
End,Damen Ave & Division St,member,6421,41.903266,-87.67843500000001
End,Damen Ave & Evergreen Ave,casual,706,41.90604999471813,-87.6775801421714
End,Damen Ave & Evergreen Ave,member,1691,41.90605,-87.67758
End,Damen Ave & Foster Ave,casual,1834,41.9758109755749,-87.67950989857908
End,Damen Ave & Foster Ave,member,3640,41.9758109755749,-87.67950989857908
End,Damen Ave & Grand Ave,casual,459,41.89239445296271,-87.67688512802124
End,Damen Ave & Grand Ave,member,862,41.89239445296271,-87.67688512802124
End,Damen Ave & Lake St,casual,1453,41.884965900000005,-87.6768354
End,Damen Ave & Lake St,member,2938,41.88496589999999,-87.6768354
End,Damen Ave & Leland Ave,casual,1907,41.967081,-87.679076
End,Damen Ave & Leland Ave,member,5185,41.967081,-87.67907600000001
End,Damen Ave & Madison St,casual,1021,41.88137,-87.67493
End,Damen Ave & Madison St,member,1281,41.88137,-87.67493
End,Damen Ave & Melrose Ave,casual,1424,41.9406,-87.6785
End,Damen Ave & Melrose Ave,member,2760,41.9406,-87.6785
End,Damen Ave & Ohio St,casual,1619,41.89239445296271,-87.67688512802124
End,Damen Ave & Ohio St,member,2611,41.89239445296271,-87.67688512802124
End,Damen Ave & Pershing Rd,casual,141,41.823192,-87.676597
End,Damen Ave & Pershing Rd,member,145,41.823192,-87.676597
End,Damen Ave & Pierce Ave,casual,5165,41.9093581,-87.6777585
End,Damen Ave & Pierce Ave,member,8760,41.9093581,-87.6777585
End,Damen Ave & St Paul Ave,casual,1506,41.91301,-87.67778
End,Damen Ave & St Paul Ave,member,2850,41.91301,-87.67778
End,Damen Ave & Sunnyside Ave,casual,1076,41.96325,-87.679258
End,Damen Ave & Sunnyside Ave,member,3112,41.96325,-87.67925799999999
End,Damen Ave & Thomas St (Augusta Blvd),casual,2361,41.901315,-87.677409
End,Damen Ave & Thomas St (Augusta Blvd),member,5328,41.901315,-87.677409
End,Damen Ave & Wabansia Ave,casual,1570,41.91225025917197,-87.67722083713376
End,Damen Ave & Wabansia Ave,member,3184,41.91225036372487,-87.67722117484296
End,Damen Ave & Wellington Ave,casual,1538,41.93588,-87.67841999999999
End,Damen Ave & Wellington Ave,member,3362,41.93587999696996,-87.6784200396972
End,Damen Ave & Wicker Park Ave,casual,2262,41.9088152,-87.6771937
End,Damen Ave & Wicker Park Ave,member,4747,41.9088152,-87.6771937
End,Damen Ave/Coulter St,casual,106,41.84920000000001,-87.67564
End,Damen Ave/Coulter St,member,154,41.8492,-87.67564
End,Dan Ryan Woods & 83rd St,casual,128,41.742805,-87.680177
End,Dan Ryan Woods & 83rd St,member,31,41.742805000000004,-87.68017700000001
End,Dauphin Ave & 103rd St,casual,51,41.70725036778181,-87.60766267776489
End,Dauphin Ave & 103rd St,member,50,41.70725036778181,-87.60766267776489
End,Dauphin Ave & 87th St,casual,56,41.73647999999999,-87.601252
End,Dauphin Ave & 87th St,member,49,41.73648,-87.60125200000002
End,Dayton St & North Ave,casual,3446,41.91057803489999,-87.6494219288
End,Dayton St & North Ave,member,8265,41.9105780349,-87.6494219288
End,Dearborn Pkwy & Delaware Pl,casual,6525,41.898969,-87.62991200000002
End,Dearborn Pkwy & Delaware Pl,member,14610,41.898969,-87.629912
End,Dearborn St & Adams St,casual,1043,41.87937918400499,-87.62975591630182
End,Dearborn St & Adams St,member,3449,41.87939507628608,-87.62973146375306
End,Dearborn St & Adams St 1,casual,1492,41.8793563587,-87.6297910363
End,Dearborn St & Adams St 1,member,4089,41.8793563587,-87.6297910363
End,Dearborn St & Adams St 2,casual,1088,41.87963,-87.62937
End,Dearborn St & Adams St 2,member,3140,41.879630000000006,-87.62937
End,Dearborn St & Adams St Corral,casual,85,41.87939,-87.62988
End,Dearborn St & Adams St Corral,member,139,41.87939,-87.62988
End,Dearborn St & Division St,casual,4521,41.9043,-87.62991
End,Dearborn St & Division St,member,9377,41.9043,-87.62991
End,Dearborn St & Erie St,casual,7403,41.89392380197217,-87.62956157287586
End,Dearborn St & Erie St,member,13051,41.893904453451846,-87.62964774637958
End,Dearborn St & Madison St,casual,1648,41.882059999999996,-87.62964
End,Dearborn St & Madison St,member,5689,41.88206,-87.62963999999998
End,Dearborn St & Maple St,casual,3660,41.90192,-87.63026
End,Dearborn St & Maple St,member,9418,41.90192,-87.63026
End,Dearborn St & Monroe St,casual,1140,41.881319815000005,-87.6295209193
End,Dearborn St & Monroe St,member,3286,41.881319815000005,-87.6295209193
End,Dearborn St & Van Buren St,casual,1950,41.876268,-87.629155
End,Dearborn St & Van Buren St,member,4189,41.876268,-87.629155
End,Dearborn St & Washington St,casual,1063,41.88299,-87.6293
End,Dearborn St & Washington St,member,2937,41.88299,-87.6293
End,Delano Ct & Roosevelt Rd,casual,2339,41.867491,-87.63219
End,Delano Ct & Roosevelt Rd,member,4143,41.867491,-87.63219
End,Dempster CTA,casual,104,42.04126699999999,-87.681577
End,Dempster CTA,member,145,42.041267,-87.681577
End,Desplaines St & Jackson Blvd,casual,2761,41.87811890091227,-87.64394760131836
End,Desplaines St & Jackson Blvd,member,9265,41.87811890091227,-87.64394760131836
End,Desplaines St & Kinzie St,casual,5353,41.888716036,-87.6444478533
End,Desplaines St & Kinzie St,member,15430,41.888716036,-87.6444478533
End,Desplaines St & Randolph St,casual,2024,41.883703,-87.644238
End,Desplaines St & Randolph St,member,4731,41.883703,-87.644238
End,Dodge Ave & Church St,casual,362,42.048308,-87.698224
End,Dodge Ave & Church St,member,504,42.048308,-87.698224
End,Dodge Ave & Main St,casual,223,42.03463185161588,-87.69918769598006
End,Dodge Ave & Main St,member,418,42.03463185161588,-87.69918769598006
End,Dodge Ave & Mulford St,casual,197,42.023481035532996,-87.69959712182741
End,Dodge Ave & Mulford St,member,222,42.02348321621621,-87.69959737837837
End,Dorchester Ave & 49th St,casual,301,41.805772,-87.592464
End,Dorchester Ave & 49th St,member,789,41.805772000000005,-87.592464
End,Dorchester Ave & 53rd St,casual,1139,41.79943,-87.59227
End,Dorchester Ave & 53rd St,member,2820,41.79943,-87.59227
End,Dorchester Ave & 63rd St,casual,440,41.7804056457,-87.5914159893
End,Dorchester Ave & 63rd St,member,371,41.7804056457,-87.5914159893
End,Doty Ave & 111th St,casual,39,41.69501044938143,-87.59871482849121
End,Doty Ave & 111th St,member,11,41.69501044938143,-87.59871482849121
End,Drake Ave & Addison St,casual,533,41.947326,-87.717582
End,Drake Ave & Addison St,member,1321,41.947326,-87.717582
End,Drake Ave & Armitage Ave,casual,476,41.91749,-87.71524
End,Drake Ave & Armitage Ave,member,560,41.91749,-87.71524
End,Drake Ave & Montrose Ave,casual,444,41.96115407569,-87.7165690733
End,Drake Ave & Montrose Ave,member,847,41.96115407569,-87.71656907329998
End,Drexel Ave & 60th St,casual,1193,41.785861,-87.604553
End,Drexel Ave & 60th St,member,3344,41.785861,-87.60455300000001
End,DuSable Lake Shore Dr & Balbo Dr,casual,1615,41.87318,-87.61685
End,DuSable Lake Shore Dr & Balbo Dr,member,649,41.87318,-87.61685
End,DuSable Lake Shore Dr & Belmont Ave,casual,6024,41.940775,-87.639192
End,DuSable Lake Shore Dr & Belmont Ave,member,8375,41.940775,-87.639192
End,DuSable Lake Shore Dr & Diversey Pkwy,casual,7633,41.93258800000001,-87.636427
End,DuSable Lake Shore Dr & Diversey Pkwy,member,11145,41.932588,-87.636427
End,DuSable Lake Shore Dr & Jackson Blvd,casual,1609,41.87831,-87.61695000000002
End,DuSable Lake Shore Dr & Jackson Blvd,member,494,41.87831,-87.61695
End,DuSable Lake Shore Dr & Monroe St,casual,27287,41.880958,-87.616743
End,DuSable Lake Shore Dr & Monroe St,member,8991,41.88095801794795,-87.61674300116327
End,DuSable Lake Shore Dr & North Blvd,casual,19629,41.911722,-87.626804
End,DuSable Lake Shore Dr & North Blvd,member,14160,41.91172200402867,-87.62680400309767
End,DuSable Lake Shore Dr & Wellington Ave,casual,5751,41.9366884494997,-87.63682901859283
End,DuSable Lake Shore Dr & Wellington Ave,member,8424,41.9366884494997,-87.63682901859283
End,DuSable Museum,casual,233,41.79156801058,-87.60785217739999
End,DuSable Museum,member,430,41.79156801058,-87.6078521774
End,Dusable Harbor,casual,12079,41.886976,-87.61281299999999
End,Dusable Harbor,member,6913,41.88697599999999,-87.612813
End,ETHS Main Campus,casual,13,42.04413799999999,-87.698823
End,ETHS Main Campus,member,14,42.044138,-87.69882300000002
End,East End Ave & 87th St,casual,37,41.73681521440671,-87.58280128240585
End,East End Ave & 87th St,member,24,41.73681521440671,-87.58280128240585
End,Eastlake Ter & Howard St,casual,446,42.01920250193227,-87.66430288553238
End,Eastlake Ter & Howard St,member,878,42.01920250193227,-87.66430288553238
End,Eberhart Ave & 131st St,casual,8,41.658413151101065,-87.61071089698817
End,Eberhart Ave & 131st St,member,4,41.658413151101065,-87.61071089698817
End,Eberhart Ave & 61st St,casual,260,41.784071072761,-87.61448353528975
End,Eberhart Ave & 61st St,member,158,41.784071072761,-87.61448353528975
End,Eberhart Ave & 91st St,casual,34,41.729285157254864,-87.6110315322876
End,Eberhart Ave & 91st St,member,6,41.729285157254864,-87.6110315322876
End,Eckhart Park,casual,2068,41.89637337,-87.66098386
End,Eckhart Park,member,5234,41.89637337,-87.66098386
End,Eddy/Seminary Corral,casual,1308,41.9461279,-87.6566721
End,Eddy/Seminary Corral,member,966,41.9461279,-87.65667210000001
End,Edgebrook Metra,casual,111,41.99751,-87.76538999999998
End,Edgebrook Metra,member,241,41.99751,-87.76539
End,Eggleston Ave & 111th St,casual,58,41.69254,-87.63374000000002
End,Eggleston Ave & 111th St,member,2,41.69254,-87.63374
End,Eggleston Ave & 115th St,casual,35,41.68507,-87.63361
End,Eggleston Ave & 69th St,casual,52,41.768898,-87.635876
End,Eggleston Ave & 69th St,member,7,41.768898,-87.63587599999998
End,Eggleston Ave & 92nd St,casual,10,41.727575659299575,-87.63482809066771
End,Eggleston Ave & 92nd St,member,3,41.727575659299575,-87.63482809066771
End,Elizabeth St & 47th St,casual,53,41.808389999999996,-87.656526
End,Elizabeth St & 47th St,member,44,41.80839,-87.656526
End,Elizabeth St & 92nd St,casual,24,41.72679896370119,-87.65429019927979
End,Elizabeth St & 92nd St,member,6,41.72679896370119,-87.65429019927979
End,Elizabeth St & Fulton St,casual,1843,41.88672,-87.65957
End,Elizabeth St & Fulton St,member,5768,41.88672,-87.65957
End,Elizabeth St & Randolph St,casual,2811,41.884336,-87.658902
End,Elizabeth St & Randolph St,member,6932,41.884336,-87.658902
End,Ellis Ave & 53rd St,casual,1305,41.79933626261,-87.6009581145
End,Ellis Ave & 53rd St,member,5018,41.79933626261,-87.6009581145
End,Ellis Ave & 55th St,casual,4106,41.79430062054,-87.60144977339999
End,Ellis Ave & 55th St,member,13289,41.79430062054,-87.6014497734
End,Ellis Ave & 58th St,casual,1720,41.788746,-87.601334
End,Ellis Ave & 58th St,member,6200,41.788746174353065,-87.60133399249742
End,Ellis Ave & 60th St,casual,4030,41.78509714636,-87.6010727606
End,Ellis Ave & 60th St,member,11970,41.78509714636,-87.6010727606
End,Ellis Ave & 83rd St,casual,60,41.74412300000001,-87.59903400000002
End,Ellis Ave & 83rd St,member,17,41.744123,-87.599034
End,Elmwood Ave & Austin St,casual,361,42.025784,-87.684107
End,Elmwood Ave & Austin St,member,637,42.025784,-87.684107
End,Elston Ave & Carmen Ave,casual,93,41.97354,-87.74955
End,Elston Ave & Carmen Ave,member,235,41.97354,-87.74955
End,Elston Ave & Cortland St,casual,3231,41.91643342912655,-87.66674637794495
End,Elston Ave & Cortland St,member,7819,41.916433433063226,-87.66674638039962
End,Elston Ave & George St,casual,695,41.934003,-87.690823
End,Elston Ave & George St,member,1289,41.934003,-87.690823
End,Elston Ave & Henderson St,casual,472,41.94152410381356,-87.70093405296612
End,Elston Ave & Henderson St,member,681,41.94152965837739,-87.70093435193392
End,Elston Ave & Wabansia Ave,casual,871,41.912919,-87.664169
End,Elston Ave & Wabansia Ave,member,1812,41.912919,-87.664169
End,Emerald Ave & 28th St,casual,393,41.84358000000001,-87.645368
End,Emerald Ave & 28th St,member,1195,41.84358,-87.645368
End,Emerald Ave & 31st St,casual,1055,41.83819798729384,-87.64514296285498
End,Emerald Ave & 31st St,member,2839,41.838198,-87.645143
End,Evans Ave & 75th St,casual,20,41.75849,-87.60641
End,Evans Ave & 75th St,member,88,41.75849,-87.60641
End,Evanston Civic Center,casual,662,42.05705051963746,-87.68654834441087
End,Evanston Civic Center,member,811,42.057047889025895,-87.68655062638717
End,Ewing Ave & 106th St,casual,42,41.70266,-87.53564
End,Ewing Ave & 106th St,member,47,41.70266,-87.53564
End,Ewing Ave & 97th St,casual,37,41.71982,-87.53542000000002
End,Ewing Ave & 97th St,member,12,41.71982,-87.53542
End,Ewing Ave & 98th St,casual,37,41.71781,-87.53504
End,Ewing Ave & 98th St,member,34,41.71781,-87.53504
End,Ewing Ave & Burnham Greenway,casual,40,41.70999,-87.5355
End,Ewing Ave & Burnham Greenway,member,5,41.70998999999999,-87.5355
End,Exchange Ave & 79th St,casual,82,41.75211500633265,-87.55200700025293
End,Exchange Ave & 79th St,member,58,41.75211500633265,-87.55200700025293
End,Fairbanks Ct & Grand Ave,casual,5256,41.89184737210993,-87.62058019638062
End,Fairbanks Ct & Grand Ave,member,8607,41.89184737210993,-87.62058019638062
End,Fairbanks St & Superior St,casual,1846,41.895748,-87.620104
End,Fairbanks St & Superior St,member,4483,41.895748,-87.620104
End,Fairfield Ave & 44th St,casual,170,41.813617,-87.6932272
End,Fairfield Ave & 44th St,member,52,41.813616999999994,-87.6932272
End,Fairfield Ave & Pratt Blvd,casual,137,42.0044482,-87.6985973
End,Fairfield Ave & Pratt Blvd,member,358,42.0044482,-87.6985973
End,Fairfield Ave & Roosevelt Rd,casual,120,41.866624,-87.694521
End,Fairfield Ave & Roosevelt Rd,member,295,41.866624,-87.694521
End,Farragut Ave & Central Ave,casual,86,41.97666,-87.76822999999999
End,Farragut Ave & Central Ave,member,164,41.97666,-87.76823
End,Federal St & Polk St,casual,4411,41.87207763285,-87.6295437729
End,Federal St & Polk St,member,12228,41.87207763285,-87.6295437729
End,Field Blvd & South Water St,casual,5138,41.88634906269,-87.6175165471
End,Field Blvd & South Water St,member,8132,41.88634906269001,-87.6175165471
End,Field Museum,casual,7445,41.86531200073392,-87.6178670201581
End,Field Museum,member,2640,41.865312,-87.617867
End,Financial Pl & Ida B Wells Dr,casual,2837,41.8750236280333,-87.6330940425396
End,Financial Pl & Ida B Wells Dr,member,6612,41.87502362541533,-87.63309405004419
End,Fort Dearborn Dr & 31st St,casual,939,41.838556000000004,-87.608218
End,Fort Dearborn Dr & 31st St,member,594,41.838556,-87.608218
End,Fort Dearborn Dr & 31st St*,casual,2374,41.83867632897121,-87.60883212089539
End,Fort Dearborn Dr & 31st St*,member,1432,41.83867632897121,-87.60883212089539
End,Foster CTA,casual,104,42.053903,-87.683677
End,Foster CTA,member,95,42.053903,-87.683677
End,Francisco Ave & 47th St,casual,92,41.80849,-87.69673
End,Francisco Ave & 47th St,member,52,41.80849,-87.69673000000002
End,Francisco Ave & 85th St,casual,59,41.738902,-87.69551800000002
End,Francisco Ave & 85th St,member,1,41.738902,-87.695518
End,Francisco Ave & Bloomingdale Ave,casual,677,41.91396,-87.6994
End,Francisco Ave & Bloomingdale Ave,member,918,41.91396,-87.6994
End,Francisco Ave & Chicago Ave,casual,1124,41.895745,-87.698653
End,Francisco Ave & Chicago Ave,member,1651,41.895745,-87.698653
End,Francisco Ave & Foster Ave,casual,509,41.97563272521,-87.7014194389
End,Francisco Ave & Foster Ave,member,1991,41.97563272521,-87.70141943890002
End,Francisco Ave & Hollywood Ave,casual,98,41.984510612244904,-87.70157586734695
End,Francisco Ave & Hollywood Ave,member,112,41.98448078571429,-87.70157369642857
End,Francisco Ave & Montrose Ave,casual,576,41.96105514010417,-87.70093153993055
End,Francisco Ave & Montrose Ave,member,1074,41.96105523156425,-87.70093188733706
End,Franklin St & Adams St ,casual,2683,41.87943409140013,-87.63550400733948
End,Franklin St & Adams St ,member,6762,41.87943409140013,-87.63550400733948
End,Franklin St & Adams St Corral,casual,198,41.879419999999996,-87.63558
End,Franklin St & Adams St Corral,member,721,41.87942,-87.63558
End,Franklin St & Chicago Ave,casual,2981,41.89679,-87.63564
End,Franklin St & Chicago Ave,member,8921,41.896789999999996,-87.63564
End,Franklin St & Illinois St,casual,2848,41.89102329797649,-87.63547989832792
End,Franklin St & Illinois St,member,7676,41.89102331025185,-87.63547986745834
End,Franklin St & Jackson Blvd,casual,4262,41.8777079559,-87.6353211408
End,Franklin St & Jackson Blvd,member,12314,41.8777079559,-87.6353211408
End,Franklin St & Lake St,casual,2833,41.885836999999995,-87.6355
End,Franklin St & Lake St,member,9754,41.885837,-87.6355
End,Franklin St & Madison St,casual,488,41.88139,-87.63542
End,Franklin St & Madison St,member,1744,41.88139,-87.63541999999998
End,Franklin St & Monroe St,casual,3060,41.880317,-87.635185
End,Franklin St & Monroe St,member,14339,41.88031699999999,-87.63518499999999
End,Franklin St & Randolph St,casual,435,41.88439,-87.63517
End,Franklin St & Randolph St,member,1058,41.88439,-87.63517
End,Franklin St & Washington St,casual,1734,41.88318,-87.63511
End,Franklin St & Washington St,member,6800,41.88318,-87.63511
End,Front Ave & 115th St,casual,51,41.68576999999999,-87.61248
End,Front Ave & 115th St,member,35,41.68577,-87.61248
End,Fullerton & Monitor,casual,5,41.9237918,-87.7723116
End,Fullerton & Monitor,member,2,41.9237918,-87.7723116
End,Fulton Market,casual,4289,41.886871,-87.648089
End,Fulton Market,member,9293,41.886871,-87.648089
End,Glenwood Ave & Devon Ave,casual,382,41.99791,-87.66545
End,Glenwood Ave & Devon Ave,member,479,41.99791,-87.66545
End,Glenwood Ave & Morse Ave,casual,989,42.00797192286999,-87.6655023944
End,Glenwood Ave & Morse Ave,member,3719,42.00797192287,-87.6655023944
End,Glenwood Ave & Touhy Ave,casual,517,42.01270100000001,-87.666058
End,Glenwood Ave & Touhy Ave,member,1119,42.012701,-87.666058
End,Grace St & Central Ave,casual,109,41.9495327,-87.7672648
End,Grace St & Central Ave,member,71,41.9495327,-87.7672648
End,Grace St & Cicero Ave,casual,178,41.94973,-87.74695
End,Grace St & Cicero Ave,member,113,41.949729999999995,-87.74695000000001
End,Grace/Sheffield Corral,casual,379,41.9511586,-87.6546115
End,Grace/Sheffield Corral,member,646,41.9511586,-87.6546115
End,Granville Ave & Clark St,casual,572,41.9944,-87.66983
End,Granville Ave & Clark St,member,1263,41.9944,-87.66983
End,Granville Ave & Pulaski Rd,casual,31,41.9924402,-87.7289072
End,Granville Ave & Pulaski Rd,member,57,41.9924402,-87.72890720000001
End,Green St & 86th St,casual,5,41.73784847673341,-87.64489978551863
End,Green St & 86th St,member,12,41.73784847673341,-87.64489978551863
End,Green St & Chicago Ave,casual,1783,41.89363065283231,-87.65059158945598
End,Green St & Chicago Ave,member,4102,41.89362832179424,-87.65059300975135
End,Green St & Lake St ,casual,3122,41.88558,-87.64841
End,Green St & Lake St ,member,5095,41.88558,-87.64841
End,Green St & Madison St,casual,4605,41.88185932803823,-87.64926373958588
End,Green St & Madison St,member,12558,41.88185932803823,-87.64926373958588
End,Green St & Randolph St,casual,1998,41.88360165727517,-87.64862671494483
End,Green St & Randolph St,member,3295,41.883601657275165,-87.64862671494483
End,Green St & Randolph St*,casual,932,41.883601657275165,-87.64862671494483
End,Green St & Randolph St*,member,2058,41.88360146728572,-87.64862675964845
End,Green St & Washington Blvd,casual,2254,41.88318130597391,-87.64872461557388
End,Green St & Washington Blvd,member,4039,41.88318130559709,-87.6487246177728
End,Greenview Ave & Diversey Pkwy,casual,613,41.93259491459528,-87.6657512739255
End,Greenview Ave & Diversey Pkwy,member,1424,41.93259516867895,-87.6657423681735
End,Greenview Ave & Fullerton Ave,casual,2385,41.92533,-87.6658
End,Greenview Ave & Fullerton Ave,member,5296,41.92533,-87.6658
End,Greenview Ave & Jarvis Ave,casual,899,42.015962,-87.66857000000002
End,Greenview Ave & Jarvis Ave,member,2133,42.015962,-87.66857
End,Greenwood Ave & 47th St,casual,458,41.809835,-87.599383
End,Greenwood Ave & 47th St,member,1294,41.80983500000001,-87.599383
End,Greenwood Ave & 79th St,casual,46,41.75129,-87.5976
End,Greenwood Ave & 79th St,member,18,41.75129,-87.5976
End,Greenwood Ave & 91st St,casual,22,41.728264268162725,-87.59729862213135
End,Greenwood Ave & 91st St,member,17,41.728264268162725,-87.59729862213135
End,Greenwood Ave & 97th St,casual,54,41.71870315475741,-87.59703576564789
End,Greenwood Ave & 97th St,member,7,41.71870315475741,-87.59703576564789
End,Griffin Museum of Science and Industry,casual,3055,41.79172820953,-87.583945009
End,Griffin Museum of Science and Industry,member,2252,41.79172820953,-87.583945009
End,Hale Ave & 107th St,casual,88,41.69920616812768,-87.66891896724701
End,Hale Ave & 107th St,member,45,41.69920616812768,-87.66891896724701
End,Halsted St & 104th St,casual,51,41.70513978893236,-87.6424241065979
End,Halsted St & 104th St,member,67,41.70513978893236,-87.6424241065979
End,Halsted St & 111th St,casual,33,41.69226255589166,-87.64261186122894
End,Halsted St & 111th St,member,12,41.69226255589166,-87.64261186122894
End,Halsted St & 119th St,casual,40,41.67764,-87.64174
End,Halsted St & 119th St,member,5,41.67764,-87.64174
End,Halsted St & 123rd St,casual,21,41.67096,-87.64154
End,Halsted St & 123rd St,member,1,41.67096,-87.64154
End,Halsted St & 18th St,casual,1361,41.85750568031716,-87.64599144458771
End,Halsted St & 18th St,member,2719,41.85750568031716,-87.64599144458771
End,Halsted St & 21st St,casual,835,41.85377981072743,-87.6466029882431
End,Halsted St & 21st St,member,1581,41.85377981072743,-87.6466029882431
End,Halsted St & 35th St,casual,944,41.83066105385805,-87.64717188985594
End,Halsted St & 35th St,member,2135,41.830661,-87.647172
End,Halsted St & 37th St,casual,265,41.82705899999999,-87.64572
End,Halsted St & 37th St,member,558,41.827059,-87.64572
End,Halsted St & 47th Pl,casual,88,41.80813391481,-87.6456165545
End,Halsted St & 47th Pl,member,134,41.80813391481,-87.6456165545
End,Halsted St & 51st St,casual,156,41.80183164049,-87.645213904
End,Halsted St & 51st St,member,181,41.80183164049,-87.645213904
End,Halsted St & 56th St,casual,34,41.79292964599,-87.6449900565
End,Halsted St & 56th St,member,26,41.79292964598999,-87.6449900565
End,Halsted St & 59th St,casual,71,41.787539,-87.644874
End,Halsted St & 59th St,member,24,41.787539,-87.644874
End,Halsted St & 63rd St,casual,71,41.77938114228,-87.6446208145
End,Halsted St & 63rd St,member,83,41.77938114228,-87.6446208145
End,Halsted St & 69th St,casual,102,41.76906172032,-87.64461357789999
End,Halsted St & 69th St,member,24,41.76906172032,-87.64461357789999
End,Halsted St & 73rd St,casual,85,41.76160543804394,-87.64416097666071
End,Halsted St & 73rd St,member,23,41.76160543804394,-87.64416097666071
End,Halsted St & 78th St,casual,29,41.75248701249013,-87.6439021574879
End,Halsted St & 78th St,member,22,41.75248701249013,-87.6439021574879
End,Halsted St & 83rd St,casual,22,41.74307,-87.6437
End,Halsted St & 83rd St,member,20,41.74307,-87.6437
End,Halsted St & 93rd St,casual,46,41.72489,-87.64358
End,Halsted St & 93rd St,member,4,41.72489,-87.64358
End,Halsted St & 96th St,casual,34,41.71971218361882,-87.6430195569992
End,Halsted St & 96th St,member,209,41.71971218361882,-87.6430195569992
End,Halsted St & Archer Ave,casual,1025,41.847203,-87.64679500000001
End,Halsted St & Archer Ave,member,1485,41.847203,-87.646795
End,Halsted St & Armitage Ave,casual,4078,41.91823,-87.64879
End,Halsted St & Armitage Ave,member,6473,41.91823,-87.64879
End,Halsted St & Belden St,casual,2339,41.92365,-87.64894
End,Halsted St & Belden St,member,3940,41.92365,-87.64894
End,Halsted St & Clybourn Ave,casual,5366,41.909668,-87.648128
End,Halsted St & Clybourn Ave,member,13574,41.909668,-87.64812800000001
End,Halsted St & Court Pl,casual,968,41.883700000000005,-87.64722
End,Halsted St & Court Pl,member,1210,41.8837,-87.64722
End,Halsted St & Dickens Ave,casual,3024,41.919936,-87.64883
End,Halsted St & Dickens Ave,member,6175,41.919936,-87.64883
End,Halsted St & Fulton St,casual,1857,41.88673569359182,-87.64737304092623
End,Halsted St & Fulton St,member,4074,41.88673212002945,-87.64735413181148
End,Halsted St & Lake St,casual,1848,41.88576,-87.64711
End,Halsted St & Lake St,member,2759,41.88576,-87.64711
End,Halsted St & Maxwell St,casual,2569,41.864883,-87.647071
End,Halsted St & Maxwell St,member,4874,41.864883,-87.647071
End,Halsted St & Melrose St,casual,971,41.94112,-87.64907
End,Halsted St & Melrose St,member,3101,41.94112,-87.64907000000001
End,Halsted St & North Branch St,casual,108,41.8996502220532,-87.6490438169988
End,Halsted St & North Branch St,member,248,41.89973459662084,-87.64920576139004
End,Halsted St & Polk St,casual,1965,41.87184,-87.64664
End,Halsted St & Polk St,member,7348,41.871840000000006,-87.64664
End,Halsted St & Roosevelt Rd,casual,1236,41.867324,-87.648625
End,Halsted St & Roosevelt Rd,member,3974,41.867324,-87.64862500000001
End,Halsted St & Roscoe St,casual,4892,41.94367,-87.64895
End,Halsted St & Roscoe St,member,9530,41.94367,-87.64895
End,Halsted St & Willow St,casual,2446,41.913865,-87.648755
End,Halsted St & Willow St,member,6478,41.913865,-87.648755
End,Halsted St & Wrightwood Ave,casual,4269,41.929143,-87.649077
End,Halsted St & Wrightwood Ave,member,9427,41.929143,-87.649077
End,Hamilton Park,casual,33,41.76252,-87.63734
End,Hamilton Park,member,5,41.76252,-87.63734
End,Hamlin Ave & 62nd Pl,casual,67,41.77989229850747,-87.71782787761195
End,Hamlin Ave & 62nd Pl,member,7,41.77989371428571,-87.71782774285715
End,Hamlin Ave & Grand Ave,casual,97,41.90403164948454,-87.72156098969073
End,Hamlin Ave & Grand Ave,member,59,41.90403211864407,-87.72156127118645
End,Hampden Ct & Diversey Pkwy,casual,3586,41.93247,-87.64242000000002
End,Hampden Ct & Diversey Pkwy,member,8215,41.93247,-87.64241999999999
End,Harbert Park,casual,20,42.033803,-87.708814
End,Harbert Park,member,16,42.033803,-87.708814
End,Harding Ave & 26th St,casual,80,41.844218,-87.723347
End,Harding Ave & 26th St,member,68,41.844218,-87.723347
End,Harding Ave & 31st St,casual,14,41.83672,-87.72303
End,Harding Ave & 31st St,member,10,41.83672,-87.72303
End,Harding Ave & Chicago Ave,casual,77,41.895313,-87.724738
End,Harding Ave & Chicago Ave,member,58,41.895313,-87.724738
End,Harding Ave & Division St,casual,80,41.9023453,-87.7250744
End,Harding Ave & Division St,member,60,41.9023453,-87.7250744
End,Harlem Ave & Bloomingdale Ave,casual,65,41.91203,-87.80577
End,Harlem Ave & Bloomingdale Ave,member,84,41.91203,-87.80577000000001
End,Harlem Ave & Grace St,casual,20,41.94894,-87.80683
End,Harlem Ave & Grace St,member,46,41.94894,-87.80683
End,Harlem Ave & Irving Park Rd,casual,104,41.95326,-87.80713999999999
End,Harlem Ave & Irving Park Rd,member,133,41.95326,-87.80714
End,Harlem Ave & Roscoe St,casual,18,41.94159,-87.8072
End,Harlem Ave & Roscoe St,member,9,41.94159,-87.80720000000001
End,Harper Ave & 55th St,casual,2006,41.7953,-87.58833
End,Harper Ave & 55th St,member,4648,41.7953,-87.58833
End,Harper Ave & 59th St,casual,917,41.78794281287,-87.58831517020002
End,Harper Ave & 59th St,member,1818,41.78794281287,-87.5883151702
End,Hastings LWS,casual,12,41.8635164,-87.6797485
End,Hastings LWS,member,99,41.8635164,-87.6797485
End,Hastings St Depot LWS,casual,4,41.8635164,-87.6797485
End,Hastings St Depot LWS,member,91,41.8635164,-87.6797485
End,Hastings St Depot Pillar,member,2,41.863605,-87.679764
End,Hastings St Depot Public Rack,casual,50,41.8635164,-87.6797485
End,Hastings St Depot Public Rack,member,148,41.8635164,-87.6797485
End,Hastings Test Station,member,1,41.863869,-87.680242
End,Hegewisch Metra Station,casual,39,41.648500762664085,-87.54608988761902
End,Hegewisch Metra Station,member,8,41.64850076266409,-87.54608988761902
End,Hermitage Ave & Polk St,casual,957,41.871514,-87.669886
End,Hermitage Ave & Polk St,member,4227,41.871514,-87.669886
End,Higgins Ave & Austin Ave,casual,75,41.97342,-87.77865
End,Higgins Ave & Austin Ave,member,123,41.97342,-87.77864999999998
End,Homan Ave & 26th St,casual,122,41.84425,-87.70983
End,Homan Ave & 26th St,member,38,41.84425,-87.70983
End,Homan Ave & 65th St,casual,17,41.77518188235294,-87.70811335294117
End,Homan Ave & 65th St,member,2,41.775166999999996,-87.70811950000001
End,Homan Ave & 77th St,casual,36,41.75367073333334,-87.70752831111112
End,Homan Ave & Arthington Ave,casual,41,41.86963,-87.71055
End,Homan Ave & Arthington Ave,member,18,41.86963,-87.71055
End,Homan Ave & Fillmore St,casual,14,41.868111428571424,-87.71087703571428
End,Homan Ave & Fillmore St,member,62,41.86811322580645,-87.7109110483871
End,Homewood Ave & 115th St,casual,34,41.68459507202618,-87.67070800065994
End,Homewood Ave & 115th St,member,3,41.68459507202618,-87.67070800065994
End,Honore St & 71st St,casual,1,41.76498,-87.66983
End,Honore St & Division St,casual,3145,41.903119,-87.67393499999999
End,Honore St & Division St,member,6778,41.903119,-87.673935
End,Houston Ave & 92nd St,casual,56,41.72820421535797,-87.54970014095306
End,Houston Ave & 92nd St,member,36,41.72820421535798,-87.54970014095306
End,Hoyne Ave & 34th St,casual,123,41.83202450000001,-87.6778387
End,Hoyne Ave & 34th St,member,222,41.8320245,-87.6778387
End,Hoyne Ave & 47th St,casual,217,41.808227,-87.67718
End,Hoyne Ave & 47th St,member,280,41.808227,-87.67718
End,Hoyne Ave & Balmoral Ave,casual,679,41.979851,-87.681932
End,Hoyne Ave & Balmoral Ave,member,1480,41.979851,-87.681932
End,Hubbard St Depot,casual,6,41.8897772,-87.68035100000002
End,Hubbard St Depot,member,55,41.889777200000005,-87.680351
End,Hubbard St Depot Public Rack,casual,15,41.8897772,-87.680351
End,Hubbard St Depot Public Rack,member,92,41.8897772,-87.68035100000002
End,Hudson Ave & Armitage Ave,casual,2564,41.91818,-87.64
End,Hudson Ave & Armitage Ave,member,4835,41.91818,-87.64
End,Humboldt Blvd & Armitage Ave,casual,2052,41.91751339399,-87.7018089555
End,Humboldt Blvd & Armitage Ave,member,2922,41.91751339399,-87.7018089555
End,Hyacinth Ave & Milwaukee Ave,casual,58,41.99282,-87.78377
End,Hyacinth Ave & Milwaukee Ave,member,218,41.99282,-87.78377
End,Indiana Ave & 103rd St,casual,17,41.70717027117756,-87.6184719800949
End,Indiana Ave & 103rd St,member,61,41.70717027117756,-87.6184719800949
End,Indiana Ave & 133rd St,casual,11,41.6538,-87.61719
End,Indiana Ave & 133rd St,member,5,41.653800000000004,-87.61719
End,Indiana Ave & 133rd St Public Rack,casual,2,41.653564,-87.617054
End,Indiana Ave & 26th St,casual,970,41.845687,-87.62248099999998
End,Indiana Ave & 26th St,member,1820,41.845687,-87.622481
End,Indiana Ave & 31st St,casual,660,41.838842,-87.621857
End,Indiana Ave & 31st St,member,811,41.83884200000001,-87.621857
End,Indiana Ave & 40th St,casual,246,41.82168,-87.6216
End,Indiana Ave & 40th St,member,222,41.82168,-87.6216
End,Indiana Ave & Roosevelt Rd,casual,7557,41.867888,-87.623041
End,Indiana Ave & Roosevelt Rd,member,10664,41.86788800665763,-87.62304101040257
End,Inner Lake Shore Dr & Aldine Ave,casual,2799,41.94232,-87.63989
End,Inner Lake Shore Dr & Aldine Ave,member,2866,41.942319999999995,-87.63989
End,Jefferson St & Monroe St,casual,1787,41.880329633634624,-87.64274597167967
End,Jefferson St & Monroe St,member,4393,41.880329633634624,-87.64274597167967
End,Jeffery Blvd & 67th St,casual,260,41.77351755125,-87.5771428255
End,Jeffery Blvd & 67th St,member,222,41.77351755125,-87.5771428255
End,Jeffery Blvd & 71st St,casual,144,41.76663823695,-87.5764501141
End,Jeffery Blvd & 71st St,member,275,41.76663823695,-87.57645011410001
End,Jeffery Blvd & 76th St,casual,67,41.75712006802001,-87.5758393587
End,Jeffery Blvd & 76th St,member,44,41.75712006802,-87.5758393587
End,Karlov Ave & Armitage Ave,casual,322,41.91748,-87.728952
End,Karlov Ave & Armitage Ave,member,780,41.91748,-87.728952
End,Karlov Ave & Fillmore St,casual,15,41.86815,-87.7276
End,Karlov Ave & Fillmore St,member,9,41.86815,-87.7276
End,Karlov Ave & Lawrence Ave,casual,183,41.967947,-87.730409
End,Karlov Ave & Lawrence Ave,member,328,41.967947,-87.730409
End,Karlov Ave & Madison St,casual,31,41.88085,-87.727907
End,Karlov Ave & Madison St,member,21,41.88085,-87.727907
End,Kedvale Ave & Peterson Ave,casual,40,41.9900762,-87.7317073
End,Kedvale Ave & Peterson Ave,member,113,41.9900762,-87.7317073
End,Kedzie Ave & 104th St,casual,18,41.70380788888889,-87.70136977777777
End,Kedzie Ave & 110th St,casual,24,41.69239474587557,-87.70096063613892
End,Kedzie Ave & 110th St,member,5,41.69239474587557,-87.70096063613892
End,Kedzie Ave & 21st St,casual,269,41.85353363213,-87.7050730318
End,Kedzie Ave & 21st St,member,361,41.85353363213,-87.7050730318
End,Kedzie Ave & 24th St,casual,135,41.848193,-87.705412
End,Kedzie Ave & 24th St,member,128,41.848193,-87.705412
End,Kedzie Ave & 38th Pl,casual,81,41.8235109,-87.7041017
End,Kedzie Ave & 38th Pl,member,13,41.82351090000001,-87.7041017
End,Kedzie Ave & 45th St,casual,29,41.81139005517242,-87.70400071724137
End,Kedzie Ave & 45th St,member,14,41.811390057142866,-87.70400074285713
End,Kedzie Ave & 48th Pl,casual,432,41.8047581237684,-87.70421936879356
End,Kedzie Ave & 48th Pl,member,262,41.8047581237684,-87.70421936879356
End,Kedzie Ave & 52nd St,casual,55,41.79906,-87.70342
End,Kedzie Ave & 52nd St,member,8,41.79906,-87.70342
End,Kedzie Ave & 54th Pl,casual,119,41.79434168907563,-87.70346671428571
End,Kedzie Ave & 54th Pl,member,43,41.794357,-87.703467
End,Kedzie Ave & 57th St,casual,213,41.78983,-87.7031
End,Kedzie Ave & 57th St,member,155,41.78983,-87.7031
End,Kedzie Ave & 60th St,casual,94,41.78458,-87.70319
End,Kedzie Ave & 60th St,member,183,41.78458,-87.70319
End,Kedzie Ave & 66th Pl,casual,32,41.772584,-87.703007
End,Kedzie Ave & 66th Pl,member,23,41.772584,-87.703007
End,Kedzie Ave & 73rd St,casual,25,41.76070300000001,-87.702292
End,Kedzie Ave & 73rd St,member,16,41.760703,-87.702292
End,Kedzie Ave & 83rd St,casual,73,41.742523,-87.702279
End,Kedzie Ave & 83rd St,member,7,41.742523,-87.702279
End,Kedzie Ave & Archer Ave,casual,82,41.81447,-87.70411
End,Kedzie Ave & Archer Ave,member,61,41.81447,-87.70411
End,Kedzie Ave & Armitage Ave,casual,1211,41.91759,-87.70685
End,Kedzie Ave & Armitage Ave,member,2325,41.91759,-87.70684999999999
End,Kedzie Ave & Bryn Mawr Ave,casual,235,41.98222975911517,-87.70888656377792
End,Kedzie Ave & Bryn Mawr Ave,member,615,41.98222983598816,-87.7088866010921
End,Kedzie Ave & Chicago Ave,casual,244,41.89546530305,-87.7061278837
End,Kedzie Ave & Chicago Ave,member,417,41.89546530305,-87.7061278837
End,Kedzie Ave & Foster Ave,casual,357,41.975672,-87.709261
End,Kedzie Ave & Foster Ave,member,663,41.975672,-87.709261
End,Kedzie Ave & George St,casual,736,41.933886,-87.707262
End,Kedzie Ave & George St,member,1324,41.933886,-87.707262
End,Kedzie Ave & Harrison St,casual,60,41.873599674619996,-87.7048707493
End,Kedzie Ave & Harrison St,member,88,41.87359967462,-87.7048707493
End,Kedzie Ave & Jackson Blvd,casual,73,41.877161,-87.706134
End,Kedzie Ave & Jackson Blvd,member,82,41.877161,-87.706134
End,Kedzie Ave & Lake St,casual,283,41.88460328501,-87.7063037436
End,Kedzie Ave & Lake St,member,277,41.88460328501,-87.7063037436
End,Kedzie Ave & Leland Ave,casual,756,41.96668636205,-87.7080519806
End,Kedzie Ave & Leland Ave,member,1373,41.96668636205,-87.7080519806
End,Kedzie Ave & Milwaukee Ave,casual,3902,41.92956518472578,-87.70799706755511
End,Kedzie Ave & Milwaukee Ave,member,6698,41.929561934368465,-87.70799725661392
End,Kedzie Ave & Palmer Ct,casual,1248,41.921525,-87.707322
End,Kedzie Ave & Palmer Ct,member,2569,41.921525,-87.707322
End,Kedzie Ave & Redfield Dr,casual,37,41.76523,-87.70315999999998
End,Kedzie Ave & Redfield Dr,member,35,41.76523,-87.70316
End,Kedzie Ave & Roosevelt Rd,casual,50,41.86649278172,-87.7064961757
End,Kedzie Ave & Roosevelt Rd,member,44,41.86649278172,-87.7064961757
End,Keeler Ave & Carmen Ave,casual,171,41.974323,-87.7331
End,Keeler Ave & Carmen Ave,member,221,41.974323,-87.73310000000001
End,Keeler Ave & Roosevelt Rd,casual,75,41.86640122666666,-87.73001435466666
End,Keeler Ave & Roosevelt Rd,member,10,41.866400799999994,-87.73001284
End,Kenmore Ave & Catalpa Ave,casual,265,41.98203,-87.65653
End,Kenmore Ave & Catalpa Ave,member,665,41.98203,-87.65652999999999
End,Kenmore Ave & School St,casual,59,41.941660000000006,-87.6556
End,Kenmore Ave & School St,member,160,41.94166,-87.6556
End,Kenneth Ave & 50th St,casual,62,41.80231171612903,-87.7344043516129
End,Kenneth Ave & 50th St,member,19,41.8023135368421,-87.73440896842105
End,Kenneth Ave & Lawrence Ave,casual,143,41.967855125874124,-87.73998083916084
End,Kenneth Ave & Lawrence Ave,member,401,41.96788701995012,-87.7399816234414
End,Kenosha Ave & Wellington Ave,casual,140,41.934457,-87.733795
End,Kenosha Ave & Wellington Ave,member,264,41.934457,-87.733795
End,Kenton Ave & Madison St,casual,19,41.88042,-87.74108
End,Kenton Ave & Madison St,member,24,41.88042,-87.74108
End,Kenwood Ave & 57th St,casual,569,41.79156476274165,-87.59286806678384
End,Kenwood Ave & 57th St,member,2136,41.79155823970037,-87.59288937265917
End,Keystone Ave & Fullerton Ave,casual,463,41.92459,-87.72785
End,Keystone Ave & Fullerton Ave,member,903,41.92459,-87.72785
End,Keystone Ave & Montrose Ave,casual,309,41.96110801623,-87.7289701012
End,Keystone Ave & Montrose Ave,member,704,41.96110801623,-87.7289701012
End,Kilbourn Ave & 49th St,casual,66,41.80385,-87.73566
End,Kilbourn Ave & 49th St,member,3,41.80385,-87.73566
End,Kilbourn Ave & Belden Ave,casual,188,41.922369,-87.739024
End,Kilbourn Ave & Belden Ave,member,350,41.922369,-87.739024
End,Kilbourn Ave & Diversey Ave,casual,174,41.93179,-87.73934
End,Kilbourn Ave & Diversey Ave,member,182,41.93179,-87.73934
End,Kilbourn Ave & Irving Park Rd,casual,149,41.953733,-87.740569
End,Kilbourn Ave & Irving Park Rd,member,487,41.953733,-87.740569
End,Kilbourn Ave & Milwaukee Ave,casual,270,41.94890291549094,-87.74003509816642
End,Kilbourn Ave & Milwaukee Ave,member,442,41.94887320300954,-87.74003466248809
End,Kilbourn Ave & Roscoe St,casual,208,41.942722,-87.739557
End,Kilbourn Ave & Roscoe St,member,231,41.942722,-87.739557
End,Kildare & Cermak,casual,14,41.851414,-87.73215
End,Kildare & Cermak,member,8,41.851414,-87.73215
End,Kildare Ave & 26th St,casual,51,41.844404631159804,-87.7326102455017
End,Kildare Ave & 26th St,member,43,41.84440950252327,-87.73261040827693
End,Kildare Ave & 47th St,casual,43,41.80762,-87.73084
End,Kildare Ave & 47th St,member,11,41.80762,-87.73084
End,Kildare Ave & 55th St,casual,40,41.79332,-87.73059
End,Kildare Ave & 55th St,member,16,41.79332,-87.73059
End,Kildare Ave & 85th St,casual,3,41.734929,-87.73118700000002
End,Kildare Ave & 85th St (Kostner Ave & 87th St TEMPORARY),casual,9,41.734929,-87.73118700000002
End,Kildare Ave & 85th St (Kostner Ave & 87th St TEMPORARY),member,3,41.734929,-87.73118700000002
End,Kildare Ave & Archer Ave,casual,46,41.800442304347825,-87.73035082608696
End,Kildare Ave & Archer Ave,member,38,41.800392394736846,-87.73056507894736
End,Kildare Ave & Chicago Ave,casual,61,41.89543569999999,-87.7334818
End,Kildare Ave & Chicago Ave,member,52,41.8954357,-87.7334818
End,Kildare Ave & Division St,casual,44,41.902393,-87.73359799999999
End,Kildare Ave & Division St,member,216,41.902393,-87.733598
End,Kildare Ave & Montrose Ave,casual,163,41.96108,-87.73569
End,Kildare Ave & Montrose Ave,member,370,41.96108,-87.73569
End,Kildare Ave & North Ave,casual,169,41.9095392,-87.7338518
End,Kildare Ave & North Ave,member,181,41.9095392,-87.7338518
End,Kilpatrick Ave & Grand Ave,casual,69,41.912732,-87.743636
End,Kilpatrick Ave & Grand Ave,member,205,41.912732,-87.74363599999998
End,Kilpatrick Ave & Parker Ave,casual,97,41.93073851546392,-87.74407445360825
End,Kilpatrick Ave & Parker Ave,member,153,41.930738562091506,-87.74407431372548
End,Kimball Ave & Belmont Ave,casual,1380,41.93939395344302,-87.71206766366959
End,Kimball Ave & Belmont Ave,member,2872,41.93939395344302,-87.71206766366959
End,Kimball Ave & Wrightwood Ave,casual,527,41.92837,-87.71244
End,Kimball Ave & Wrightwood Ave,member,847,41.92837,-87.71244
End,Kimbark Ave & 53rd St,casual,3254,41.7994549,-87.5947779
End,Kimbark Ave & 53rd St,member,8136,41.7994549,-87.5947779
End,Kingsbury St & Erie St,casual,4062,41.8939139,-87.6417358
End,Kingsbury St & Erie St,member,15692,41.8939139,-87.6417358
End,Kingsbury St & Kinzie St,casual,2565,41.889165503745005,-87.63848925330893
End,Kingsbury St & Kinzie St,member,9731,41.889162505530685,-87.63848488163465
End,Kingsbury St & Kinzie St 1,casual,4034,41.88907,-87.63835
End,Kingsbury St & Kinzie St 1,member,12311,41.88907,-87.63835
End,Kingsbury St & Kinzie St 2,casual,3771,41.889188,-87.638387
End,Kingsbury St & Kinzie St 2,member,16240,41.889188,-87.638387
End,Knox Ave & Marquette Ave,casual,71,41.77114,-87.73774
End,Knox Ave & Marquette Ave,member,10,41.77114,-87.73774
End,Knox Ave & Montrose Ave,casual,380,41.960631,-87.74535900000001
End,Knox Ave & Montrose Ave,member,477,41.960631,-87.745359
End,Komensky Ave & 31st St,casual,46,41.83670191304348,-87.72564023913043
End,Komensky Ave & 31st St,member,54,41.836702518518514,-87.72564031481481
End,Komensky Ave & 47th St,casual,32,41.80769,-87.72472
End,Komensky Ave & 47th St,member,115,41.80769,-87.72472
End,Komensky Ave & 55th St,casual,8,41.793279,-87.724189
End,Komensky Ave & 55th St,member,2,41.793279,-87.724189
End,Kosciuszko Park,casual,938,41.93058537137999,-87.7237773635
End,Kosciuszko Park,member,1387,41.93058537138,-87.7237773635
End,Kostner & 87th,casual,1,41.734929,-87.731187
End,Kostner Ave & 63rd St,casual,114,41.77875,-87.73246
End,Kostner Ave & 63rd St,member,19,41.77875,-87.73246
End,Kostner Ave & Adams St,casual,19,41.877917,-87.735737
End,Kostner Ave & Adams St,member,2,41.877917,-87.735737
End,Kostner Ave & Belmont Ave,casual,175,41.939191,-87.737112
End,Kostner Ave & Belmont Ave,member,287,41.939191,-87.737112
End,Kostner Ave & Bryn Mawr Ave,casual,132,41.982765,-87.73809400000002
End,Kostner Ave & Bryn Mawr Ave,member,168,41.982765,-87.738094
End,Kostner Ave & Devon Ave,casual,125,41.997032,-87.73836999999999
End,Kostner Ave & Devon Ave,member,118,41.997032000000004,-87.73837
End,Kostner Ave & Lake St,casual,44,41.885928,-87.73541
End,Kostner Ave & Lake St,member,33,41.885928,-87.73541
End,Kostner Ave & Wrightwood Ave,casual,330,41.927957,-87.735952
End,Kostner Ave & Wrightwood Ave,member,285,41.927957,-87.735952
End,La Villita Park,casual,76,41.83925,-87.70202
End,La Villita Park,member,23,41.83925,-87.70202
End,LaSalle Dr & Huron St,casual,3957,41.894877,-87.632326
End,LaSalle Dr & Huron St,member,7066,41.89487700000001,-87.63232599999999
End,LaSalle St & Adams St,casual,1615,41.87934455790244,-87.63198519633015
End,LaSalle St & Adams St,member,3414,41.87934437346001,-87.6319852213
End,LaSalle St & Adams St Corral,casual,58,41.87938,-87.63208
End,LaSalle St & Adams St Corral,member,201,41.87937999999999,-87.63208
End,LaSalle St & Calhoun Pl ,casual,906,41.882664,-87.63253
End,LaSalle St & Calhoun Pl ,member,4382,41.882664,-87.63253
End,LaSalle St & Calhoun Pl Corral,casual,155,41.88287999999999,-87.63251
End,LaSalle St & Calhoun Pl Corral,member,448,41.88288,-87.63251000000001
End,LaSalle St & Illinois St,casual,7474,41.890762,-87.631697
End,LaSalle St & Illinois St,member,12591,41.89076200000001,-87.631697
End,LaSalle St & Jackson Blvd,casual,2285,41.878166,-87.631929
End,LaSalle St & Jackson Blvd,member,12443,41.878166,-87.631929
End,LaSalle St & Jackson Blvd Corral,casual,101,41.87816,-87.63204
End,LaSalle St & Jackson Blvd Corral,member,393,41.87816,-87.63204
End,LaSalle St & Washington St,casual,914,41.8832351,-87.6321117
End,LaSalle St & Washington St,member,2518,41.8832351,-87.63211170000001
End,Laflin St & 115th St,casual,38,41.68499,-87.65991
End,Laflin St & 115th St,member,14,41.684990000000006,-87.65990999999998
End,Laflin St & Cullerton St,casual,960,41.85491457576575,-87.66355991363525
End,Laflin St & Cullerton St,member,1798,41.85491457576575,-87.66355991363525
End,Laflin St & Taylor St,casual,66,41.86912,-87.66416
End,Laflin St & Taylor St,member,193,41.86912,-87.66416
End,Lake Park Ave & 35th St,casual,1083,41.83127423549,-87.6087991946
End,Lake Park Ave & 35th St,member,1035,41.83127423549,-87.60879919460001
End,Lake Park Ave & 47th St,casual,735,41.809443,-87.591875
End,Lake Park Ave & 47th St,member,1196,41.809443,-87.591875
End,Lake Park Ave & 53rd St,casual,1612,41.79949429373,-87.5864498959
End,Lake Park Ave & 53rd St,member,3920,41.79949429373,-87.5864498959
End,Lake Park Ave & 56th St,casual,1165,41.79161,-87.58748
End,Lake Park Ave & 56th St,member,3594,41.79161,-87.58748
End,Lake Park Ave & 56th St (temp location),casual,32,41.79325,-87.58777
End,Lake Park Ave & 56th St (temp location),member,67,41.79325,-87.58777
End,Lake/Aberdeen Corral,casual,88,41.8856975,-87.6545365
End,Lake/Aberdeen Corral,member,188,41.8856975,-87.6545365
End,Lake/Carpenter Corral,casual,39,41.8857214,-87.6533778
End,Lake/Carpenter Corral,member,96,41.8857214,-87.6533778
End,Lake/Green Corral,casual,434,41.88546980000001,-87.6485637
End,Lake/Green Corral,member,750,41.8854698,-87.6485637
End,Lake/Morgan Corral,casual,118,41.8854978,-87.6523157
End,Lake/Morgan Corral,member,130,41.8854978,-87.6523157
End,Lake/Sangamon Corral,casual,54,41.88546929999999,-87.6508941
End,Lake/Sangamon Corral,member,110,41.8854693,-87.6508941
End,Lakefront Trail & Bryn Mawr Ave,casual,5141,41.98404202274028,-87.65228170680527
End,Lakefront Trail & Bryn Mawr Ave,member,6682,41.984044115192134,-87.65228122472763
End,Lakefront Trail & Wilson Ave,casual,3781,41.96655862388257,-87.64382349828088
End,Lakefront Trail & Wilson Ave,member,2986,41.96656690027896,-87.64380306653483
End,Lakeview Ave & Fullerton Pkwy,casual,4995,41.92585804537297,-87.63897300587045
End,Lakeview Ave & Fullerton Pkwy,member,8816,41.925858,-87.638973
End,Lakewood Ave & Addison St,casual,1007,41.94720000000001,-87.66085
End,Lakewood Ave & Addison St,member,1254,41.9472,-87.66085
End,Lamon Ave & 47th St,casual,34,41.80781,-87.74569
End,Lamon Ave & 47th St,member,15,41.80781,-87.74569
End,Lamon Ave & Armitage Ave,casual,26,41.91676,-87.749458
End,Lamon Ave & Armitage Ave,member,68,41.916760000000004,-87.749458
End,Lamon Ave & Belmont Ave,casual,98,41.93898248979592,-87.74927410204083
End,Lamon Ave & Belmont Ave,member,304,41.93897885789474,-87.74927290921053
End,Lamon Ave & Chicago Ave,casual,44,41.8950179,-87.7484986
End,Lamon Ave & Chicago Ave,member,57,41.8950179,-87.7484986
End,Laramie Ave & Addison St,casual,209,41.9456842,-87.7569344
End,Laramie Ave & Addison St,member,42,41.9456842,-87.75693440000002
End,Laramie Ave & Augusta Blvd,casual,25,41.89865,-87.75546999999999
End,Laramie Ave & Augusta Blvd,member,7,41.89865000000001,-87.75546999999999
End,Laramie Ave & Bloomingdale Ave,casual,94,41.91432,-87.75572
End,Laramie Ave & Bloomingdale Ave,member,124,41.91432,-87.75572
End,Laramie Ave & Gladys Ave,casual,25,41.875806000000004,-87.755285
End,Laramie Ave & Gladys Ave,member,15,41.875806,-87.755285
End,Laramie Ave & Irving Park Rd,casual,175,41.9533354,-87.7583844
End,Laramie Ave & Irving Park Rd,member,89,41.9533354,-87.7583844
End,Laramie Ave & Kinzie St,casual,105,41.887832,-87.755527
End,Laramie Ave & Kinzie St,member,49,41.887832,-87.755527
End,Laramie Ave & Madison St,casual,38,41.880207,-87.755337
End,Laramie Ave & Madison St,member,70,41.880207,-87.75533699999998
End,Larrabee St & Armitage Ave,casual,2302,41.918084,-87.643749
End,Larrabee St & Armitage Ave,member,4654,41.918084,-87.64374899999999
End,Larrabee St & Chicago Ave,casual,55,41.89677,-87.6386
End,Larrabee St & Chicago Ave,member,86,41.89677,-87.6386
End,Larrabee St & Clybourn Ave,casual,976,41.9066,-87.64322
End,Larrabee St & Clybourn Ave,member,2279,41.9066,-87.64322
End,Larrabee St & Division St,casual,2923,41.90348607004,-87.6433534936
End,Larrabee St & Division St,member,7418,41.90348607464447,-87.64335349030132
End,Larrabee St & Kingsbury St,casual,985,41.897764,-87.642884
End,Larrabee St & Kingsbury St,member,4192,41.897764,-87.642884
End,Larrabee St & Kingsbury St 1,casual,1917,41.897764,-87.64288400000001
End,Larrabee St & Kingsbury St 1,member,10697,41.8977658937274,-87.64288408555538
End,Larrabee St & Kingsbury St 2,casual,1466,41.89758,-87.6429
End,Larrabee St & Kingsbury St 2,member,7999,41.89758,-87.6429
End,Larrabee St & Menomonee St,casual,1197,41.91468,-87.64332
End,Larrabee St & Menomonee St,member,4173,41.91468,-87.64332
End,Larrabee St & North Ave,casual,1583,41.91021,-87.6435
End,Larrabee St & North Ave,member,4361,41.91021,-87.6435
End,Larrabee St & Oak St,casual,1517,41.900377806062565,-87.64202144893079
End,Larrabee St & Oak St,member,4838,41.90037742802307,-87.642023750937
End,Larrabee St & Webster Ave,casual,5524,41.921822,-87.64414
End,Larrabee St & Webster Ave,member,10375,41.921822,-87.64414
End,Latrobe Ave & Chicago Ave,casual,23,41.89494826086956,-87.7557304347826
End,Latrobe Ave & Chicago Ave,member,38,41.89497986842105,-87.75554934210525
End,Lavergne Ave & 44th St,casual,8,41.81311,-87.74869
End,Lavergne Ave & 44th St,member,4,41.81311,-87.74869
End,Lavergne Ave & 46th St,casual,32,41.80934,-87.74783067499999
End,Lavergne Ave & 46th St,member,1,41.80934,-87.74783
End,Lavergne Ave & Archer Ave,casual,44,41.79816,-87.74772
End,Lavergne Ave & Archer Ave,member,12,41.79816,-87.74772
End,Lavergne Ave & Diversey Ave,casual,164,41.93128,-87.75141
End,Lavergne Ave & Diversey Ave,member,87,41.93128,-87.75141
End,Lavergne Ave & Division St,casual,58,41.9021077,-87.7508698
End,Lavergne Ave & Division St,member,31,41.9021077,-87.7508698
End,Lavergne Ave & Fullerton Ave,casual,119,41.924034,-87.751191
End,Lavergne Ave & Fullerton Ave,member,130,41.924034,-87.751191
End,Lavergne Ave & Lawrence Ave,casual,74,41.96775,-87.75259
End,Lavergne Ave & Lawrence Ave,member,139,41.96775,-87.75259
End,Lawler Ave & 50th St,casual,110,41.80217,-87.74894
End,Lawler Ave & 50th St,member,3,41.80217,-87.74894
End,Lawler Ave & North Ave,casual,121,41.9091754,-87.7522545
End,Lawler Ave & North Ave,member,30,41.9091754,-87.7522545
End,Lawndale Ave & 111th St,casual,63,41.69131919221066,-87.71288573741913
End,Lawndale Ave & 111th St,member,15,41.69131919221066,-87.71288573741913
End,Lawndale Ave & 16th St,casual,45,41.8591604,-87.71769433333333
End,Lawndale Ave & 16th St,member,5,41.85916048,-87.71769520000001
End,Lawndale Ave & 30th St,casual,123,41.83891239999999,-87.71689550000002
End,Lawndale Ave & 30th St,member,38,41.8389124,-87.7168955
End,Lawndale Ave & 59th St,casual,48,41.78638,-87.71569999999998
End,Lawndale Ave & 59th St,member,69,41.78638,-87.7157
End,Le Mai Ave & Devon Ave,casual,59,41.99722,-87.75687
End,Le Mai Ave & Devon Ave,member,46,41.99722,-87.75687
End,Leamington Ave & Hirsch St,casual,52,41.9058405,-87.7548602
End,Leamington Ave & Hirsch St,member,8,41.9058405,-87.7548602
End,Leavitt St & Addison St,casual,1160,41.946655,-87.683359
End,Leavitt St & Addison St,member,1976,41.946655,-87.683359
End,Leavitt St & Archer Ave,casual,437,41.82879201994,-87.68060445939999
End,Leavitt St & Archer Ave,member,592,41.82879201994,-87.6806044594
End,Leavitt St & Argyle,casual,107,41.97246,-87.68413
End,Leavitt St & Argyle,member,172,41.97246,-87.68413
End,Leavitt St & Armitage Ave,casual,1488,41.917805,-87.682437
End,Leavitt St & Armitage Ave,member,3739,41.917805,-87.682437
End,Leavitt St & Augusta Blvd,casual,1002,41.89962,-87.68194
End,Leavitt St & Augusta Blvd,member,2213,41.89961999999999,-87.68194
End,Leavitt St & Belmont Ave,casual,1491,41.939354,-87.683282
End,Leavitt St & Belmont Ave,member,3059,41.939354,-87.683282
End,Leavitt St & Chicago Ave,casual,1494,41.895501,-87.682017
End,Leavitt St & Chicago Ave,member,3912,41.895501,-87.682017
End,Leavitt St & Division St,casual,1403,41.902997,-87.683825
End,Leavitt St & Division St,member,2530,41.902997,-87.683825
End,Leavitt St & Hirsch St,casual,796,41.90688999999999,-87.68232999999998
End,Leavitt St & Hirsch St,member,1392,41.90689,-87.68233
End,Leavitt St & Lawrence Ave,casual,851,41.968885,-87.684001
End,Leavitt St & Lawrence Ave,member,2152,41.968885,-87.684001
End,Leavitt St & North Ave,casual,1729,41.910177083400804,-87.68233013157895
End,Leavitt St & North Ave,member,5035,41.91017671753723,-87.68232991459782
End,Leavitt St/North Ave,casual,17,41.910077,-87.682306
End,Leavitt St/North Ave,member,53,41.910077,-87.682306
End,Leclaire Ave & Belmont Ave,casual,92,41.939041,-87.754197
End,Leclaire Ave & Belmont Ave,member,83,41.939041,-87.754197
End,Lexington St & California Ave,casual,102,41.8719938,-87.6958108
End,Lexington St & California Ave,member,216,41.87199379999999,-87.6958108
End,Lincoln Ave & Addison St,casual,1158,41.946176,-87.673308
End,Lincoln Ave & Addison St,member,2826,41.946176,-87.673308
End,Lincoln Ave & Balmoral Ave,casual,375,41.979461,-87.693013
End,Lincoln Ave & Balmoral Ave,member,875,41.979461,-87.69301300000001
End,Lincoln Ave & Belle Plaine Ave,casual,1457,41.95600355078549,-87.68016144633293
End,Lincoln Ave & Belle Plaine Ave,member,3406,41.95600355078549,-87.68016144633293
End,Lincoln Ave & Byron St,casual,1537,41.952372,-87.677296
End,Lincoln Ave & Byron St,member,3299,41.952372,-87.677296
End,Lincoln Ave & Dickens Ave,casual,2387,41.92012,-87.6416
End,Lincoln Ave & Dickens Ave,member,4821,41.92012,-87.6416
End,Lincoln Ave & Diversey Pkwy,casual,3090,41.932225,-87.658617
End,Lincoln Ave & Diversey Pkwy,member,7221,41.932225,-87.658617
End,Lincoln Ave & Fullerton Ave,casual,4768,41.924161029067626,-87.64638036489487
End,Lincoln Ave & Fullerton Ave,member,11786,41.924161029067626,-87.64638036489487
End,Lincoln Ave & Hutchinson St,casual,31,41.95864,-87.68198
End,Lincoln Ave & Hutchinson St,member,54,41.95864,-87.68198
End,Lincoln Ave & Melrose St,casual,2797,41.9406,-87.669435
End,Lincoln Ave & Melrose St,member,7420,41.9406,-87.669435
End,Lincoln Ave & Montana St,casual,2137,41.92657,-87.6506
End,Lincoln Ave & Montana St,member,3803,41.92657,-87.6506
End,Lincoln Ave & Peterson Ave,casual,226,41.990267,-87.70857
End,Lincoln Ave & Peterson Ave,member,463,41.990267,-87.70857
End,Lincoln Ave & Roscoe St,casual,1584,41.9433502470174,-87.67066776752472
End,Lincoln Ave & Roscoe St,member,4287,41.9433502470174,-87.67066776752472
End,Lincoln Ave & Roscoe St*,casual,668,41.9433502470174,-87.67066776752472
End,Lincoln Ave & Roscoe St*,member,2385,41.94335024701739,-87.67066776752472
End,Lincoln Ave & Sunnyside Ave,casual,1963,41.963004,-87.684781
End,Lincoln Ave & Sunnyside Ave,member,4403,41.963004,-87.684781
End,Lincoln Ave & Waveland Ave,casual,988,41.94879699999999,-87.675278
End,Lincoln Ave & Waveland Ave,member,3258,41.948797,-87.675278
End,Lincoln Ave & Winona St,casual,674,41.97491129677,-87.6925025594
End,Lincoln Ave & Winona St,member,1883,41.97491129677,-87.69250255939998
End,Lincoln Park Conservatory,casual,6916,41.92393131136619,-87.63582453131676
End,Lincoln Park Conservatory,member,6335,41.923931311366196,-87.63582453131676
End,Lincoln Park Zoo,casual,827,41.922419999999995,-87.63195
End,Lincoln Park Zoo,member,340,41.92242,-87.63195
End,Lincolnwood Dr & Central St,casual,298,42.064854000000004,-87.715297
End,Lincolnwood Dr & Central St,member,146,42.064854,-87.715297
End,Linder Ave & 64th,casual,3,41.77546,-87.75791
End,Linder Ave & Montrose Ave,casual,101,41.96081000000001,-87.76488
End,Linder Ave & Montrose Ave,member,225,41.96081,-87.76488
End,Lock St & 31st St,casual,252,41.837962,-87.659049
End,Lock St & 31st St,member,661,41.83796199986686,-87.65904889076097
End,Lockwood Ave & Grand Ave,casual,102,41.9175941,-87.7584143
End,Lockwood Ave & Grand Ave,member,121,41.91759410000001,-87.7584143
End,Lockwood Ave & Wrightwood Ave,casual,199,41.927766,-87.758544
End,Lockwood Ave & Wrightwood Ave,member,492,41.927766,-87.758544
End,Logan Blvd & Elston Ave,casual,1300,41.929465,-87.684158
End,Logan Blvd & Elston Ave,member,3021,41.92946501355313,-87.6841580087888
End,Long & Irving Park,casual,39,41.953038,-87.7621632
End,Long & Irving Park,member,73,41.953038,-87.7621632
End,Long Ave & Belden Ave,casual,73,41.92272415479452,-87.76095093150684
End,Long Ave & Belden Ave,member,35,41.922721394285716,-87.76095137142856
End,Long Ave & Belmont Ave,casual,136,41.93833,-87.76166
End,Long Ave & Belmont Ave,member,60,41.93833,-87.76165999999999
End,Long Ave & Diversey Ave,casual,92,41.93104,-87.76124
End,Long Ave & Diversey Ave,member,109,41.93104,-87.76124
End,Long Ave & Irving Park Rd,casual,107,41.95301,-87.76214
End,Long Ave & Irving Park Rd,member,107,41.95301,-87.76214
End,Long Ave & North Ave,casual,22,41.9092147,-87.7609189
End,Long Ave & North Ave,member,66,41.9092147,-87.7609189
End,Loomis Blvd & 84th St,casual,22,41.74148652861805,-87.65841007232666
End,Loomis Blvd & 84th St,member,22,41.74148652861805,-87.65841007232666
End,Loomis St & 89th St,casual,14,41.73237975329554,-87.65806943178177
End,Loomis St & 89th St,member,12,41.73237975329554,-87.65806943178177
End,Loomis St & 95th St,casual,17,41.72148,-87.65774
End,Loomis St & 95th St,member,25,41.72148,-87.65774000000002
End,Loomis St & Archer Ave,casual,403,41.84163253965,-87.6574349533
End,Loomis St & Archer Ave,member,606,41.84163253965,-87.6574349533
End,Loomis St & Jackson Blvd,casual,1148,41.877945,-87.662007
End,Loomis St & Jackson Blvd,member,3347,41.877945,-87.662007
End,Loomis St & Lexington St,casual,2593,41.87222873224032,-87.66136385500431
End,Loomis St & Lexington St,member,11107,41.87222873224032,-87.66136385500431
End,Lowell Ave & Armitage Ave,casual,267,41.91707670000001,-87.7353543
End,Lowell Ave & Armitage Ave,member,160,41.9170767,-87.7353543
End,Lynch Ave & Elston Ave,casual,78,41.98096,-87.76149
End,Lynch Ave & Elston Ave,member,114,41.980959999999996,-87.76149
End,MLK Dr & 111th St,casual,29,41.69263,-87.6136
End,MLK Dr & 111th St,member,20,41.692629999999994,-87.61359999999999
End,MLK Jr Dr & 29th St,casual,1497,41.842052,-87.617
End,MLK Jr Dr & 29th St,member,2224,41.84205200000001,-87.617
End,MLK Jr Dr & 47th St,casual,276,41.809851,-87.616279
End,MLK Jr Dr & 47th St,member,410,41.809850999999995,-87.616279
End,MLK Jr Dr & 56th St,casual,111,41.79342945658,-87.6158532619
End,MLK Jr Dr & 56th St,member,87,41.79342945658,-87.6158532619
End,MLK Jr Dr & 63rd St,casual,88,41.78008063659,-87.6159428567
End,MLK Jr Dr & 63rd St,member,58,41.78008063659,-87.61594285669999
End,MLK Jr Dr & 83rd St,casual,11,41.743116,-87.6148
End,MLK Jr Dr & 83rd St,member,124,41.74311600000001,-87.6148
End,MLK Jr Dr & Pershing Rd,casual,391,41.8246,-87.61678
End,MLK Jr Dr & Pershing Rd,member,856,41.8246,-87.61678
End,MTV Hubbard St,member,3,41.8897772,-87.68035100000002
End,Major Ave & Addison St,casual,95,41.945754736842105,-87.76942757894737
End,Major Ave & Addison St,member,57,41.945741052631575,-87.76931035087719
End,Major Ave & Bloomingdale Ave,casual,26,41.912584730769225,-87.76876134615385
End,Major Ave & Bloomingdale Ave,member,5,41.912582459999996,-87.7687799
End,Major Taylor Trail & 111th St,casual,41,41.69211,-87.6489
End,Major Taylor Trail & 111th St,member,13,41.69211,-87.6489
End,Major Taylor Trail & 115th St,casual,26,41.68493159519296,-87.6452887058258
End,Major Taylor Trail & 115th St,member,10,41.684931595192964,-87.6452887058258
End,Major Taylor Trail & 124th St,casual,19,41.66869635332246,-87.63711333274841
End,Malcolm X College,casual,506,41.877618,-87.673895
End,Malcolm X College,member,1435,41.877618,-87.673895
End,Malden St & Wilson Ave,casual,1240,41.965259999999994,-87.66275
End,Malden St & Wilson Ave,member,2885,41.96526,-87.66275
End,Mango Ave & Diversey Ave,casual,32,41.9309625,-87.7698856
End,Mango Ave & Diversey Ave,member,18,41.9309625,-87.76988560000001
End,Mango Ave & Grand Ave,casual,26,41.9196505076923,-87.76941327692307
End,Mango Ave & Grand Ave,member,10,41.91965055,-87.76941355
End,Mango Ave & North Ave,casual,52,41.90958,-87.7691175
End,Mango Ave & North Ave,member,13,41.90958,-87.7691175
End,Manistee Ave & 95th St,casual,9,41.7226,-87.55692
End,Manistee Ave & 95th St,member,7,41.7226,-87.55692
End,Manor Ave & Leland Ave,casual,477,41.965875,-87.70082500000001
End,Manor Ave & Leland Ave,member,1303,41.965875,-87.700825
End,Maple Ave & Grove St,casual,37,42.045537,-87.685317
End,Maple Ave & Grove St,member,57,42.045536999999996,-87.685317
End,Maplewood Ave & 59th St,casual,63,41.78633357142858,-87.68743242857144
End,Maplewood Ave & 59th St,member,48,41.78633203125,-87.68743138125001
End,Maplewood Ave & Peterson Ave,casual,199,41.99023602867,-87.69336964020002
End,Maplewood Ave & Peterson Ave,member,320,41.99023602867,-87.6933696402
End,Marine Dr & Ainslie St,casual,2281,41.9716,-87.650154
End,Marine Dr & Ainslie St,member,4608,41.9716,-87.650154
End,Marmora Ave & Belmont Ave,casual,45,41.9382811,-87.77484293333333
End,Marmora Ave & Belmont Ave,member,26,41.93828523461538,-87.77432671538462
End,Marmora Ave & Belmont Ave (temporary),casual,11,41.938251,-87.778601
End,Marmora Ave & Belmont Ave (temporary),member,1,41.938251,-87.778601
End,Marmora Ave & Irving Park Rd,casual,151,41.9531072,-87.7747326
End,Marmora Ave & Irving Park Rd,member,127,41.9531072,-87.77473260000001
End,Marquette Ave & 89th St,casual,32,41.73366879071472,-87.55834221839905
End,Marquette Ave & 89th St,member,12,41.73366879071472,-87.55834221839905
End,Marshfield Ave & 44th St,casual,92,41.81392152173913,-87.6664870652174
End,Marshfield Ave & 44th St,member,49,41.813921428571426,-87.66648693877552
End,Marshfield Ave & 59th St,casual,10,41.786833,-87.666215
End,Marshfield Ave & 59th St,member,13,41.786833,-87.666215
End,Marshfield Ave & Diversey Pkwy,casual,596,41.93204,-87.6697
End,Marshfield Ave & Diversey Pkwy,member,1257,41.93204,-87.6697
End,Marshfield Ave & Wabansia Ave,casual,668,41.91218,-87.66888
End,Marshfield Ave & Wabansia Ave,member,1148,41.91218,-87.66888
End,Martin Luther King Dr & 111th St,casual,14,41.69263895647179,-87.61367386484747
End,Martin Luther King Dr & 111th St,member,17,41.69263895647179,-87.61367386484747
End,Martin Luther King Dr & 87th St,casual,16,41.73677,-87.61439
End,Martin Luther King Dr & 87th St,member,26,41.73676999999999,-87.61439000000001
End,Mason Ave & Belmont Ave,casual,18,41.9383682,-87.7725029
End,Mason Ave & Belmont Ave,member,17,41.9383682,-87.77250289999999
End,Mason Ave & Grand Ave,casual,103,41.9204347,-87.7743901
End,Mason Ave & Grand Ave,member,39,41.9204347,-87.7743901
End,Mason Ave & Montrose Ave,casual,78,41.96056,-87.77588
End,Mason Ave & Montrose Ave,member,195,41.96056,-87.77588
End,May St & 69th St,casual,19,41.768938,-87.652934
End,May St & 69th St,member,8,41.768938,-87.652934
End,May St & Cullerton St,casual,793,41.855136,-87.65412699999999
End,May St & Cullerton St,member,2192,41.855136,-87.654127
End,May St & Hubbard St,casual,1607,41.89008,-87.65597
End,May St & Hubbard St,member,4007,41.89008,-87.65597
End,May St & Taylor St,casual,2065,41.869389610169485,-87.6554245133172
End,May St & Taylor St,member,7048,41.869393206583425,-87.65540775255391
End,Mayfield Ave & Roosevelt Rd,casual,63,41.86569,-87.77176
End,Mayfield Ave & Roosevelt Rd,member,29,41.86569,-87.77176
End,McClurg Ct & Erie St,casual,2278,41.894503,-87.617854
End,McClurg Ct & Erie St,member,7822,41.894503,-87.617854
End,McClurg Ct & Ohio St,casual,7856,41.892592119709725,-87.61728912591934
End,McClurg Ct & Ohio St,member,15065,41.892592101364244,-87.61728911982236
End,McCormick Blvd & Devon Ave,casual,361,41.9972,-87.71105
End,McCormick Blvd & Devon Ave,member,819,41.9972,-87.71105
End,McCormick Place,casual,4318,41.8513751729,-87.61883464889999
End,McCormick Place,member,1646,41.8513751729,-87.61883464890002
End,Meade Ave & Addison St,casual,67,41.94595000000001,-87.77888
End,Meade Ave & Addison St,member,25,41.94595,-87.77887999999999
End,Meade Ave & Diversey Ave,casual,50,41.93086,-87.77845
End,Meade Ave & Diversey Ave,member,29,41.93086,-87.77845
End,Meade Ave & Fullerton Ave,casual,114,41.924751,-87.778272
End,Meade Ave & Fullerton Ave,member,88,41.924751,-87.778272
End,Melvina Ave & Giddings Ave,casual,138,41.96648,-87.78202
End,Melvina Ave & Giddings Ave,member,225,41.96648,-87.78202
End,Menard Ave & Lawrence Ave,casual,96,41.96788,-87.77274
End,Menard Ave & Lawrence Ave,member,208,41.96788,-87.77273999999998
End,Menard Ave & Milwaukee Ave,casual,53,41.98139,-87.77331
End,Menard Ave & Milwaukee Ave,member,43,41.98139,-87.77331
End,Menard Ave & North Ave,casual,3,41.9097167,-87.77020369999998
End,Menard Ave & North Ave,member,1,41.9097167,-87.7702037
End,Merrimac Park,casual,91,41.95261,-87.78535
End,Merrimac Park,member,122,41.95261,-87.78535
End,Michigan Ave & 105th St,casual,63,41.70346,-87.62037
End,Michigan Ave & 105th St,member,12,41.70346,-87.62037
End,Michigan Ave & 108th St,casual,5,41.69815,-87.62111
End,Michigan Ave & 108th St,member,6,41.69815,-87.62111
End,Michigan Ave & 113th St,casual,6,41.68905,-87.62079
End,Michigan Ave & 113th St,member,6,41.68905,-87.62079
End,Michigan Ave & 114th St,casual,11,41.68701479467118,-87.62105226516724
End,Michigan Ave & 114th St,member,3,41.68701479467118,-87.62105226516724
End,Michigan Ave & 118th St,casual,1,41.67982,-87.62075
End,Michigan Ave & 11th St,casual,1024,41.86959,-87.623961
End,Michigan Ave & 11th St,member,1654,41.86959,-87.623961
End,Michigan Ave & 14th St,casual,3300,41.864059000000005,-87.623727
End,Michigan Ave & 14th St,member,7524,41.864059,-87.62372700000002
End,Michigan Ave & 18th St,casual,3267,41.857926,-87.62433600000001
End,Michigan Ave & 18th St,member,5362,41.857926,-87.624336
End,Michigan Ave & 71st St,casual,34,41.765286,-87.621748
End,Michigan Ave & 71st St,member,34,41.765286,-87.621748
End,Michigan Ave & 8th St,casual,8974,41.87277296428538,-87.62398098971818
End,Michigan Ave & 8th St,member,5892,41.872773,-87.623981
End,Michigan Ave & 9th St,casual,1165,41.87094,-87.62439
End,Michigan Ave & 9th St,member,1361,41.87094,-87.62439
End,Michigan Ave & Ida B Wells Dr,casual,3871,41.876203,-87.624464
End,Michigan Ave & Ida B Wells Dr,member,2838,41.876203,-87.624464
End,Michigan Ave & Jackson Blvd,casual,6252,41.878555999999996,-87.624146
End,Michigan Ave & Jackson Blvd,member,4440,41.878556,-87.624146
End,Michigan Ave & Lake St,casual,8841,41.886022,-87.624398
End,Michigan Ave & Lake St,member,11730,41.886022,-87.624398
End,Michigan Ave & Madison St,casual,2026,41.882134,-87.62512500000001
End,Michigan Ave & Madison St,member,3892,41.88213400000001,-87.625125
End,Michigan Ave & Oak St,casual,21497,41.90096039,-87.62377664
End,Michigan Ave & Oak St,member,13325,41.90095989245636,-87.62377669369816
End,Michigan Ave & Pearson St,casual,3289,41.89766,-87.62351
End,Michigan Ave & Pearson St,member,4146,41.89766,-87.62351
End,Michigan Ave & Washington St,casual,8472,41.8839840647265,-87.6246839761734
End,Michigan Ave & Washington St,member,10860,41.883984064267686,-87.6246839674907
End,Midway Corral,casual,3,41.7868405,-87.738735
End,Midway Orange Line,casual,230,41.78692,-87.73892000000001
End,Midway Orange Line,member,253,41.78692,-87.73892
End,Mies van der Rohe Way & Chestnut St,casual,5016,41.8985866514,-87.6219152258
End,Mies van der Rohe Way & Chestnut St,member,9441,41.8985866514,-87.6219152258
End,Mies van der Rohe Way & Chicago Ave,casual,3729,41.896944626370825,-87.62175768613815
End,Mies van der Rohe Way & Chicago Ave,member,8584,41.896944626370825,-87.62175768613815
End,Millard Ave & 26th St,casual,76,41.84453112462163,-87.71592199802399
End,Millard Ave & 26th St,member,161,41.84453112462163,-87.71592199802399
End,Millennium Park,casual,18324,41.8810317,-87.62408432
End,Millennium Park,member,7497,41.8810317,-87.62408432000001
End,Milwaukee Ave & Agatite Ave,casual,104,41.9615,-87.75489
End,Milwaukee Ave & Agatite Ave,member,265,41.9615,-87.75489
End,Milwaukee Ave & Ainslie St,casual,505,41.96861,-87.76108
End,Milwaukee Ave & Ainslie St,member,1140,41.96861,-87.76108
End,Milwaukee Ave & Armitage Ave,casual,1866,41.91771,-87.68864
End,Milwaukee Ave & Armitage Ave,member,3486,41.91771,-87.68864
End,Milwaukee Ave & Cuyler Ave,casual,266,41.954468,-87.749594
End,Milwaukee Ave & Cuyler Ave,member,321,41.954468,-87.749594
End,Milwaukee Ave & Diversey Ave,casual,301,41.93266,-87.71222
End,Milwaukee Ave & Diversey Ave,member,451,41.93266,-87.71221999999999
End,Milwaukee Ave & Fullerton Ave,casual,1965,41.92469,-87.70059999999998
End,Milwaukee Ave & Fullerton Ave,member,3116,41.92469,-87.7006
End,Milwaukee Ave & Grand Ave,casual,4052,41.891578,-87.648384
End,Milwaukee Ave & Grand Ave,member,9017,41.891578,-87.648384
End,Milwaukee Ave & Highland Ave,casual,144,41.99636,-87.78674
End,Milwaukee Ave & Highland Ave,member,243,41.99636,-87.78674
End,Milwaukee Ave & Rockwell St,casual,1382,41.92033,-87.69309
End,Milwaukee Ave & Rockwell St,member,2581,41.92033,-87.69309
End,Milwaukee Ave & The 606,casual,3187,41.913754000000004,-87.6826658
End,Milwaukee Ave & The 606,member,8132,41.913754,-87.6826658
End,Milwaukee Ave & Wabansia Ave,casual,1096,41.912616,-87.681469
End,Milwaukee Ave & Wabansia Ave,member,3330,41.912616,-87.681469
End,Milwaukee Ave & Wolfram St,casual,358,41.93301,-87.71428
End,Milwaukee Ave & Wolfram St,member,651,41.93301,-87.71428
End,Monitor Ave & Division St,casual,61,41.90192,-87.77178
End,Monitor Ave & Division St,member,26,41.901920000000004,-87.77178
End,Monitor Ave & Fullerton Ave,casual,42,41.92379,-87.77228
End,Monitor Ave & Fullerton Ave,member,9,41.92379,-87.77227999999998
End,Monticello Ave & Chicago Ave,casual,112,41.89581,-87.71763
End,Monticello Ave & Chicago Ave,member,45,41.89581,-87.71763
End,Monticello Ave & Diversey Ave,casual,229,41.93172,-87.71846
End,Monticello Ave & Diversey Ave,member,558,41.93172,-87.71846
End,Monticello Ave & Irving Park Rd,casual,591,41.95400483876,-87.7191281797
End,Monticello Ave & Irving Park Rd,member,1615,41.95400483876,-87.7191281797
End,Monticello Ave & Lawrence Ave,casual,287,41.96837652912082,-87.71886050718743
End,Monticello Ave & Lawrence Ave,member,787,41.96842619762046,-87.71867213768004
End,Montrose Harbor,casual,9726,41.963982,-87.638181
End,Montrose Harbor,member,8400,41.96398199315798,-87.63818100101834
End,Morgan Ave & 14th Pl,casual,1089,41.862378,-87.651062
End,Morgan Ave & 14th Pl,member,3237,41.862378,-87.65106200000001
End,Morgan St & 18th St,casual,1768,41.85808600000001,-87.651073
End,Morgan St & 18th St,member,3245,41.858086,-87.65107300000001
End,Morgan St & 31st St,casual,1003,41.8378,-87.65113999999998
End,Morgan St & 31st St,member,2363,41.8378,-87.65114
End,Morgan St & Hubbard St,casual,506,41.89012,-87.65251
End,Morgan St & Hubbard St,member,953,41.89012,-87.65251
End,Morgan St & Lake St,casual,2674,41.88549170626906,-87.65228927135468
End,Morgan St & Lake St,member,5180,41.88549170626906,-87.65228927135468
End,Morgan St & Lake St*,casual,1106,41.88549170626906,-87.65228927135468
End,Morgan St & Lake St*,member,3115,41.88549170626906,-87.65228927135468
End,Morgan St & Pershing Rd,casual,92,41.823613,-87.650931
End,Morgan St & Pershing Rd,member,75,41.823613,-87.650931
End,Morgan St & Polk St,casual,2087,41.871737,-87.65103
End,Morgan St & Polk St,member,9382,41.871737,-87.65103
End,Mozart St & 55th St,casual,5,41.79375,-87.69472
End,Mozart St & 55th St,member,4,41.79375,-87.69472
End,Mozart St & 79th St,casual,39,41.749702,-87.693917
End,Mozart St & 79th St,member,2,41.749702,-87.693917
End,Mozart St & Jackson Blvd,casual,134,41.8775,-87.6974
End,Mozart St & Jackson Blvd,member,76,41.8775,-87.6974
End,Mulligan Ave & Archer Ave,casual,66,41.79296,-87.78052000000001
End,Mulligan Ave & Archer Ave,member,52,41.79296,-87.78052
End,Museum Campus Metra Station,casual,2660,41.86935068113623,-87.62214896860748
End,Museum Campus Metra Station,member,1583,41.869350732203586,-87.62217663158052
End,N Carpenter St & W Lake St,casual,174,41.885586,-87.6531893
End,N Carpenter St & W Lake St,member,1032,41.885586,-87.6531893
End,N Damen Ave & W Chicago Ave,casual,81,41.895809,-87.678519
End,N Damen Ave & W Chicago Ave,member,375,41.895809,-87.678519
End,N Green St & W Lake St,casual,191,41.885579,-87.648484
End,N Green St & W Lake St,member,322,41.88557900000001,-87.648484
End,N Paulina St & Lincoln Ave,casual,156,41.943838,-87.671469
End,N Paulina St & Lincoln Ave,member,555,41.943838,-87.671469
End,N Shore Channel Trail & Argyle St,casual,291,41.97221113402062,-87.70280536082474
End,N Shore Channel Trail & Argyle St,member,721,41.97220711789181,-87.7027987295423
End,N Southport Ave & W Newport Ave,casual,255,41.944019,-87.663975
End,N Southport Ave & W Newport Ave,member,665,41.944019,-87.663975
End,N Whipple St & Irving Park Rd,casual,4,41.954189,-87.704448
End,N Whipple St & Irving Park Rd,member,38,41.954189,-87.704448
End,Nagle Ave & Belmont Ave,casual,47,41.93852,-87.78735000000002
End,Nagle Ave & Belmont Ave,member,25,41.93852,-87.78735
End,Narragansett Ave & McLean Ave,casual,73,41.9159,-87.78511
End,Narragansett Ave & McLean Ave,member,27,41.9159,-87.78511
End,Narragansett Ave & Montrose Ave,casual,63,41.95997799999999,-87.786928
End,Narragansett Ave & Montrose Ave,member,182,41.959978,-87.786928
End,Narragansett Ave & North Ave,casual,139,41.9095,-87.78491
End,Narragansett Ave & North Ave,member,34,41.9095,-87.78491
End,Narragansett Ave & School St,casual,43,41.94012241860465,-87.78648018139535
End,Narragansett Ave & School St,member,13,41.94012615384615,-87.78648046153846
End,Narragansett Ave & Wrightwood Ave,casual,185,41.92729,-87.78523
End,Narragansett Ave & Wrightwood Ave,member,128,41.92729,-87.78523
End,Navy Pier,casual,52568,41.892278,-87.612043
End,Navy Pier,member,14759,41.892278,-87.612043
End,Navy Pier Overflow Corral,casual,271,41.89231,-87.61217
End,Navy Pier Overflow Corral,member,85,41.892309999999995,-87.61217
End,Navy Pier Public Rack - East,casual,1614,41.89092999999999,-87.6096738
End,Navy Pier Public Rack - East,member,242,41.89092999999999,-87.6096738
End,Navy Pier Public Rack - West,casual,1458,41.8909738,-87.61148149999998
End,Navy Pier Public Rack - West,member,129,41.8909738,-87.6114815
End,New England Ave & North Ave,casual,27,41.90929,-87.79714999999999
End,New England Ave & North Ave,member,23,41.90929,-87.79715
End,New St & Illinois St,casual,7681,41.89084704062381,-87.61861681938171
End,New St & Illinois St,member,13940,41.89084704062381,-87.61861681938171
End,Newcastle Ave & Irving Park Rd,casual,21,41.95256,-87.79755
End,Newcastle Ave & Irving Park Rd,member,9,41.95256,-87.79755
End,Noble St & Milwaukee Ave,casual,2110,41.9007,-87.662607
End,Noble St & Milwaukee Ave,member,5906,41.9007,-87.662607
End,Noble St & Ohio St,casual,2016,41.89242,-87.66206
End,Noble St & Ohio St,member,3933,41.89242,-87.66206
End,Noble St & Potomac Ave,casual,916,41.90543983624454,-87.6627232860262
End,Noble St & Potomac Ave,member,2508,41.90547628947368,-87.66272004385965
End,Nordica Ave & Medill Ave,casual,85,41.92227,-87.80202
End,Nordica Ave & Medill Ave,member,104,41.92227,-87.80202
End,Normal Ave & Archer Ave,casual,294,41.849526999999995,-87.640591
End,Normal Ave & Archer Ave,member,648,41.849527,-87.640591
End,North Ave & New England Ave,casual,14,41.909220399999995,-87.7971406
End,North Ave & New England Ave,member,10,41.9092204,-87.7971406
End,North Ave Beach,casual,2837,41.91399,-87.62527
End,North Ave Beach,member,1388,41.91399,-87.62527
End,North Ave Beach Overflow Corral,casual,863,41.9139321,-87.6252532
End,North Ave Beach Overflow Corral,member,521,41.9139321,-87.62525320000002
End,North Ave Beach Pedestrian Bridge,casual,1120,41.915633,-87.628214
End,North Ave Beach Pedestrian Bridge,member,732,41.915633,-87.628214
End,North Ave Beach Public Rack - 1,casual,8,41.922648,-87.629767
End,North Ave Beach Public Rack - 1,member,3,41.922648,-87.629767
End,North Ave Beach Public Rack - 2,casual,13,41.921984,-87.629547
End,North Ave Beach Public Rack - 2,member,6,41.921984,-87.629547
End,North Ave Beach Public Rack - 3,casual,9,41.9211296,-87.6293063
End,North Ave Beach Public Rack - 3,member,2,41.9211296,-87.6293063
End,North Ave Beach Public Rack - 4,casual,7,41.920621700000005,-87.6291956
End,North Ave Beach Public Rack - 4,member,2,41.9206217,-87.6291956
End,North Ave Public Rack - 1,casual,5,41.9211296,-87.6293063
End,North Ave Public Rack - 2,casual,6,41.9206217,-87.6291956
End,North Ave Public Rack - 2,member,5,41.9206217,-87.6291956
End,North Ave Public Rack - 3,casual,57,41.9195444,-87.6289383
End,North Ave Public Rack - 3,member,32,41.9195444,-87.6289383
End,North Ave Public Rack - 4,casual,41,41.9188083,-87.6287089
End,North Ave Public Rack - 4,member,30,41.9188083,-87.6287089
End,North Ave Public Rack - 5,casual,64,41.9177217,-87.6282882
End,North Ave Public Rack - 5,member,54,41.9177217,-87.62828820000001
End,North Ave Public Rack - 6,casual,23,41.9162904,-87.6274584
End,North Ave Public Rack - 6,member,8,41.9162904,-87.6274584
End,North Avenue Beach,casual,1791,41.91399,-87.62527
End,North Avenue Beach,member,675,41.91399,-87.62527
End,North Avenue Beach Pedestrian Bridge,casual,445,41.915584521348315,-87.62825250786517
End,North Avenue Beach Pedestrian Bridge,member,295,41.91556417288135,-87.62826867118645
End,North Boundary Park,casual,198,42.01303,-87.70891
End,North Boundary Park,member,410,42.01303,-87.70891
End,North Branch St & Haines St,casual,178,41.90056,-87.65079
End,North Branch St & Haines St,member,607,41.900560000000006,-87.65079
End,Northwestern Main Campus,casual,44,42.053906,-87.677688
End,Northwestern Main Campus,member,48,42.053906,-87.677688
End,Noyes CTA,casual,104,42.0584715,-87.68351800000002
End,Noyes CTA,member,75,42.0584715,-87.683518
End,Oak Park & Wellington,casual,7,41.934586,-87.79596130000002
End,Oak Park & Wellington,member,60,41.934586,-87.7959613
End,Oak Park Ave & Wellington Ave,casual,41,41.93459000000001,-87.79586
End,Oak Park Ave & Wellington Ave,member,47,41.93459,-87.79586
End,Oak St Beach Public Rack - North,casual,497,41.9027778,-87.62358029999999
End,Oak St Beach Public Rack - North,member,306,41.9027778,-87.6235803
End,Oak St Beach Public Rack - South,casual,742,41.9018549,-87.6222465
End,Oak St Beach Public Rack - South,member,144,41.9018549,-87.6222465
End,Oakley Ave & Irving Park Rd,casual,571,41.95434085219,-87.6860796243
End,Oakley Ave & Irving Park Rd,member,1624,41.95434085219,-87.6860796243
End,Oakley Ave & Lyndale St,casual,1091,41.92261,-87.68513
End,Oakley Ave & Lyndale St,member,1993,41.92261,-87.68513
End,Oakley Ave & Touhy Ave,casual,224,42.012342,-87.68824299999999
End,Oakley Ave & Touhy Ave,member,360,42.012342,-87.688243
End,Obama Presidential Center,casual,941,41.786419,-87.58646199999998
End,Obama Presidential Center,member,287,41.786418999999995,-87.586462
End,Oconto Ave & Belmont Ave,casual,35,41.93783,-87.80788
End,Oconto Ave & Belmont Ave,member,28,41.93783,-87.80788
End,Ogden Ave & Chicago Ave,casual,2634,41.896362458,-87.6540612729
End,Ogden Ave & Chicago Ave,member,6704,41.896362458,-87.6540612729
End,Ogden Ave & Congress Pkwy,casual,754,41.87501,-87.67328
End,Ogden Ave & Congress Pkwy,member,1670,41.87501,-87.67328
End,Ogden Ave & Race Ave,casual,1890,41.891794999999995,-87.658751
End,Ogden Ave & Race Ave,member,4366,41.891795,-87.658751
End,Ogden Ave & Roosevelt Rd,casual,257,41.86650148316,-87.68469707
End,Ogden Ave & Roosevelt Rd,member,1357,41.86650148316,-87.68469707
End,Oglesby Ave & 100th St,casual,33,41.71339748442245,-87.56584167480469
End,Oglesby Ave & 100th St,member,109,41.71339748442245,-87.56584167480469
End,Oketo Ave & Addison St,casual,31,41.94496,-87.81189
End,Oketo Ave & Addison St,member,13,41.94496,-87.81189
End,Olive Harvey College,casual,36,41.70958113526255,-87.59023368358612
End,Olive Harvey College,member,5,41.70958113526255,-87.59023368358612
End,Orange Ave & Addison St,casual,67,41.94485,-87.82423000000001
End,Orange Ave & Addison St,member,17,41.94485,-87.82423
End,Oriole Ave & Irving Park Rd,casual,27,41.95224000000001,-87.81696999999998
End,Oriole Ave & Irving Park Rd,member,9,41.95224,-87.81697000000001
End,Orleans St & Chestnut St (NEXT Apts),casual,2096,41.898203,-87.637536
End,Orleans St & Chestnut St (NEXT Apts),member,4972,41.898203,-87.637536
End,Orleans St & Elm St,casual,1484,41.902924,-87.637715
End,Orleans St & Elm St,member,4104,41.902924,-87.637715
End,Orleans St & Hubbard St,casual,2503,41.890028,-87.636618
End,Orleans St & Hubbard St,member,7109,41.890028,-87.636618
End,Orleans St & Merchandise Mart Plaza,casual,4479,41.888243,-87.63639
End,Orleans St & Merchandise Mart Plaza,member,13610,41.888243,-87.63639
End,Orrington & Clark,casual,3,42.050086,-87.679956
End,Orrington Ave & Clark St,casual,101,42.050086,-87.679956
End,Orrington Ave & Clark St,member,86,42.050086,-87.679956
End,Overhill Ave & Belmont Ave,casual,34,41.93799,-87.81915
End,Overhill Ave & Belmont Ave,member,63,41.93799,-87.81915
End,Panama Ave & Grace St,casual,51,41.94766,-87.82925
End,Panama Ave & Grace St,member,3,41.94766,-87.82925
End,Parkside Ave & Armitage Ave,casual,24,41.916907,-87.767173
End,Parkside Ave & Armitage Ave,member,25,41.916907,-87.767173
End,Parnell Ave & 127th St,casual,18,41.66338,-87.63429
End,Parnell Ave & 127th St,member,2,41.66338,-87.63429
End,Parnell Ave & 31st St,casual,393,41.837911,-87.640279
End,Parnell Ave & 31st St,member,568,41.837911,-87.640279
End,Paulina Ave & 87th St,casual,19,41.735629,-87.66552
End,Paulina Ave & 87th St,member,11,41.735629,-87.66552
End,Paulina Ave & North Ave,casual,2115,41.90985465216731,-87.66993016004562
End,Paulina Ave & North Ave,member,4492,41.90985465216731,-87.66993016004562
End,Paulina St & 18th St,casual,1444,41.857901,-87.668745
End,Paulina St & 18th St,member,3034,41.857901,-87.668745
End,Paulina St & Adams St,casual,817,41.87862,-87.66913
End,Paulina St & Adams St,member,1374,41.87862,-87.66913
End,Paulina St & Cortland St,casual,1406,41.91626,-87.67019
End,Paulina St & Cortland St,member,2742,41.91626,-87.67019
End,Paulina St & Division St,casual,3563,41.9035529,-87.6704292
End,Paulina St & Division St,member,9604,41.903552892117034,-87.67042920651967
End,Paulina St & Flournoy St,casual,1474,41.87306108789792,-87.66913488507271
End,Paulina St & Flournoy St,member,6031,41.87306108789792,-87.66913488507271
End,Paulina St & Howard St,casual,922,42.019159,-87.673573
End,Paulina St & Howard St,member,1485,42.019159,-87.673573
End,Paulina St & Lincoln Ave Public Rack,casual,410,41.94383799999999,-87.671469
End,Paulina St & Lincoln Ave Public Rack,member,1321,41.943838,-87.671469
End,Paulina St & Montrose Ave,casual,1151,41.961507,-87.671387
End,Paulina St & Montrose Ave,member,3516,41.961507,-87.671387
End,Peoria St & Jackson Blvd,casual,3394,41.8776415962753,-87.64961779117584
End,Peoria St & Jackson Blvd,member,9356,41.8776404426577,-87.64961748007985
End,Peoria St & Kinzie St,casual,2482,41.88896,-87.64973
End,Peoria St & Kinzie St,member,5601,41.88896,-87.64973
End,Perry Ave & 69th St,casual,301,41.76929308995,-87.6281959291
End,Perry Ave & 69th St,member,49,41.76929308995,-87.6281959291
End,Perry St & 119th St,casual,12,41.67785,-87.62519000000002
End,Pershing Rd & Sacramento Ave,casual,121,41.82237726810121,-87.69975413003766
End,Pershing Rd & Sacramento Ave,member,45,41.8223772681012,-87.69975413003766
End,Peterson/Ridge Metra,casual,1236,41.9918,-87.67489
End,Peterson/Ridge Metra,member,2936,41.9918,-87.67489
End,Phillips Ave & 79th St,casual,60,41.751819999999995,-87.56521100000002
End,Phillips Ave & 79th St,member,147,41.75182,-87.565211
End,Phillips Ave & 83rd St,casual,36,41.744531,-87.56506
End,Phillips Ave & 83rd St,member,56,41.744531,-87.56506
End,Pine Ave & Division St,casual,154,41.9019,-87.76389
End,Pine Ave & Division St,member,80,41.9019,-87.76389
End,Pine Grove Ave & Belmont Ave,casual,755,41.94002,-87.64166000000002
End,Pine Grove Ave & Belmont Ave,member,1286,41.940020000000004,-87.64166
End,Pine Grove Ave & Irving Park Rd,casual,4157,41.9543646,-87.6479285
End,Pine Grove Ave & Irving Park Rd,member,10159,41.95436415941589,-87.6479283796736
End,Pine Grove Ave & Waveland Ave,casual,4865,41.94947274088333,-87.64645278453827
End,Pine Grove Ave & Waveland Ave,member,12905,41.94947274088333,-87.64645278453827
End,Pine Grove Ave & Wellington Ave,casual,2036,41.93651,-87.64119
End,Pine Grove Ave & Wellington Ave,member,4262,41.93650999999999,-87.64119
End,Ping Tom Park (East),casual,101,41.8579886,-87.6319447
End,Ping Tom Park (East),member,75,41.8579886,-87.6319447
End,Ping Tom Park East Public Rack,casual,123,41.8579886,-87.63194470000002
End,Ping Tom Park East Public Rack,member,124,41.8579886,-87.6319447
End,Portage Park,casual,247,41.95607,-87.76472
End,Portage Park,member,151,41.95607,-87.76472
End,Prairie Ave & 43rd St,casual,364,41.81665889302,-87.6194124619
End,Prairie Ave & 43rd St,member,402,41.816658893020005,-87.61941246189998
End,Prairie Ave & Garfield Blvd,casual,581,41.794853,-87.61869099999998
End,Prairie Ave & Garfield Blvd,member,946,41.794853,-87.618691
End,Princeton Ave & 47th St,casual,209,41.80931770924,-87.63344928799998
End,Princeton Ave & 47th St,member,251,41.80931770924,-87.633449288
End,Princeton Ave & 95th St,casual,28,41.72175,-87.63075
End,Princeton Ave & 95th St,member,7,41.72175,-87.63075
End,Princeton Ave & Garfield Blvd,casual,174,41.794982,-87.633124
End,Princeton Ave & Garfield Blvd,member,199,41.79498199999999,-87.633124
End,Prospect Sq & 91st St,casual,83,41.7282338,-87.6675239
End,Prospect Sq & 91st St,member,44,41.7282338,-87.6675239
End,Public Rack - 10101 S Stony Island Ave,casual,1,41.70838,-87.581455
End,Public Rack - 10557 S Western Ave,casual,1,41.701719,-87.68128
End,Public Rack - 111th St - Morgan Park Metra,casual,2,41.692738,-87.670569
End,Public Rack - 111th St - Morgan Park Metra,member,9,41.692738,-87.670569
End,Public Rack - 2302 S Pulaski Rd,casual,1,41.849437,-87.724879
End,Public Rack - 2302 S Pulaski Rd,member,2,41.849437,-87.724879
End,Public Rack - 4810 Keeler Ave,casual,8,41.9685781,-87.7330358
End,Public Rack - 4810 Keeler Ave,member,13,41.96857810000001,-87.7330358
End,Public Rack - 532 E 43rd St,casual,23,41.816847,-87.613294
End,Public Rack - 532 E 43rd St,member,35,41.816847,-87.613294
End,Public Rack - 56th St & Mulligan Ave,casual,3,41.7905068,-87.7799326
End,Public Rack - 56th St & Mulligan Ave,member,1,41.7905068,-87.7799326
End,Public Rack - 61st St & Melvina Ave,casual,2,41.780658,-87.776651
End,Public Rack - 61st St & Melvina Ave,member,1,41.780658,-87.776651
End,Public Rack - 63rd Pl & Narraganssett Ave,casual,8,41.7765858,-87.7820753
End,Public Rack - 63rd Pl & Narraganssett Ave,member,4,41.7765858,-87.7820753
End,Public Rack - 63rd St & Meade Ave,member,1,41.778672,-87.7748374
End,Public Rack - 63rd St and Nagle Ave,casual,5,41.7776014,-87.78221579999999
End,Public Rack - 63rd St and Nagle Ave,member,1,41.7776014,-87.7822158
End,Public Rack - 63rd St and Natoma Ave,casual,1,41.777927,-87.7875789
End,Public Rack - 63rd St and Natoma Ave,member,1,41.777927,-87.7875789
End,Public Rack - 83rd St (Avalon Park) Metra,casual,2,41.743916,-87.598786
End,Public Rack - 85th Pl & Pulaski Rd,casual,4,41.737389,-87.721334
End,Public Rack - Abbott Park,casual,3,41.721696,-87.622278
End,Public Rack - Ada St & 119th St,casual,1,41.677326,-87.654473
End,Public Rack - Al Raby School,casual,1,41.886167,-87.714711
End,Public Rack - Al Raby School,member,2,41.886167,-87.714711
End,Public Rack - Albany Ave & 103rd St,casual,1,41.706747,-87.700047
End,Public Rack - Albany Ave & 103rd St,member,1,41.706747,-87.700047
End,Public Rack - Albany Ave & 63rd St,casual,1,41.778906,-87.70084
End,Public Rack - Albany Ave & 63rd St,member,1,41.778906,-87.70084
End,Public Rack - Ashburn Metra ,casual,1,41.7412,-87.71312
End,Public Rack - Ashland Ave & 45th St,member,3,41.811958,-87.66486200000001
End,Public Rack - Ashland Ave & 45th St  S,casual,2,41.811169,-87.66474
End,Public Rack - Ashland Ave & 46th St,casual,6,41.810537,-87.66540400000001
End,Public Rack - Ashland Ave & 63rd St,casual,1,41.779127,-87.664039
End,Public Rack - Ashland Ave & 63rd St,member,9,41.779127,-87.664039
End,Public Rack - Ashland Ave & 71st St,casual,3,41.76577,-87.66433
End,Public Rack - Ashland Ave & 71st St,member,10,41.76577,-87.66433
End,Public Rack - Ashland Ave & 73rd St,casual,1,41.760817,-87.663499
End,Public Rack - Ashland Ave & 73rd St,member,4,41.760817,-87.663499
End,Public Rack - Ashland Ave & 74th St,casual,1,41.759735,-87.663736
End,Public Rack - Ashland Ave & 76th St,casual,1,41.75596,-87.66391
End,Public Rack - Ashland Ave & 76th St,member,2,41.75596,-87.66391
End,Public Rack - Ashland Ave & 83rd St,casual,1,41.742715,-87.663551
End,Public Rack - Ashland Ave & 83rd St,member,5,41.742715,-87.663551
End,Public Rack - Ashland Ave & 91st St,member,1,41.728271,-87.662673
End,Public Rack - Ashland Orange Line CTA,casual,77,41.83922899,-87.6656411
End,Public Rack - Ashland Orange Line CTA,member,123,41.83922899,-87.6656411
End,Public Rack - Austin & 62nd,member,1,41.77966,-87.771414
End,Public Rack - Austin & Higgins,casual,2,41.973152,-87.77791
End,Public Rack - Austin & Higgins,member,1,41.973152,-87.77791
End,Public Rack - Austin Ave & Archer Ave,casual,5,41.794209,-87.7716154
End,Public Rack - Austin Ave & Roscoe St,casual,1,41.942196,-87.776472
End,Public Rack - Austin Ave & Roscoe St,member,9,41.942196,-87.776472
End,Public Rack - Austin Ave & Wellington Ave,casual,4,41.9352453,-87.776052
End,Public Rack - Austin Ave & Wellington Ave,member,3,41.9352453,-87.776052
End,Public Rack - Austin Ave & Wrightwood Ave,casual,3,41.927666,-87.775682
End,Public Rack - Austin Ave & Wrightwood Ave,member,4,41.927666,-87.775682
End,Public Rack - Austin Blvd & North Ave,casual,13,41.909281,-87.775613
End,Public Rack - Austin Blvd & North Ave,member,4,41.909281,-87.775613
End,Public Rack - Austin Branch Chicago Public Library,casual,2,41.889161,-87.765738
End,Public Rack - Ave N & 106th St,casual,2,41.702616,-87.538744
End,Public Rack - Ave N & 106th St,member,1,41.702616,-87.538744
End,Public Rack - Avenue J & 106th St,member,1,41.70261,-87.533531
End,Public Rack - Avenue M & 132nd St,casual,6,41.655692,-87.537595
End,Public Rack - Avers & Granville,casual,3,41.993947,-87.725095
End,Public Rack - Avers & Granville,member,8,41.993947,-87.725095
End,Public Rack - Avers & Lawrence,casual,14,41.96842,-87.72446
End,Public Rack - Avers & Lawrence,member,38,41.96842,-87.72446
End,Public Rack - Avers Ave & Irving Park Rd,casual,43,41.953789,-87.724161
End,Public Rack - Avers Ave & Irving Park Rd,member,44,41.953789,-87.724161
End,Public Rack - Avers Ave & Ogden Ave,casual,16,41.852642,-87.72103
End,Public Rack - Avers Ave & Ogden Ave,member,7,41.852642,-87.72103
End,Public Rack - Avondale Ave & Addison St,casual,23,41.94655,-87.719827
End,Public Rack - Avondale Ave & Addison St,member,62,41.946549999999995,-87.719827
End,Public Rack - Back of the Yards Park,casual,2,41.804381,-87.657742
End,Public Rack - Baltimore Ave & 132nd St,casual,1,41.655201,-87.546942
End,Public Rack - Bell Ave & 95th St,casual,2,41.721188,-87.678786
End,Public Rack - Bell Ave & 95th St,member,2,41.721188,-87.678786
End,Public Rack - Bensley Ave & 103rd St,casual,1,41.7084,-87.56319
End,Public Rack - Bensley Ave & 103rd St,member,2,41.7084,-87.56319
End,Public Rack - Bernard St & Foster Ave,casual,7,41.9756353,-87.7126762
End,Public Rack - Bernard St & Foster Ave,member,15,41.9756353,-87.7126762
End,Public Rack - Bishop St & 46th St,member,7,41.80994,-87.661522
End,Public Rack - Bradley Park,member,1,41.718353,-87.564459
End,Public Rack - Brandon Ave & 91st St,casual,1,41.730218,-87.546758
End,Public Rack - Brandon Ave & 91st St,member,5,41.730218,-87.546758
End,Public Rack - Brooks Park,casual,2,42.0044152,-87.8070628
End,Public Rack - Brooks Park,member,1,42.0044152,-87.8070628
End,Public Rack - Bryn Mawr Ave & Milwaukee Ave,casual,2,41.982934,-87.774434
End,Public Rack - Bryn Mawr Ave & Milwaukee Ave,member,9,41.982934,-87.774434
End,Public Rack - Bryn Mawr Ave & Spaulding Ave,casual,19,41.9830926,-87.7115845
End,Public Rack - Bryn Mawr Ave & Spaulding Ave,member,59,41.9830926,-87.7115845
End,Public Rack - Buffalo Ave & 89th St,member,1,41.73341,-87.54454
End,Public Rack - Burling Ave & Armitage Ave,casual,84,41.91814108,-87.64714058
End,Public Rack - Burling Ave & Armitage Ave,member,118,41.91814108,-87.64714057999998
End,Public Rack - Burnham Shores Park,casual,12,42.0403187,-87.6702221
End,Public Rack - Burnham Shores Park,member,6,42.0403187,-87.6702221
End,Public Rack - Burnside Academy,member,1,41.728525,-87.608231
End,Public Rack - California & 71st,casual,1,41.764618,-87.693452
End,Public Rack - California & 71st,member,2,41.764618,-87.693452
End,Public Rack - California & 82nd,member,1,41.745283,-87.692588
End,Public Rack - California & 87th,casual,3,41.73569,-87.69217199999999
End,Public Rack - California & 87th,member,6,41.73569,-87.69217199999999
End,Public Rack - California Ave & Cortez St,casual,131,41.900105,-87.696817
End,Public Rack - California Ave & Cortez St,member,240,41.900105,-87.696817
End,Public Rack - California Ave & Devon Ave - NE,casual,9,41.99826,-87.699481
End,Public Rack - California Ave & Devon Ave - NE,member,23,41.99826,-87.699481
End,Public Rack - California Ave & Devon Ave - NW,casual,10,41.998481,-87.69985
End,Public Rack - California Ave & Devon Ave - NW,member,8,41.998481,-87.69985
End,Public Rack - California Ave & Ogden Ave,casual,17,41.8608706,-87.69568100000001
End,Public Rack - California Ave & Ogden Ave,member,23,41.8608706,-87.695681
End,Public Rack - California Ave & Pershing Rd,casual,1,41.822632,-87.695024
End,Public Rack - California Ave & Pershing Rd,member,72,41.822632,-87.695024
End,Public Rack - California Ave & Touhy Ave - NW,casual,3,42.012177,-87.699865
End,Public Rack - California Ave & Touhy Ave - NW,member,7,42.012177,-87.699865
End,Public Rack - California Ave & Touhy Ave - SW,casual,12,42.011867,-87.700407
End,Public Rack - California Ave & Touhy Ave - SW,member,19,42.011867,-87.700407
End,Public Rack - California Ave & Touhy Ave - midblock,casual,1,42.012207,-87.700474
End,Public Rack - California Ave & Touhy Ave - midblock,member,6,42.012207,-87.700474
End,Public Rack - Calumet Ave & 103rd St,casual,1,41.707061,-87.615309
End,Public Rack - Calumet Ave & 51st St,casual,16,41.802221,-87.618457
End,Public Rack - Calumet Ave & 51st St,member,9,41.802221,-87.618457
End,Public Rack - Calumet Ave & 71st St,casual,2,41.765537,-87.617305
End,Public Rack - Calumet Ave & Garfield Blvd,casual,1,41.794886,-87.617415
End,Public Rack - Campbell Ave & Pratt Blvd,casual,11,42.00507,-87.692643
End,Public Rack - Campbell Ave & Pratt Blvd,member,107,42.005069999999996,-87.692643
End,Public Rack - Canfield & Victoria,casual,3,41.985067,-87.823171
End,Public Rack - Canfield & Victoria,member,6,41.985067,-87.823171
End,Public Rack - Canty Elementary School,casual,1,41.947562,-87.829311
End,Public Rack - Carpenter St & Madison St,casual,174,41.8816062,-87.6535114
End,Public Rack - Carpenter St & Madison St,member,318,41.8816062,-87.6535114
End,Public Rack - Centennial Park North,casual,65,42.0485144,-87.6736284
End,Public Rack - Centennial Park North,member,20,42.0485144,-87.6736284
End,Public Rack - Centennial Park South,casual,42,42.0464879,-87.6732393
End,Public Rack - Centennial Park South,member,10,42.0464879,-87.6732393
End,Public Rack - Central & Berteau,casual,1,41.95689,-87.767329
End,Public Rack - Central & Berteau,member,1,41.95689,-87.767329
End,Public Rack - Central & Leland,casual,20,41.965408,-87.767339
End,Public Rack - Central & Leland,member,54,41.965408,-87.767339
End,Public Rack - Central & Prescott,casual,15,41.992794,-87.765586
End,Public Rack - Central & Prescott,member,9,41.992794,-87.765586
End,Public Rack - Central Ave & Adams St,casual,1,41.878264,-87.764886
End,Public Rack - Central Ave & Adams St,member,1,41.878264,-87.764886
End,Public Rack - Central Ave & Corcoran Pl,casual,4,41.887342,-87.765041
End,Public Rack - Central Ave & Corcoran Pl,member,4,41.887342,-87.765041
End,Public Rack - Central Ave & George St,casual,1,41.9326579,-87.7662058
End,Public Rack - Central Ave & George St,member,3,41.9326579,-87.76620580000001
End,Public Rack - Central Ave & Lawrence Ave,casual,22,41.9678641,-87.7675931
End,Public Rack - Central Ave & Lawrence Ave,member,36,41.9678641,-87.7675931
End,Public Rack - Central Ave & North Ave,member,6,41.909414,-87.76581700000001
End,Public Rack - Central Ave & Pensacola Ave,casual,12,41.9600246,-87.7671371
End,Public Rack - Central Ave & Pensacola Ave,member,12,41.9600246,-87.7671371
End,Public Rack - Central Park & Bryn Mawr,casual,2,41.982873,-87.719594
End,Public Rack - Central Park & Bryn Mawr,member,15,41.982873,-87.71959399999999
End,Public Rack - Central Park & Peterson,casual,9,41.990093,-87.718753
End,Public Rack - Central Park & Peterson,member,80,41.990093,-87.718753
End,Public Rack - Central Park Ave & 16th St,casual,1,41.858938,-87.7157269
End,Public Rack - Central Park Ave & 16th St,member,2,41.858938,-87.7157269
End,Public Rack - Central Park Ave & Fillmore St,casual,4,41.8680617,-87.7153897
End,Public Rack - Central Park Ave & Fillmore St,member,9,41.8680617,-87.7153897
End,Public Rack - Central Park Ave & Fulton Blvd,casual,9,41.8861512,-87.7155114
End,Public Rack - Central Park Ave & Fulton Blvd,member,7,41.88615120000001,-87.7155114
End,Public Rack - Central Park Ave & Ogden Ave,casual,1,41.8543385,-87.7151584
End,Public Rack - Central Park Ave & Ogden Ave,member,1,41.8543385,-87.7151584
End,Public Rack - Champlain Ave & 65th St,casual,50,41.775904,-87.609301
End,Public Rack - Champlain Ave & 65th St,member,15,41.775904,-87.609301
End,Public Rack - Chappel Ave & 71st St,casual,9,41.766366,-87.575287
End,Public Rack - Chappel Ave & 71st St,member,2,41.766366,-87.575287
End,Public Rack - Chase Ave & Touhy Ave - NE,casual,7,42.014539,-87.6901359
End,Public Rack - Chase Ave & Touhy Ave - NE,member,8,42.014539,-87.6901359
End,Public Rack - Chase Ave & Touhy Ave - NW,casual,6,42.014271,-87.690408
End,Public Rack - Chase Ave & Touhy Ave - NW,member,3,42.014271,-87.690408
End,Public Rack - Chopin Park,casual,2,41.942675,-87.761899
End,Public Rack - Chopin Park,member,3,41.942675,-87.76189900000001
End,Public Rack - Christiana & Lincoln,casual,8,41.99346,-87.712734
End,Public Rack - Christiana & Lincoln,member,24,41.99346,-87.712734
End,Public Rack - Christiana Ave & 111th St,member,1,41.69137,-87.704809
End,Public Rack - Christiana Ave & 55th St,casual,8,41.793307,-87.707702
End,Public Rack - Christiana Ave & 55th St,member,1,41.793307,-87.707702
End,Public Rack - Christiana Ave & Archer Ave,casual,1,41.81175,-87.707577
End,Public Rack - Christiana Ave & Belmont Ave,casual,235,41.93917,-87.71169000000002
End,Public Rack - Christiana Ave & Belmont Ave,member,164,41.93917,-87.71169
End,Public Rack - Christiana Ave & Bryn Mawr Ave,casual,3,41.982838,-87.71233
End,Public Rack - Christiana Ave & Bryn Mawr Ave,member,6,41.982838,-87.71233
End,Public Rack - Christiana Ave & Lawrence Ave,casual,3,41.968547,-87.712582
End,Public Rack - Christiana Ave & Lawrence Ave,member,8,41.968547,-87.712582
End,Public Rack - Cicero & 64th,casual,9,41.77643,-87.742389
End,Public Rack - Cicero & 64th,member,6,41.77643,-87.742389
End,Public Rack - Cicero & Rosemont,casual,2,41.995567,-87.74864
End,Public Rack - Cicero & Rosemont,member,2,41.995567,-87.74864
End,Public Rack - Cicero Ave & Altgeld St,casual,3,41.925734,-87.746414
End,Public Rack - Cicero Ave & Altgeld St,member,1,41.925734,-87.746414
End,Public Rack - Cicero Ave & Belle Plaine Ave,casual,52,41.955625000000005,-87.747517
End,Public Rack - Cicero Ave & Belle Plaine Ave,member,58,41.955625,-87.74751699999999
End,Public Rack - Cicero Ave & Cortland St - midblock,casual,5,41.91582,-87.746074
End,Public Rack - Cicero Ave & Cortland St - midblock,member,6,41.91582,-87.74607399999998
End,Public Rack - Cicero Ave & Le Moyne St - midblock,member,2,41.906919,-87.74623
End,Public Rack - Cicero Ave & North Ave,casual,3,41.909329,-87.745838
End,Public Rack - Cicero Ave & North Ave,member,20,41.909329,-87.745838
End,Public Rack - Cicero Ave & Roscoe St,casual,2,41.9424235,-87.74713
End,Public Rack - Cicero Ave & Roscoe St,member,9,41.94242349999999,-87.74713
End,Public Rack - Cicero Ave & Wellington Ave,casual,4,41.935779,-87.746581
End,Public Rack - Cicero Ave & Wellington Ave,member,1,41.935779,-87.746581
End,Public Rack - Cicero Ave & Wrightwood Ave,casual,3,41.927944,-87.7466394
End,Public Rack - Cicero Ave & Wrightwood Ave,member,5,41.927944,-87.7466394
End,Public Rack - Clark Square Park,casual,8,42.0321198,-87.6699877
End,Public Rack - Clark Square Park,member,4,42.0321198,-87.6699877
End,Public Rack - Clark St & Diversey Pkwy (North 1),casual,234,41.93318983,-87.6452992
End,Public Rack - Clark St & Diversey Pkwy (North 1),member,312,41.93318983,-87.64529919999998
End,Public Rack - Clark St & Diversey Pkwy (North 2),casual,242,41.93333147,-87.64542123
End,Public Rack - Clark St & Diversey Pkwy (North 2),member,601,41.93333147,-87.64542123
End,Public Rack - Clark St & Diversey Pkwy (South),casual,257,41.93256596,-87.64478090000001
End,Public Rack - Clark St & Diversey Pkwy (South),member,334,41.93256596,-87.6447809
End,Public Rack - Clark St & Oak St,casual,60,41.90107054,-87.63147893
End,Public Rack - Clark St & Oak St,member,187,41.90107054,-87.63147893
End,Public Rack - Clifton Ave & Armitage Ave,casual,50,41.91800358,-87.65627483
End,Public Rack - Clifton Ave & Armitage Ave,member,103,41.91800358,-87.65627483000002
End,Public Rack - Clifton Ave & Webster Ave,casual,55,41.92153608,-87.65719604
End,Public Rack - Clifton Ave & Webster Ave,member,51,41.92153608,-87.65719603999999
End,Public Rack - Clybourn Ave & Dickens Ave,casual,131,41.91908084000001,-87.66107184999998
End,Public Rack - Clybourn Ave & Dickens Ave,member,283,41.91908084,-87.66107185
End,Public Rack - Clybourn Ave & Webster Ave,casual,548,41.92155279,-87.66449674
End,Public Rack - Clybourn Ave & Webster Ave,member,480,41.92155279,-87.66449674
End,Public Rack - Clyde Ave & 87th St,casual,1,41.73715,-87.57319
End,Public Rack - Colfax Ave & 83rd St,casual,2,41.744818,-87.561055
End,Public Rack - Columbus & 79th,casual,4,41.749218,-87.704409
End,Public Rack - Commercial Ave & 89th St,casual,1,41.733543,-87.551152
End,Public Rack - Commercial Ave & 89th St,member,3,41.733543,-87.551152
End,Public Rack - Corliss Ave & 103rd St,casual,1,41.707622,-87.60355
End,Public Rack - Corliss Ave & 103rd St,member,2,41.707622,-87.60355
End,Public Rack - Cornell Ave & 87th Pl,member,1,41.73688127,-87.58314552
End,Public Rack - Cottage Grove & 85th St,casual,1,41.740086,-87.604743
End,Public Rack - Cottage Grove & 86th St,member,6,41.738409,-87.604822
End,Public Rack - Cottage Grove Ave & 75th St,casual,1,41.758739,-87.605769
End,Public Rack - Cottage Grove Ave & 75th St,member,2,41.758739,-87.605769
End,Public Rack - Cottage Grove Ave & 87th St,casual,2,41.736448,-87.60616
End,Public Rack - Cottage Grove Ave & 89th Pl,member,2,41.731767,-87.604899
End,Public Rack - Cottage Grove Ave & 92nd St,member,5,41.727319,-87.60478700000002
End,Public Rack - Cottage Grove Ave & 98th St,casual,1,41.716172,-87.60435
End,Public Rack - Cottage Grove Ave & 98th St,member,1,41.716172,-87.60435
End,Public Rack - Crandon Ave & 80th St,casual,1,41.749519,-87.568831
End,Public Rack - Cumberland & Catherine,casual,1,41.977363,-87.836748
End,Public Rack - Cumberland & Catherine,member,1,41.977363,-87.836748
End,Public Rack - Damen & 87th,casual,2,41.736037,-87.672691
End,Public Rack - Damen & 87th,member,1,41.736037,-87.672691
End,Public Rack - Damen Ave & 47th St,casual,5,41.808884,-87.67513
End,Public Rack - Damen Ave & 47th St,member,1,41.808884,-87.67513
End,Public Rack - Damen Ave & Division St,casual,127,41.90328073,-87.67622971
End,Public Rack - Damen Ave & Division St,member,177,41.90328073,-87.67622971
End,Public Rack - Dawes Park North,casual,4,42.0447387,-87.6731301
End,Public Rack - Dawes Park North,member,4,42.0447387,-87.6731301
End,Public Rack - Dawes Park South,casual,15,42.04274780000001,-87.67176420000001
End,Public Rack - Dawes Park South,member,10,42.0427478,-87.6717642
End,Public Rack - Dearborn St & Jackson Ave,casual,124,41.87802962,-87.62940128
End,Public Rack - Dearborn St & Jackson Ave,member,189,41.87802962,-87.62940128
End,Public Rack - Dearborn St & Kinzie St 1,casual,686,41.88907808,-87.62948506
End,Public Rack - Dearborn St & Kinzie St 1,member,612,41.88907808,-87.62948506
End,Public Rack - Dearborn St & Kinzie St 2,casual,277,41.8893116,-87.62938824
End,Public Rack - Dearborn St & Kinzie St 2,member,216,41.889311600000006,-87.62938824
End,Public Rack - Dearborn St & Superior St,casual,189,41.89571985,-87.62953575
End,Public Rack - Dearborn St & Superior St,member,279,41.89571985,-87.62953575
End,Public Rack - Delphina & Foster,casual,4,41.9736,-87.841098
End,Public Rack - Delphina & Foster,member,26,41.9736,-87.841098
End,Public Rack - Desplaines St & Fulton St,casual,106,41.88689240000001,-87.64341688
End,Public Rack - Desplaines St & Fulton St,member,407,41.8868924,-87.64341688
End,Public Rack - Devon Ave & Central Ave,casual,1,41.997463,-87.764063
End,Public Rack - Devon Ave & Central Ave,member,4,41.997463,-87.764063
End,Public Rack - Devon Ave & Kinzua Ave,casual,1,41.997459,-87.764556
End,Public Rack - Devon Ave & Minnehaha Ave (west),casual,1,41.997384,-87.763064
End,Public Rack - Division St & Christiana Ave,casual,8,41.90254,-87.71085
End,Public Rack - Division St & Christiana Ave,member,4,41.90254,-87.71085
End,Public Rack - Drake Ave & Leland Ave,casual,18,41.9659853,-87.716876
End,Public Rack - Drake Ave & Leland Ave,member,256,41.9659853,-87.716876
End,Public Rack - DuSable Lake Shore Dr & Ontario St,casual,216,41.89434697,-87.61569137
End,Public Rack - DuSable Lake Shore Dr & Ontario St,member,244,41.894346969999994,-87.61569137
End,Public Rack - East End Ave & 75th St,member,1,41.75893,-87.582861
End,Public Rack - East End Ave & 87th St,casual,3,41.737054,-87.583998
End,Public Rack - Eberhart Ave & 131st St,casual,1,41.65759,-87.610713
End,Public Rack - Eberhart Ave & 61st St,casual,34,41.783745,-87.612919
End,Public Rack - Eberhart Ave & 61st St,member,3,41.783745,-87.61291899999999
End,Public Rack - Eggleston Ave & 114th St,member,1,41.686642,-87.633547
End,Public Rack - Eggleston Ave & 92nd St,member,1,41.726182,-87.63466
End,Public Rack - Eli Whitney Public School,casual,6,41.840249,-87.72547200000001
End,Public Rack - Eli Whitney Public School,member,3,41.840249,-87.72547200000001
End,Public Rack - Elliott Park,casual,6,42.0377042,-87.6701174
End,Public Rack - Elliott Park,member,1,42.0377042,-87.6701174
End,Public Rack - Elston Ave & Gunnison St,casual,3,41.9685781,-87.7405685
End,Public Rack - Elston Ave & Gunnison St,member,3,41.9685781,-87.7405685
End,Public Rack - Elston Ave & Kenneth Ave,casual,2,41.9676176,-87.7395673
End,Public Rack - Elston Ave & Kenneth Ave,member,5,41.9676176,-87.7395673
End,Public Rack - Emerald Ave & 43rd St,casual,51,41.81643,-87.644754
End,Public Rack - Emerald Ave & 43rd St,member,90,41.81643,-87.644754
End,Public Rack - Emerald Ave & 45th St,casual,7,41.812381,-87.644633
End,Public Rack - Emerald Ave & 45th St,member,25,41.812381,-87.644633
End,Public Rack - Evans Ave & 63rd St,casual,9,41.780506,-87.607519
End,Public Rack - Evans Ave & 63rd St,member,21,41.780506,-87.607519
End,Public Rack - Ewing Ave & 101st St,casual,1,41.7117328,-87.5350591
End,Public Rack - Ewing Ave & 102nd St,casual,2,41.709948,-87.535365
End,Public Rack - Ewing Ave & 106th St,casual,1,41.7024928,-87.5351313
End,Public Rack - Ewing Ave & 107th St,casual,8,41.700378,-87.535276
End,Public Rack - Ewing Ave & 112th St,casual,1,41.691979,-87.534912
End,Public Rack - Ewing Ave & 99th St,casual,7,41.715961400000005,-87.5351111
End,Public Rack - Ewing Ave & Indianapolis Ave,casual,3,41.712353,-87.53545000000001
End,Public Rack - Ewing Ave & Indianapolis Ave,member,10,41.712353,-87.53545
End,Public Rack - Exchange Ave & 73rd Pl,casual,2,41.76261263,-87.56381871
End,Public Rack - Exchange Ave & 73rd Pl,member,6,41.76261263,-87.56381871
End,Public Rack - Fairfield Ave & 63rd St,casual,1,41.77926,-87.692703
End,Public Rack - Ford City Mall,casual,14,41.757154,-87.741409
End,Public Rack - Ford City Mall,member,6,41.757154,-87.74140900000002
End,Public Rack - Forest Glen & Peterson,casual,3,41.98986,-87.74292099999998
End,Public Rack - Forest Glen & Peterson,member,2,41.98986,-87.742921
End,Public Rack - Forest Glen Station ,casual,18,41.97871000000001,-87.75552
End,Public Rack - Forest Glen Station ,member,54,41.97871,-87.75552
End,Public Rack - Forrestville Ave & 47th St,casual,1,41.809319,-87.612921
End,Public Rack - Forrestville Ave & 47th St,member,11,41.809319,-87.612921
End,Public Rack - Foster Ave & Drake Ave,casual,4,41.975563,-87.717352
End,Public Rack - Foster Ave & Drake Ave,member,224,41.975563,-87.717352
End,Public Rack - Francisco Ave & Touhy Ave,member,3,42.011865,-87.701317
End,Public Rack - Franklin Park,member,1,41.861493,-87.733404
End,Public Rack - Fullerton Ave & Lavergne Ave,casual,1,41.92398,-87.75195
End,Public Rack - Fullerton Ave & Lavergne Ave,member,1,41.92398,-87.75195
End,Public Rack - Fullerton Ave & Narragansett Ave,casual,9,41.923739,-87.785835
End,Public Rack - Fullerton Ave & Narragansett Ave,member,27,41.923739000000005,-87.785835
End,Public Rack - Garden Park,casual,4,42.0294792,-87.6688705
End,Public Rack - Garden Park,member,14,42.029479200000004,-87.6688705
End,Public Rack - Garfield Park Conservatory,casual,20,41.886579999999995,-87.716646
End,Public Rack - Garfield Park Conservatory,member,22,41.88658,-87.71664599999998
End,Public Rack - Grand Ave & North Ave,member,1,41.909614,-87.734722
End,Public Rack - Green St & 103rd St,casual,1,41.70665,-87.643422
End,Public Rack - Greenwood Ave & Lake Park Ave,casual,34,41.817372,-87.59957599999998
End,Public Rack - Greenwood Ave & Lake Park Ave,member,36,41.817372000000006,-87.59957600000001
End,Public Rack - Haft Ave & Milwaukee Ave,casual,4,41.9955785,-87.7863994
End,Public Rack - Haft Ave & Milwaukee Ave,member,2,41.9955785,-87.7863994
End,Public Rack - Hale Ave & 111th St,casual,2,41.691801,-87.671351
End,Public Rack - Halsted St & 102nd St,casual,8,41.70794,-87.643177
End,Public Rack - Halsted St & 102nd St,member,1,41.70794,-87.643177
End,Public Rack - Halsted St & 109th St,casual,4,41.695655,-87.642804
End,Public Rack - Halsted St & 111th St,casual,4,41.691838,-87.642747
End,Public Rack - Halsted St & 113th St,casual,2,41.68851,-87.642512
End,Public Rack - Halsted St & 41st St,casual,4,41.820147,-87.64568
End,Public Rack - Halsted St & 63rd St,casual,2,41.779945,-87.641378
End,Public Rack - Halsted St & 63rd St,member,7,41.779945,-87.641378
End,Public Rack - Halsted St & 64th St,member,2,41.777436,-87.644535
End,Public Rack - Halsted St & 80th St,casual,2,41.748175,-87.644238
End,Public Rack - Halsted St & 94th St,casual,1,41.723442,-87.643612
End,Public Rack - Halsted St & 94th St,member,1,41.723442,-87.643612
End,Public Rack - Halsted St & 95th St - SE,casual,6,41.721004,-87.643031
End,Public Rack - Halsted St & 95th St - SE,member,2,41.721004,-87.643031
End,Public Rack - Halsted St & 95th St - SW,casual,2,41.720964,-87.643447
End,Public Rack - Halsted St & 95th St - SW,member,1,41.720964,-87.643447
End,Public Rack - Halsted St & Fullerton Ave,casual,309,41.92554512,-87.64781047
End,Public Rack - Halsted St & Fullerton Ave,member,238,41.92554512,-87.64781047
End,Public Rack - Halsted St Metra Station,casual,112,41.860435390000006,-87.64683102
End,Public Rack - Halsted St Metra Station,member,199,41.86043539,-87.64683102
End,Public Rack - Hamilton Ave & 95th St,casual,6,41.720832,-87.676382
End,Public Rack - Hamilton Ave & 95th St,member,2,41.720832,-87.676382
End,Public Rack - Hamlin Ave & Chicago Ave,casual,2,41.895201,-87.721541
End,Public Rack - Hamlin Ave & Chicago Ave,member,10,41.895201,-87.721541
End,Public Rack - Hamlin Ave & Fullerton Ave,casual,95,41.924319,-87.721446
End,Public Rack - Hamlin Ave & Fullerton Ave,member,165,41.924319,-87.721446
End,Public Rack - Hamlin Ave & Grand Ave,casual,4,41.903738,-87.720287
End,Public Rack - Hamlin Ave & Grand Ave,member,6,41.903738,-87.720287
End,Public Rack - Hamlin Ave & Madison St,casual,7,41.880833,-87.72079700000002
End,Public Rack - Hamlin Ave & Madison St,member,5,41.880833,-87.720797
End,Public Rack - Hamlin Ave & Montrose Ave,casual,44,41.961216,-87.722416
End,Public Rack - Hamlin Ave & Montrose Ave,member,267,41.961216,-87.722416
End,Public Rack - Harlem & Palatine,casual,3,41.995502,-87.806967
End,Public Rack - Harlem & Palatine,member,2,41.995502,-87.806967
End,Public Rack - Harlem & Summerdale,member,10,41.977814,-87.80681
End,Public Rack - Harlem and W. 59th,casual,1,41.78495,-87.8011
End,Public Rack - Harlem and W. 59th,member,1,41.78495,-87.8011
End,Public Rack - Harold Washington Park,casual,46,41.801089,-87.584791
End,Public Rack - Harold Washington Park,member,126,41.801089,-87.584791
End,Public Rack - Harper Ave & 63rd St,casual,4,41.780728,-87.587566
End,Public Rack - Harper Ave & 63rd St,member,5,41.780728,-87.587566
End,Public Rack - Harriet E Sayre Public School,casual,5,41.913547,-87.79876
End,Public Rack - Harriet E Sayre Public School,member,1,41.913547,-87.79876
End,Public Rack - Harvard Ave & 119th St,casual,2,41.678227,-87.630775
End,Public Rack - Hiawatha & Mendota,casual,26,42.00699,-87.77800699999999
End,Public Rack - Hiawatha & Mendota,member,39,42.00699,-87.778007
End,Public Rack - Hiawatha Ave & Minnehaha Ave,casual,1,41.9995224,-87.7604899
End,Public Rack - Hiawatha Ave & Minnehaha Ave,member,6,41.9995224,-87.7604899
End,Public Rack - Hiawatha Park,casual,1,41.944068,-87.827302
End,Public Rack - Hiawatha Park,member,1,41.944068,-87.827302
End,Public Rack - Higgins Ave & Neva Ave,casual,1,41.980602,-87.8060476
End,Public Rack - Higgins Ave & Neva Ave,member,3,41.980602,-87.8060476
End,Public Rack - Holbrook St & Milwaukee Ave,member,2,41.992273,-87.783303
End,Public Rack - Hollywood Park,casual,13,41.98929,-87.71182
End,Public Rack - Hollywood Park,member,70,41.98929,-87.71182
End,Public Rack - Homan Ave & 111th St,member,1,41.691578,-87.705842
End,Public Rack - Homan Ave & 26th St,casual,3,41.84456,-87.710058
End,Public Rack - Homan Ave & 26th St,member,2,41.84456,-87.710058
End,Public Rack - Homan Ave & 62nd Pl,casual,1,41.779668,-87.707834
End,Public Rack - Homan Ave & 62nd Pl,member,1,41.779668,-87.707834
End,Public Rack - Homan Ave & Lake St,casual,13,41.88474,-87.71135699999999
End,Public Rack - Homan Ave & Lake St,member,15,41.884739999999994,-87.711357
End,Public Rack - Homan Ave & Roosevelt,casual,3,41.86649,-87.710786
End,Public Rack - Homan Ave & Roosevelt,member,7,41.86649,-87.710786
End,Public Rack - Homewood Ave & Monterey Ave,casual,1,41.691691,-87.670161
End,Public Rack - Homewood Ave & Monterey Ave,member,1,41.691691,-87.670161
End,Public Rack - Houston Ave & 131st St,casual,9,41.656961,-87.548521
End,Public Rack - Houston Ave & 131st St,member,1,41.656961,-87.548521
End,Public Rack - Houston Ave & 91st St,casual,5,41.729964,-87.549645
End,Public Rack - Houston Ave & 91st St,member,21,41.729964,-87.549645
End,Public Rack - Hoyne Ave & 110th Pl,casual,1,41.692458,-87.674035
End,Public Rack - Hoyne Ave & 110th Pl,member,3,41.692458,-87.674035
End,Public Rack - Hoyne Ave & 51st St,casual,9,41.801001,-87.676773
End,Public Rack - Hoyne Ave & 51st St,member,1,41.801001,-87.676773
End,Public Rack - Hoyne Ave & Grand Ave,casual,49,41.890918,-87.67928799999999
End,Public Rack - Hoyne Ave & Grand Ave,member,83,41.890918,-87.679288
End,Public Rack - Hoyne Ave & Walton St,casual,58,41.898502,-87.67952
End,Public Rack - Hoyne Ave & Walton St,member,275,41.898502,-87.67952
End,Public Rack - Hyde Park Blvd & 53rd St,casual,102,41.799468,-87.58420600000001
End,Public Rack - Hyde Park Blvd & 53rd St,member,117,41.799468,-87.584206
End,Public Rack - Hyde Park Blvd & 55th St,casual,105,41.795,-87.584113
End,Public Rack - Hyde Park Blvd & 55th St,member,450,41.795,-87.584113
End,Public Rack - Imlay & Milwaukee,casual,7,41.998983,-87.78956000000001
End,Public Rack - Imlay & Milwaukee,member,9,41.998983,-87.78956
End,Public Rack - Independence Blvd & Roosevelt,casual,38,41.8662123,-87.7184969
End,Public Rack - Independence Blvd & Roosevelt,member,6,41.8662123,-87.7184969
End,Public Rack - Indiana Ave & 111th St,casual,1,41.692535,-87.617711
End,Public Rack - Indiana Ave & 111th St,member,1,41.692535,-87.617711
End,Public Rack - Irving Park Rd & Austin Ave,casual,5,41.953139,-87.777118
End,Public Rack - Irving Park Rd & Austin Ave,member,3,41.953139,-87.77711800000002
End,Public Rack - Irving Park Rd & Leclaire Ave,casual,16,41.953418,-87.754841
End,Public Rack - Irving Park Rd & Leclaire Ave,member,62,41.953418,-87.754841
End,Public Rack - Irving Park Rd & Melvina Ave,casual,1,41.952869,-87.780728
End,Public Rack - Irving Park Rd & Melvina Ave,member,5,41.952869,-87.780728
End,Public Rack - Irving Park Rd & Menard Ave,casual,6,41.9532339,-87.7721894
End,Public Rack - Irving Park Rd & Menard Ave,member,1,41.9532339,-87.7721894
End,Public Rack - Irving Park Rd & Parkside Ave,casual,4,41.9530544,-87.688832
End,Public Rack - Irving Park Rd & Parkside Ave,member,6,41.9530544,-87.688832
End,Public Rack - James Madison School,casual,1,41.759876,-87.590638
End,Public Rack - Jeffery Blvd & 67th St,casual,10,41.773259,-87.576664
End,Public Rack - Jeffery Blvd & 67th St,member,9,41.773259,-87.576664
End,Public Rack - Jeffery Blvd & 81st St,member,1,41.74927751,-87.57585394
End,Public Rack - Jeffrey Blvd & 71st St,casual,14,41.766332999999996,-87.576154
End,Public Rack - Jeffrey Blvd & 71st St,member,17,41.766333,-87.576154
End,Public Rack - Jensen Park,casual,20,41.964864,-87.720774
End,Public Rack - Jensen Park,member,187,41.964864,-87.720774
End,Public Rack - Jonathan Y Scammon Public School,casual,38,41.941612,-87.732372
End,Public Rack - Jonathan Y Scammon Public School,member,305,41.941612,-87.732372
End,Public Rack - Justine St & 87th St,casual,4,41.736019,-87.66243
End,Public Rack - Justine St & 87th St,member,195,41.736019,-87.66243
End,Public Rack - Karlov Ave & 26th St,casual,2,41.844287,-87.727078
End,Public Rack - Karlov Ave & 26th St,member,2,41.844287,-87.727078
End,Public Rack - Karlov Ave & Kamerling Ave,casual,72,41.905621,-87.728636
End,Public Rack - Karlov Ave & Kamerling Ave,member,32,41.905621,-87.728636
End,Public Rack - Karlov Ave & Lawrence Ave,casual,4,41.9683053,-87.7300646
End,Public Rack - Karlov Ave & Lawrence Ave,member,6,41.9683053,-87.7300646
End,Public Rack - Karlov Ave & Milwaukee Ave,casual,112,41.942702,-87.730011
End,Public Rack - Karlov Ave & Milwaukee Ave,member,70,41.942702,-87.730011
End,Public Rack - Keating & Peterson,casual,11,41.990159,-87.747183
End,Public Rack - Keating & Peterson,member,80,41.990159,-87.747183
End,Public Rack - Kedvale Ave & 26th St,member,3,41.844265,-87.72810299999999
End,Public Rack - Kedvale Ave & 63rd St E,casual,2,41.778768,-87.725957
End,Public Rack - Kedvale Ave & 63rd St W,casual,10,41.778761,-87.72689199999999
End,Public Rack - Kedvale Ave & 63rd St W,member,142,41.778760999999996,-87.726892
End,Public Rack - Kedvale Ave & Addison St,member,2,41.947174,-87.730837
End,Public Rack - Kedvale Ave & Avondale Ave,casual,5,41.952874,-87.731229
End,Public Rack - Kedvale Ave & Avondale Ave,member,5,41.952874,-87.731229
End,Public Rack - Kedvale Ave & Peterson Ave,casual,3,41.9902168,-87.7323063
End,Public Rack - Kedvale Ave & Peterson Ave,member,2,41.9902168,-87.7323063
End,Public Rack - Kedzie & 103rd St - East,member,1,41.705444,-87.701232
End,Public Rack - Kedzie & 103rd St - W,casual,2,41.705247,-87.701424
End,Public Rack - Kedzie & 103rd St - W,member,1,41.705247,-87.701424
End,Public Rack - Kedzie & 73rd,casual,2,41.760696,-87.70238
End,Public Rack - Kedzie Ave & 54th St - SE,casual,6,41.794326000000005,-87.703471
End,Public Rack - Kedzie Ave & 54th St - SE,member,5,41.794326,-87.703471
End,Public Rack - Kedzie Ave & 54th St - SW,casual,2,41.795222,-87.703719
End,Public Rack - Kedzie Ave & 58th St,casual,5,41.788263,-87.703576
End,Public Rack - Kedzie Ave & 58th St,member,7,41.78826299999999,-87.703576
End,Public Rack - Kedzie Ave & 60th St,member,1,41.785235,-87.703131
End,Public Rack - Kedzie Ave & 61st Pl W,casual,3,41.78201,-87.7034
End,Public Rack - Kedzie Ave & 62nd Pl,casual,2,41.780148,-87.703338
End,Public Rack - Kedzie Ave & 63rd St,casual,2,41.778865,-87.703029
End,Public Rack - Kedzie Ave & 64th St - SE,casual,17,41.776985,-87.702916
End,Public Rack - Kedzie Ave & 64th St - SW,casual,18,41.777031,-87.703223
End,Public Rack - Kedzie Ave & 64th St - SW,member,3,41.777031,-87.703223
End,Public Rack - Kedzie Ave & Archer Ave,casual,2,41.81359,-87.70478
End,Public Rack - Kedzie Ave & Argyle St,casual,80,41.972097,-87.708572
End,Public Rack - Kedzie Ave & Argyle St,member,256,41.972097,-87.708572
End,Public Rack - Kedzie Ave & Arthington St,casual,2,41.8700949,-87.7062429
End,Public Rack - Kedzie Ave & Arthington St,member,3,41.8700949,-87.7062429
End,Public Rack - Kedzie Ave & Chicago Ave,casual,18,41.89556,-87.70641
End,Public Rack - Kedzie Ave & Chicago Ave,member,42,41.89556,-87.70641
End,Public Rack - Kedzie Ave & Walnut St,casual,3,41.885891,-87.70642500000001
End,Public Rack - Kedzie Ave & Walnut St,member,6,41.885891,-87.70642500000001
End,Public Rack - Keef Ave & South Chicago Ave,casual,1,41.7707,-87.611706
End,Public Rack - Keeler Ave & 26th St,casual,4,41.844058,-87.729873
End,Public Rack - Keeler Ave & 26th St,member,2,41.844058,-87.729873
End,Public Rack - Keeler Ave & 55th St,member,2,41.79304,-87.728214
End,Public Rack - Keeler Ave & Madison St S,member,1,41.880531,-87.731063
End,Public Rack - Kenmore Ave & Armitage Ave,casual,77,41.91821172000001,-87.65452850999999
End,Public Rack - Kenmore Ave & Armitage Ave,member,132,41.918211719999995,-87.65452851
End,Public Rack - Kenneth & Carmen,casual,19,41.972642,-87.739239
End,Public Rack - Kenneth & Carmen,member,68,41.97264200000001,-87.739239
End,Public Rack - Kenneth Ave & 63rd St E,casual,2,41.778411,-87.733387
End,Public Rack - Kenton & Lawrence,casual,6,41.967989,-87.743049
End,Public Rack - Kenton & Lawrence,member,8,41.967989,-87.743049
End,Public Rack - Kenton Ave & Palmer St,casual,13,41.9206781,-87.7419523
End,Public Rack - Kenton Ave & Palmer St,member,2,41.9206781,-87.7419523
End,Public Rack - Keystone Ave & Irving Park Rd,casual,64,41.953449,-87.729635
End,Public Rack - Keystone Ave & Irving Park Rd,member,113,41.953449,-87.729635
End,Public Rack - Keystone Ave & North Ave,casual,9,41.909623,-87.727951
End,Public Rack - Keystone Ave & North Ave,member,51,41.909623,-87.727951
End,Public Rack - Kilbourn Ave & Fullerton Ave,casual,1,41.924447,-87.73998
End,Public Rack - Kilbourn Ave & Fullerton Ave,member,2,41.924447,-87.73998
End,Public Rack - Kildare Ave & 63rd St,casual,1,41.778442,-87.73047
End,Public Rack - Kildare Ave & North Ave,casual,5,41.909866,-87.73399
End,Public Rack - Kildare Ave & North Ave,member,9,41.909866,-87.73399
End,Public Rack - Kildare Ave & Washignton Blvd,casual,3,41.881838,-87.733661
End,Public Rack - Kildare Ave & Washignton Blvd,member,1,41.881838,-87.733661
End,Public Rack - Kilpatrick & Elston,casual,3,41.970024,-87.74341
End,Public Rack - Kilpatrick & Elston,member,38,41.970024,-87.74341
End,Public Rack - Kimball & Ardmore,casual,7,41.987024000000005,-87.71397
End,Public Rack - Kimball & Ardmore,member,127,41.987024,-87.71397
End,Public Rack - Kimball Ave & Carmen Ave,casual,15,41.973896,-87.713297
End,Public Rack - Kimball Ave & Carmen Ave,member,16,41.973896,-87.713297
End,Public Rack - Kimball Ave & Lawrence Ave,casual,31,41.9679125,-87.7134353
End,Public Rack - Kimball Ave & Lawrence Ave,member,69,41.9679125,-87.7134353
End,Public Rack - Kimbark Ave & 67th St,casual,80,41.774045,-87.594322
End,Public Rack - Kimbark Ave & 67th St,member,12,41.774045,-87.59432200000002
End,Public Rack - King Dr & 115th St,casual,1,41.685239,-87.613418
End,Public Rack - King Dr & 115th St,member,8,41.685239,-87.613418
End,Public Rack - King Dr & 71st St,casual,4,41.765862,-87.614787
End,Public Rack - King Dr & Oakwood Blvd,casual,7,41.822827,-87.616486
End,Public Rack - King Dr & Oakwood Blvd,member,15,41.82282699999999,-87.616486
End,Public Rack - Kingsbury Ave & Blackhawk St,casual,404,41.90822033,-87.65166629
End,Public Rack - Kingsbury Ave & Blackhawk St,member,804,41.90822033,-87.65166629
End,Public Rack - Kingsbury Ave & Eastman St,casual,239,41.90687904,-87.6508806
End,Public Rack - Kingsbury Ave & Eastman St,member,488,41.90687904,-87.65088059999998
End,Public Rack - Kingston Ave & 75th St,casual,1,41.758905,-87.562188
End,Public Rack - Kingston Ave & 75th St,member,9,41.758905,-87.562188
End,Public Rack - Kinzua Ave & Devon Ave,member,3,41.9979207,-87.7653719
End,Public Rack - Kolin Ave & Archer Ave,casual,5,41.800514,-87.731802
End,Public Rack - Komensky Ave & 26th St,member,2,41.844168,-87.726317
End,Public Rack - Komensky Ave & 59th St,casual,7,41.786049,-87.723645
End,Public Rack - Komensky Ave & 59th St,member,17,41.786154949019604,-87.72359794509805
End,Public Rack - Komensky Ave & 63rd St,casual,6,41.77882,-87.723599
End,Public Rack - Komensky Ave & 63rd St,member,13,41.77882,-87.723599
End,Public Rack - Kostner & Bryn Mawr,casual,4,41.982741,-87.737548
End,Public Rack - Kostner & Bryn Mawr,member,3,41.982741,-87.737548
End,Public Rack - Kostner & Peterson,casual,5,41.98993,-87.737967
End,Public Rack - Kostner & Peterson,member,5,41.98993,-87.737967
End,Public Rack - Kostner Ave & 16th St,casual,1,41.8588018,-87.7343019
End,Public Rack - Kostner Ave & 16th St,member,2,41.8588018,-87.7343019
End,Public Rack - Kostner Ave & Armitage Ave,casual,40,41.917211,-87.736136
End,Public Rack - Kostner Ave & Armitage Ave,member,3,41.917211,-87.736136
End,Public Rack - Kostner Ave & Diversey Ave,casual,7,41.931803,-87.73728500000001
End,Public Rack - Kostner Ave & Diversey Ave,member,4,41.931803,-87.737285
End,Public Rack - Kostner Ave & Lake St,member,1,41.885708,-87.735424
End,Public Rack - Kostner Ave & North Ave,casual,7,41.908816,-87.73646299999999
End,Public Rack - Kostner Ave & North Ave,member,39,41.908816,-87.736463
End,Public Rack - Kostner Ave & Wrightwood Ave,casual,2,41.92786,-87.735756
End,Public Rack - Kostner Ave & Wrightwood Ave,member,2,41.92786,-87.735756
End,Public Rack - Lafayette Ave & 87th St - NW,casual,1,41.736354,-87.626741
End,Public Rack - Lafayette Ave & 87th St - NW,member,8,41.736354,-87.626741
End,Public Rack - Lafayette Ave & 87th St SW,casual,1,41.736223,-87.626737
End,Public Rack - Lafayette Ave & 95th St,casual,20,41.72178699999999,-87.624939
End,Public Rack - Lafayette Ave & 95th St,member,14,41.721787,-87.624939
End,Public Rack - Laflin St & 79th St,casual,2,41.750326,-87.66168
End,Public Rack - Laflin St &51st ST,casual,1,41.801354,-87.662076
End,Public Rack - Laflin St &51st ST,member,2,41.801354,-87.662076
End,Public Rack - Lake Park Ave & 44th St,casual,1,41.814697,-87.598006
End,Public Rack - Lake Shore Dr & Hayes Dr,casual,35,41.780581,-87.57456200000001
End,Public Rack - Lake Shore Dr & Hayes Dr,member,6,41.780581,-87.574562
End,Public Rack - Langley Ave & 105th Pl,casual,6,41.702472,-87.606477
End,Public Rack - Langley Ave & 49th St,casual,5,41.805218,-87.609076
End,Public Rack - Langley Ave & 49th St,member,49,41.805218,-87.60907600000002
End,Public Rack - Langley Ave & 79th St,casual,2,41.751103,-87.607432
End,Public Rack - Langley Ave & 79th St,member,1,41.751103,-87.607432
End,Public Rack - Langley Ave & Oakwood Blvd,casual,41,41.822839,-87.609525
End,Public Rack - Langley Ave & Oakwood Blvd,member,8,41.822839,-87.609525
End,Public Rack - Laporte Ave & Armitage Ave,member,2,41.917047,-87.750008
End,Public Rack - Laramie Ave & Belmont Ave,casual,2,41.9386855,-87.75563
End,Public Rack - Laramie Ave & Belmont Ave,member,14,41.938685500000005,-87.75563
End,Public Rack - Laramie Ave & Fullerton Ave,casual,2,41.9240754,-87.7568589
End,Public Rack - Laramie Ave & Fullerton Ave,member,2,41.9240754,-87.7568589
End,Public Rack - Laramie Ave & Grand Ave,casual,3,41.917002,-87.755972
End,Public Rack - Laramie Ave & Grand Ave,member,8,41.917002,-87.755972
End,Public Rack - Laramie Ave & Warwick Ave,casual,4,41.948812,-87.75713
End,Public Rack - Laramine Ave & Winnemac Ave,casual,30,41.9718249,-87.7575623
End,Public Rack - Laramine Ave & Winnemac Ave,member,17,41.9718249,-87.7575623
End,Public Rack - Latrobe Ave & Lake St,casual,2,41.887083,-87.756181
End,Public Rack - Latrobe Ave & Lake St,member,1,41.887083,-87.756181
End,Public Rack - Lavergne & Lawrence,casual,2,41.967912,-87.752496
End,Public Rack - Lavergne & Lawrence,member,1,41.967912,-87.752496
End,Public Rack - Lavergne Ave & Belle Plaine Ave,casual,20,41.9553079,-87.7517878
End,Public Rack - Lavergne Ave & Belle Plaine Ave,member,17,41.9553079,-87.7517878
End,Public Rack - Lawndale Ave & 23rd St,casual,4,41.849956,-87.716712
End,Public Rack - Lawndale Ave & 23rd St,member,8,41.849956,-87.716712
End,Public Rack - Lawndale Ave & 63rd St,casual,4,41.7787155,-87.7140552
End,Public Rack - Lawndale Ave & 63rd St,member,1,41.7787155,-87.7140552
End,Public Rack - Lawndale Ave & Diversey Ave,casual,23,41.931702,-87.719254
End,Public Rack - Lawndale Ave & Diversey Ave,member,32,41.931702,-87.719254
End,Public Rack - Lawndale Ave & Polk St,casual,4,41.8707651,-87.7183735
End,Public Rack - Lawndale Ave & Polk St,member,2,41.8707651,-87.7183735
End,Public Rack - Lawndale Ave & Roosevelt,casual,3,41.866225,-87.717918
End,Public Rack - Lawndale Ave & Roosevelt,member,1,41.866225,-87.717918
End,Public Rack - Lawrence Ave & Kimball Ave,casual,6,41.968277,-87.712629
End,Public Rack - Lawrence Ave & Kimball Ave,member,40,41.968277,-87.71262900000002
End,Public Rack - Leader & Caldwell,casual,4,41.991496,-87.754447
End,Public Rack - Leader & Caldwell,member,1,41.991496,-87.754447
End,Public Rack - Leamington & Elston,casual,25,41.977894,-87.756315
End,Public Rack - Leamington & Elston,member,102,41.977894,-87.756315
End,Public Rack - Leavitt St & Potomac Ave,casual,55,41.904976,-87.682051
End,Public Rack - Leavitt St & Potomac Ave,member,149,41.904976,-87.68205099999999
End,Public Rack - Leclaire Ave & Division St,casual,7,41.902049999999996,-87.75305
End,Public Rack - Leclaire Ave & Division St,member,3,41.90205,-87.75304999999999
End,Public Rack - Lee Street Beach,casual,31,42.036280399999995,-87.6703326
End,Public Rack - Lee Street Beach,member,23,42.0362804,-87.6703326
End,Public Rack - Legler Regional Library,casual,6,41.879312,-87.72542800000001
End,Public Rack - Legler Regional Library,member,1,41.879312,-87.725428
End,Public Rack - Lemont Ave & Keating Ave,member,2,41.9912674,-87.7469243
End,Public Rack - Leoti Ave & Central Ave (north),member,1,41.998262,-87.763663
End,Public Rack - Leoti Ave & Central Ave (south),casual,4,41.998324,-87.763384
End,Public Rack - Leoti Ave & Central Ave (south),member,5,41.998324,-87.763384
End,Public Rack - Lighthouse Beach,casual,41,42.0647467,-87.6757017
End,Public Rack - Lighthouse Beach,member,27,42.06474670000001,-87.6757017
End,Public Rack - Lincoln Ave & Fullteron Ave (Northwest),casual,337,41.92582741,-87.64943466
End,Public Rack - Lincoln Ave & Fullteron Ave (Northwest),member,340,41.92582741,-87.64943466
End,Public Rack - Linder & 51st,casual,9,41.799981,-87.759999
End,Public Rack - Linder & 51st,member,1,41.799981,-87.759999
End,Public Rack - Linder & Elston,casual,4,41.983559,-87.76577
End,Public Rack - Linder & Elston,member,7,41.983559,-87.76577
End,Public Rack - Linder Ave & 64th Pl,casual,13,41.77552399999999,-87.75797199999998
End,Public Rack - Linder Ave & 64th Pl,member,3,41.775524,-87.757972
End,Public Rack - Linder Ave & Archer Ave,casual,7,41.796005,-87.75957500000001
End,Public Rack - Linder Ave & Archer Ave,member,1,41.796005,-87.759575
End,Public Rack - Linder Ave & Belmont Ave,casual,2,41.938743,-87.763298
End,Public Rack - Linder Ave & Belmont Ave,member,3,41.938743,-87.763298
End,Public Rack - Lockwood & Archer,casual,16,41.79668,-87.75516
End,Public Rack - Lockwood & Archer,member,4,41.79668,-87.75516
End,Public Rack - Lockwood Ave & Diversey Ave,casual,4,41.931541,-87.75904
End,Public Rack - Lockwood Ave & Diversey Ave,member,29,41.931541,-87.75904000000001
End,Public Rack - Longwood Dr & 111th St,casual,1,41.69163,-87.671782
End,Public Rack - Loomis Blvd & 47th St,casual,1,41.808746,-87.66026
End,Public Rack - Loomis Blvd & 47th St,member,19,41.808746,-87.66026
End,Public Rack - Loomis St & 87th St,casual,1,41.735465,-87.657585
End,Public Rack - Loomis St & 87th St,member,3,41.735465,-87.657585
End,Public Rack - Loomis St & Eleanor St,casual,79,41.84450288,-87.66012478000002
End,Public Rack - Loomis St & Eleanor St,member,48,41.84450288,-87.66012478
End,Public Rack - Lorel Ave & Chicago Ave,casual,2,41.89503,-87.759917
End,Public Rack - Lorel Ave & Grand Ave,casual,1,41.9176685,-87.7595531
End,Public Rack - Lorel Ave & Grand Ave,member,2,41.9176685,-87.7595531
End,Public Rack - Lotus Ave & Lawrence Ave,casual,13,41.9676535,-87.7636298
End,Public Rack - Lotus Ave & Lawrence Ave,member,27,41.967653500000004,-87.7636298
End,Public Rack - Lowe Ave & 94th St,member,1,41.724234,-87.639453
End,Public Rack - Lowe Ave & 98th St,casual,1,41.715887,-87.639228
End,Public Rack - Lowe Ave & 98th St,member,2,41.715887,-87.639228
End,Public Rack - Lowe Park,member,9,41.799605,-87.64146399999998
End,Public Rack - Lowell Ave & Elston Ave,casual,25,41.96614,-87.73700000000001
End,Public Rack - Lowell Ave & Elston Ave,member,19,41.96614,-87.737
End,Public Rack - Lynch & Elston,casual,4,41.980931,-87.761302
End,Public Rack - Lynch & Elston,member,2,41.980931,-87.761302
End,Public Rack - Mackinaw Ave & 106th St,casual,3,41.702557,-87.542728
End,Public Rack - Mackinaw Ave & 106th St,member,1,41.702557,-87.542728
End,Public Rack - Mackinaw Ave & 108th St,casual,4,41.699008,-87.542833
End,Public Rack - Mango & Higgins,casual,23,41.971722,-87.772288
End,Public Rack - Mango & Higgins,member,41,41.971722,-87.772288
End,Public Rack - Maplewood Ave & 63rd St,casual,2,41.779343,-87.686763
End,Public Rack - Maplewood Ave & 63rd St,member,2,41.779343,-87.686763
End,Public Rack - Maplewood Ave & Chicago Ave,casual,16,41.892492,-87.691574
End,Public Rack - Maplewood Ave & Chicago Ave,member,49,41.892492000000004,-87.69157399999999
End,Public Rack - Marquette Ave & 79th St,member,1,41.75163,-87.558707
End,Public Rack - Marquette Rd & 67th St,casual,3,41.773095,-87.612886
End,Public Rack - Marquette Rd & 67th St,member,21,41.773095,-87.612886
End,Public Rack - Marshfield Ave & 45th St,casual,2,41.812343,-87.666239
End,Public Rack - Marshfield Ave & 87th St,casual,3,41.735527,-87.663867
End,Public Rack - Martin Luther King Dr & 44th St,casual,5,41.814445,-87.616265
End,Public Rack - Martin Luther King Dr & 44th St,member,9,41.814445000000006,-87.616265
End,Public Rack - Martin Luther King Dr & 69th St,casual,1,41.769234,-87.615206
End,Public Rack - Martin Luther King Dr & 69th St,member,6,41.769234,-87.615206
End,Public Rack - Maryland Ave & 87th ST,casual,1,41.736995,-87.603968
End,Public Rack - Maryland Ave & 87th ST,member,4,41.736995,-87.603968
End,Public Rack - Mason & Archer,casual,1,41.79456,-87.77092
End,Public Rack - Mason Ave & Archer Ave,casual,1,41.794199,-87.771388
End,Public Rack - Mason Ave & Archer Ave,member,1,41.794199,-87.771388
End,Public Rack - Mason Ave & Milwaukee Ave,casual,7,41.985683,-87.777065
End,Public Rack - Mason Ave & Milwaukee Ave,member,3,41.985683,-87.777065
End,Public Rack - May St & 63rd St,member,1,41.77977,-87.652943
End,Public Rack - May St & 78th St,casual,1,41.752451,-87.652969
End,Public Rack - May St & 87th St,casual,2,41.73556,-87.651701
End,Public Rack - McVicker Ave & Grand Ave,casual,1,41.921251,-87.776662
End,Public Rack - McVicker Ave & Grand Ave,member,2,41.921251,-87.776662
End,Public Rack - Meade Ave & Archer Ave,casual,2,41.79405,-87.774078
End,Public Rack - Melvina & Foster,casual,9,41.975596,-87.78348399999999
End,Public Rack - Melvina & Foster,member,7,41.975596,-87.78348400000002
End,Public Rack - Melvina Ave & Belmont Ave,casual,5,41.9384207,-87.7813896
End,Public Rack - Melvina Ave & Belmont Ave,member,4,41.9384207,-87.7813896
End,Public Rack - Melvina Ave & Montrose Ave,casual,1,41.9588498,-87.7819167
End,Public Rack - Melvina Ave & Montrose Ave,member,49,41.9588498,-87.78191670000001
End,Public Rack - Menard Ave & Adams Blvd,casual,6,41.877684,-87.76935600000002
End,Public Rack - Menard Ave & Adams Blvd,member,1,41.877684,-87.769356
End,Public Rack - Menard Ave & Agusta Blvd,member,3,41.898333,-87.77050100000001
End,Public Rack - Menard Ave & Belmont Ave,casual,10,41.93845259999999,-87.7711009
End,Public Rack - Menard Ave & Belmont Ave,member,13,41.9384526,-87.7711009
End,Public Rack - Menard Ave & Dakin St - midblock,casual,36,41.951732,-87.772005
End,Public Rack - Menard Ave & Dakin St - midblock,member,2,41.951732,-87.772005
End,Public Rack - Menard Ave & Grand Ave,casual,2,41.9197904,-87.7709818
End,Public Rack - Menard Ave & Madison St,casual,1,41.880021,-87.770325
End,Public Rack - Miami Ave & Milwaukee Ave,member,4,41.991473,-87.782085
End,Public Rack - Michele Clark Magnet High School,member,1,41.872849,-87.753432
End,Public Rack - Michigan Ave & 102nd St,casual,1,41.7083,-87.61984
End,Public Rack - Michigan Ave & 107th St,casual,2,41.699671,-87.621034
End,Public Rack - Michigan Ave & 113th St,casual,3,41.688872,-87.620879
End,Public Rack - Michigan Ave & 119th St,casual,1,41.677934,-87.620754
End,Public Rack - Michigan Ave & 125th Pl,casual,2,41.666395,-87.619933
End,Public Rack - Michigan Ave & 67th St,casual,6,41.772068,-87.621686
End,Public Rack - Michigan Ave & 67th St,member,1,41.772068,-87.621686
End,Public Rack - Michigan Ave & 96th St,casual,1,41.718957,-87.62067
End,Public Rack - Michigan Ave & Delaware Pl,casual,636,41.89915253,-87.62377649
End,Public Rack - Michigan Ave & Delaware Pl,member,344,41.89915253,-87.62377649
End,Public Rack - Michigan Ave & Wacker Dr (North),casual,539,41.88935706,-87.62397971
End,Public Rack - Michigan Ave & Wacker Dr (North),member,184,41.88935706,-87.62397971
End,Public Rack - Michigan Ave & Wacker Dr (South),casual,626,41.88813083,-87.62417236999998
End,Public Rack - Michigan Ave & Wacker Dr (South),member,332,41.88813083,-87.62417237
End,Public Rack - Midway Orange Line,casual,4,41.785894,-87.738031
End,Public Rack - Milwaukee Ave & Addison St,casual,18,41.94651,-87.735721
End,Public Rack - Milwaukee Ave & Addison St,member,38,41.94651,-87.735721
End,Public Rack - Milwaukee Ave & Catalpa Ave,casual,4,41.9772313,-87.7689731
End,Public Rack - Milwaukee Ave & Catalpa Ave,member,37,41.9772313,-87.7689731
End,Public Rack - Milwaukee Ave & Culyer Ave,casual,19,41.9546801,-87.74942350000002
End,Public Rack - Milwaukee Ave & Culyer Ave,member,14,41.954680100000004,-87.7494235
End,Public Rack - Milwaukee Ave & Diversey Ave,casual,36,41.93123,-87.711501
End,Public Rack - Milwaukee Ave & Diversey Ave,member,142,41.93123,-87.711501
End,Public Rack - Milwaukee Ave & Haussen Ct,casual,172,41.937752,-87.721623
End,Public Rack - Milwaukee Ave & Haussen Ct,member,224,41.937751999999996,-87.721623
End,Public Rack - Milwaukee Ave & Higgins Ave,casual,28,41.96859640000001,-87.76120920000001
End,Public Rack - Milwaukee Ave & Higgins Ave,member,100,41.9685964,-87.7612092
End,Public Rack - Milwaukee Ave & Kennedy Expy,casual,23,41.9712722,-87.7638869
End,Public Rack - Milwaukee Ave & Kennedy Expy,member,69,41.9712722,-87.7638869
End,Public Rack - Milwaukee Ave & Lawrence Ave,casual,11,41.9673857,-87.7601699
End,Public Rack - Milwaukee Ave & Lawrence Ave,member,6,41.9673857,-87.7601699
End,Public Rack - Milwaukee Ave & Leland Ave,casual,10,41.9661124,-87.7593376
End,Public Rack - Milwaukee Ave & Leland Ave,member,10,41.9661124,-87.7593376
End,Public Rack - Milwaukee Ave & Pensacola Ave,casual,10,41.9595108,-87.75339579999999
End,Public Rack - Milwaukee Ave & Pensacola Ave,member,14,41.95951079999999,-87.7533958
End,Public Rack - Milwaukee Ave & School St,casual,27,41.940648,-87.726087
End,Public Rack - Milwaukee Ave & School St,member,40,41.940648,-87.726087
End,Public Rack - Milwaukee Ave & Sunnyside Ave,casual,13,41.9625222,-87.7560059
End,Public Rack - Milwaukee Ave & Sunnyside Ave,member,2,41.9625222,-87.7560059
End,Public Rack - Milwaukee Ave & Warner Ave,casual,14,41.9562591,-87.7507656
End,Public Rack - Milwaukee Ave & Warner Ave,member,8,41.9562591,-87.7507656
End,Public Rack - Milwaukee Ave & Waveland Ave,casual,3,41.947472,-87.73787499999999
End,Public Rack - Milwaukee Ave & Waveland Ave,member,3,41.947472,-87.73787499999999
End,Public Rack - Minnehaha Ave & Devon Ave,casual,1,41.997456,-87.7619125
End,Public Rack - Minnehaha Ave & Devon Ave,member,4,41.997456,-87.7619125
End,Public Rack - Minuteman Park,casual,31,41.785333,-87.7626015
End,Public Rack - Minuteman Park,member,38,41.785333,-87.7626015
End,Public Rack - Mobile Ave & Archer Ave,casual,4,41.7929013,-87.7802444
End,Public Rack - Mobile Ave & Archer Ave,member,1,41.7929013,-87.7802444
End,Public Rack - Mont Clare Ave & Higgins Ave,casual,12,41.980602,-87.804963
End,Public Rack - Mont Clare Ave & Higgins Ave,member,13,41.98060199999999,-87.80496300000001
End,Public Rack - Monticello & Lawrence,casual,8,41.968214,-87.719541
End,Public Rack - Monticello & Lawrence,member,24,41.968214,-87.719541
End,Public Rack - Monticello Ave & Belmont Ave,casual,130,41.939472,-87.718423
End,Public Rack - Monticello Ave & Belmont Ave,member,270,41.939472,-87.718423
End,Public Rack - Montrose Ave & Lavergne Ave,casual,13,41.960606999999996,-87.7516346
End,Public Rack - Montrose Ave & Lavergne Ave,member,2,41.960607,-87.7516346
End,Public Rack - Morgan St & 87th St,casual,1,41.73577,-87.648133
End,Public Rack - Morgan St & Madison St,casual,84,41.881789839999996,-87.65178053
End,Public Rack - Morgan St & Madison St,member,207,41.88178984,-87.65178053
End,Public Rack - Mozart & 79th,casual,1,41.749713,-87.693932
End,Public Rack - Mozart & 79th,member,1,41.749713,-87.693932
End,Public Rack - Mozart Elementary School,member,22,41.921325,-87.722375
End,Public Rack - Mt Greenwood Library - South,casual,2,41.692883,-87.701048
End,Public Rack - Mt Greenwood Library N,member,1,41.693027,-87.701054
End,Public Rack - Mulligan & Northwest Hwy,casual,4,41.985317,-87.786721
End,Public Rack - Mulligan & Northwest Hwy,member,10,41.985317,-87.786721
End,Public Rack - Mulligan Ave & 56th St,casual,1,41.790399,-87.780044
End,Public Rack - Mulligan Ave & 56th St,member,1,41.790399,-87.780044
End,Public Rack - N Narragansett Ave & Grand Ave,casual,9,41.9225804,-87.7849799
End,Public Rack - N Narragansett Ave & Grand Ave,member,5,41.9225804,-87.7849799
End,Public Rack - N Sayre Ave & W Belden Ave,member,2,41.921425,-87.800825
End,Public Rack - N. Oakview and W. Gregory St,casual,13,41.9801,-87.84396
End,Public Rack - N. Oakview and W. Gregory St,member,12,41.9801,-87.84396
End,Public Rack - Nagel & Higgins,casual,18,41.976312,-87.78764
End,Public Rack - Nagel & Higgins,member,43,41.976312,-87.78764
End,Public Rack - Nagle Ave & Belmont Ave,casual,4,41.938201,-87.787415
End,Public Rack - Nagle Ave & Belmont Ave,member,4,41.938201,-87.787415
End,Public Rack - Narragansett Ave & Fullerton Ave,casual,7,41.92378,-87.7843998
End,Public Rack - Narragansett Ave & Fullerton Ave,member,3,41.92378,-87.7843998
End,Public Rack - Nashotah & Northwest Hwy,casual,13,41.988141,-87.791447
End,Public Rack - Nashotah & Northwest Hwy,member,80,41.988141,-87.791447
End,Public Rack - Natoma Ave & 61st St,casual,4,41.780936,-87.787643
End,Public Rack - Natoma Ave & 61st St,member,34,41.780936,-87.787643
End,Public Rack - Natoma Ave & Bryn Mawr Ave,casual,9,41.982886,-87.790461
End,Public Rack - Natoma Ave & Bryn Mawr Ave,member,1,41.982886,-87.790461
End,Public Rack - Neenah & Archer,casual,3,41.792142,-87.78540600000001
End,Public Rack - Neenah & Archer,member,3,41.792142,-87.78540600000001
End,Public Rack - Neenah & Dakin,casual,10,41.951708,-87.790746
End,Public Rack - Neenah & Dakin,member,32,41.951708,-87.790746
End,Public Rack - Neola & Northwest Hwy,casual,1,41.990327,-87.795356
End,Public Rack - Neola & Northwest Hwy,member,4,41.990327,-87.795356
End,Public Rack - Neva & Foster,casual,3,41.974849,-87.806023
End,Public Rack - Neva & Foster,member,14,41.974849,-87.806023
End,Public Rack - Neva Ave & Grand Ave,casual,8,41.923604,-87.804659
End,Public Rack - Neva Ave & Grand Ave,member,3,41.923604,-87.804659
End,Public Rack - New England Ave & Grace St,casual,1,41.949269,-87.798395
End,Public Rack - New England Ave & Irving Park Rd,casual,1,41.7985042,-87.7985042
End,Public Rack - New England Ave & Irving Park Rd,member,1,41.7985042,-87.7985042
End,Public Rack - Newcastle & Archer,casual,2,41.792309,-87.792879
End,Public Rack - Newcastle & Archer,member,1,41.792309,-87.792879
End,Public Rack - Newcastle Ave & Belden Ave,casual,3,41.921017,-87.797388
End,Public Rack - Newcastle Ave & Belden Ave,member,2,41.921017,-87.797388
End,Public Rack - Newcastle Ave & Belmont Ave,casual,1,41.938022,-87.7961
End,Public Rack - Newcastle Ave & Belmont Ave,member,8,41.938022,-87.7961
End,Public Rack - Newcastle Ave & Wellington Ave,member,1,41.934997,-87.795777
End,Public Rack - Newland Ave & Diversey Ave,member,3,41.93098,-87.79944
End,Public Rack - Nina Ave & Avondale Ave,casual,2,41.9911458,-87.7991043
End,Public Rack - Nina Ave & Avondale Ave,member,4,41.9911458,-87.7991043
End,Public Rack - Nordica & Archer,casual,6,41.792212,-87.797662
End,Public Rack - Nordica & Archer,member,3,41.792212,-87.797662
End,Public Rack - Nordica Ave & Addison St,casual,5,41.94542800000001,-87.803458
End,Public Rack - Nordica Ave & Addison St,member,1,41.945428,-87.803458
End,Public Rack - Nordica Ave & Higgins Ave,casual,4,41.98012149,-87.80211339
End,Public Rack - Nordica Ave & Higgins Ave,member,3,41.98012149,-87.80211339
End,Public Rack - Normal Ave & 111th St,member,1,41.692303,-87.635478
End,Public Rack - Normal Blvd & 61st Pl,member,2,41.782314,-87.637358
End,Public Rack - Normandy Ave & Archer Ave,casual,1,41.7923026,-87.7887886
End,Public Rack - Normandy Ave & Archer Ave,member,2,41.7923026,-87.7887886
End,Public Rack - Northwest Hwy & Bryn Mawr,casual,2,41.983008,-87.782634
End,Public Rack - Northwest Hwy & Bryn Mawr,member,5,41.983008,-87.782634
End,Public Rack - Northwest Hwy & Highland Ave,casual,2,41.995867,-87.805223
End,Public Rack - Northwest Hwy & Highland Ave,member,1,41.995867,-87.805223
End,Public Rack - Northwest Hwy & Neva Ave,casual,10,41.9958546,-87.8050971
End,Public Rack - Northwest Hwy & Neva Ave,member,14,41.995854599999994,-87.8050971
End,Public Rack - Northwest Hwy & Overhill Ave,member,1,42.0114922,-87.8126378
End,Public Rack - Northwest Hwy & Raven St,casual,3,41.9927877,-87.799284
End,Public Rack - Northwest Hwy & Raven St,member,2,41.9927877,-87.799284
End,Public Rack - Norwood Park,casual,6,41.986604,-87.79394
End,Public Rack - Norwood Park,member,3,41.986604,-87.79394
End,Public Rack - Norwood Park Station ,casual,12,41.9919,-87.79915999999999
End,Public Rack - Norwood Park Station ,member,19,41.9919,-87.79916
End,Public Rack - Oak Park & Higgins,casual,15,41.978888,-87.796235
End,Public Rack - Oak Park & Higgins,member,2,41.978888,-87.796235
End,Public Rack - Oak Park Ave & Foster Ave,casual,6,41.9746022,-87.8119558
End,Public Rack - Oak Park Ave & Foster Ave,member,9,41.9746022,-87.8119558
End,Public Rack - Oakley & 79th Pl,member,1,41.749095,-87.679637
End,Public Rack - Oakley Ave & 50th Pl,casual,1,41.80193,-87.680903
End,Public Rack - Oakley Blvd & Grand Ave,casual,72,41.890651,-87.684103
End,Public Rack - Oakley Blvd & Grand Ave,member,123,41.890651000000005,-87.684103
End,Public Rack - Octavia Ave & Touhy Ave,member,1,42.01173846,-87.80832137
End,Public Rack - Odell & Talcott,casual,6,41.98731,-87.81023
End,Public Rack - Odell & Talcott,member,4,41.98731,-87.81023
End,Public Rack - Ogden Ave & Monroe St,casual,183,41.88001378,-87.66761091
End,Public Rack - Ogden Ave & Monroe St,member,147,41.88001378,-87.66761091
End,Public Rack - Oglesby Ave & 105th St,member,1,41.704672,-87.565519
End,Public Rack - Oglesby Ave & 95th St,member,6,41.722484,-87.565738
End,Public Rack - Oketo & Northwest Hwy,casual,5,42.000333,-87.812447
End,Public Rack - Oketo & Northwest Hwy,member,5,42.000333,-87.81244699999999
End,Public Rack - Oketo & Talcott,casual,8,41.988596,-87.812525
End,Public Rack - Oketo & Talcott,member,5,41.988596,-87.812525
End,Public Rack - Oketo Ave & Belmont Ave,casual,3,41.938117,-87.811862
End,Public Rack - Oketo Ave & Belmont Ave,member,2,41.938117,-87.811862
End,Public Rack - Oleander Ave & Addison St,casual,1,41.944983,-87.815865
End,Public Rack - Olmstead Ave & Oliphant Ave,casual,22,42.0023112,-87.8170946
End,Public Rack - Olmstead Ave & Oliphant Ave,member,28,42.0023112,-87.8170946
End,Public Rack - Orleans St & Chicago Ave,casual,28,41.89644376,-87.63797544
End,Public Rack - Orleans St & Chicago Ave,member,49,41.89644376,-87.63797544
End,Public Rack - Orleans St & Grand Ave,casual,161,41.89164251,-87.63679676999999
End,Public Rack - Orleans St & Grand Ave,member,435,41.89164251,-87.63679677
End,Public Rack - Orleans St & Ontario St,casual,60,41.89306681,-87.63873783
End,Public Rack - Orleans St & Ontario St,member,206,41.89306681000001,-87.63873783000001
End,Public Rack - Orville T Bright School,member,1,41.700168,-87.562148
End,Public Rack - Osceola Ave & Touhy Ave,casual,1,42.0119181,-87.8126378
End,Public Rack - Osceola Ave & Touhy Ave,member,1,42.0119181,-87.8126378
End,Public Rack - Ottowa Ave & Touhy Ave,casual,1,42.0114922,-87.8182017
End,Public Rack - Ottowa Ave & Touhy Ave,member,2,42.0114922,-87.8182017
End,Public Rack - Overhill Ave & Touhy Ave,casual,8,42.0114627,-87.81900973
End,Public Rack - Overhill Ave & Touhy Ave,member,8,42.0114627,-87.81900973
End,Public Rack - Ozanam Ave & Devon Ave,casual,3,41.9969968,-87.8213419
End,Public Rack - Ozanam Ave & Devon Ave,member,4,41.9969968,-87.8213419
End,Public Rack - Ozark Ave & Addison St,casual,1,41.945075,-87.820037
End,Public Rack - Ozark Ave & Addison St,member,1,41.945075,-87.820037
End,Public Rack - Ozman & Talcott,casual,8,41.993028,-87.821659
End,Public Rack - Ozman & Talcott,member,11,41.993028,-87.821659
End,Public Rack - Panama Ave & Forest Preserve Ave,member,1,41.943162,-87.82909
End,Public Rack - Parkside & 63rd,casual,17,41.77813199999999,-87.76303599999999
End,Public Rack - Parkside & 63rd,member,22,41.778132,-87.763036
End,Public Rack - Parkside & Archer,casual,6,41.795696,-87.76347500000001
End,Public Rack - Parkside & Archer,member,2,41.795696,-87.763475
End,Public Rack - Parkside & Elston,casual,6,41.985467,-87.769583
End,Public Rack - Parkside & Elston,member,8,41.985467,-87.769583
End,Public Rack - Parnell Ave & 119th St,casual,2,41.67711,-87.635677
End,Public Rack - Parnell Ave & 98th St,member,1,41.715983,-87.637067
End,Public Rack - Paxton Ave & 79th St,member,1,41.75167773,-87.57045748
End,Public Rack - Penn Elementary School / KIPP Ascend Middle School,casual,7,41.8586742,-87.7223835
End,Public Rack - Penn Elementary School / KIPP Ascend Middle School,member,30,41.8586742,-87.7223835
End,Public Rack - Peoria St & 60th St,casual,10,41.784872,-87.647482
End,Public Rack - Percy Julian HS,casual,1,41.705999,-87.65381
End,Public Rack - Peterson Ave & Bernard Ave,member,2,41.990234,-87.715634
End,Public Rack - Peterson Ave & Drake Ave,casual,1,41.990119,-87.717337
End,Public Rack - Peterson Ave & Drake Ave,member,23,41.990119,-87.717337
End,Public Rack - Peterson Ave & Milwaukee Ave,member,9,41.989826,-87.780929
End,Public Rack - Peterson Park,casual,17,41.97871,-87.75552
End,Public Rack - Peterson Park,member,53,41.97871,-87.75552
End,Public Rack - Piotrowski Park,casual,2,41.836682,-87.73083
End,Public Rack - Piotrowski Park,member,2,41.836682,-87.73083
End,Public Rack - Plainfield Ave & Irving Park Rd,casual,12,41.952133,-87.833817
End,Public Rack - Plainfield Ave & Irving Park Rd,member,5,41.952133,-87.833817
End,Public Rack - Prairie Ave & 47th St ,casual,20,41.80949700000001,-87.618997
End,Public Rack - Prairie Ave & 47th St ,member,87,41.809497,-87.618997
End,Public Rack - Prairie Ave & 78th St,casual,1,41.752229,-87.617995
End,Public Rack - Prairie Ave & 85th St,casual,1,41.739986,-87.617645
End,Public Rack - Prairie Ave & Garfield Blvd N,casual,25,41.79480875,-87.61890696
End,Public Rack - Prairie Ave & Garfield Blvd N,member,47,41.79480875,-87.61890695999999
End,Public Rack - Prairie Ave & Garfield Blvd S,casual,6,41.794344,-87.619062
End,Public Rack - Prairie Ave & Garfield Blvd S,member,5,41.794344,-87.619062
End,Public Rack - Pratt Ave & Odell Ave,casual,1,42.0044152,-87.8110539
End,Public Rack - Pratt Ave & Odell Ave,member,4,42.0044152,-87.8110539
End,Public Rack - Princeton Ave & 43rd St,casual,36,41.815883,-87.633718
End,Public Rack - Princeton Ave & 43rd St,member,1,41.815883,-87.633718
End,Public Rack - Pulaski & 52nd,member,2,41.797244,-87.723377
End,Public Rack - Pulaski & 74th,casual,1,41.757262,-87.722366
End,Public Rack - Pulaski & 74th,member,1,41.757262,-87.722366
End,Public Rack - Pulaski & 84th,member,2,41.739387,-87.721373
End,Public Rack - Pulaski & Ardmore,member,44,41.985797,-87.728336
End,Public Rack - Pulaski & Rosemont,casual,4,41.995191,-87.728989
End,Public Rack - Pulaski & Rosemont,member,9,41.995191,-87.728989
End,Public Rack - Pulaski Rd & 15th St,member,1,41.8603966,-87.7250977
End,Public Rack - Pulaski Rd & 40th St,casual,1,41.81864,-87.72428
End,Public Rack - Pulaski Rd & 40th St,member,1,41.81864,-87.72428
End,Public Rack - Pulaski Rd & 41st,casual,1,41.81791,-87.72413
End,Public Rack - Pulaski Rd & 41st,member,1,41.81791,-87.72413
End,Public Rack - Pulaski Rd & 44th St,casual,5,41.8129,-87.7225
End,Public Rack - Pulaski Rd & 44th St,member,124,41.8129,-87.7225
End,Public Rack - Pulaski Rd & 51st Rd,member,1,41.800111,-87.723537
End,Public Rack - Pulaski Rd & 65th St,casual,2,41.773551,-87.722805
End,Public Rack - Pulaski Rd & 65th St,member,2,41.773551,-87.722805
End,Public Rack - Pulaski Rd & 85th St,casual,1,41.7381,-87.721721
End,Public Rack - Pulaski Rd & Armitage Ave,casual,11,41.91702,-87.727096
End,Public Rack - Pulaski Rd & Armitage Ave,member,22,41.91702,-87.727096
End,Public Rack - Pulaski Rd & Flournoy St,casual,2,41.8724252,-87.7253448
End,Public Rack - Pulaski Rd & Fullerton Ave,casual,25,41.924618,-87.727398
End,Public Rack - Pulaski Rd & Fullerton Ave,member,16,41.924618,-87.727398
End,Public Rack - Pulaski Rd & Grenshaw St,casual,1,41.8670279,-87.7254644
End,Public Rack - Pulaski Rd & Lake St,casual,16,41.885577,-87.72606
End,Public Rack - Pulaski Rd & Lake St,member,3,41.885577,-87.72606
End,Public Rack - Pulaski Rd & Polk St,casual,1,41.8703637,-87.7252556
End,Public Rack - Pulaski Rd & Polk St,member,1,41.8703637,-87.7252556
End,Public Rack - Pulaski Rd & Roosevelt Rd,casual,5,41.866103,-87.724463
End,Public Rack - Pulaski Rd & Roosevelt Rd,member,2,41.866103,-87.724463
End,Public Rack - Pulaski Rd & Stevens Ave,casual,1,41.9910862,-87.729231
End,Public Rack - Pulaski Rd & Stevens Ave,member,2,41.9910862,-87.729231
End,Public Rack - Pullman - Planet Fitness,casual,10,41.69782,-87.59779
End,Public Rack - Pullman - Ross Dress for Less,casual,2,41.69868,-87.597
End,Public Rack - Pullman - Walmart,casual,5,41.69696,-87.59829
End,Public Rack - Pullman - Walmart,member,2,41.69696,-87.59829
End,Public Rack - Pullman Community Center,casual,5,41.70428,-87.59313
End,Public Rack - Racine Ave & 109th Pl,casual,6,41.694835,-87.65304099999999
End,Public Rack - Racine Ave & 109th Pl,member,1,41.694835,-87.653041
End,Public Rack - Racine Ave & 74th St,casual,4,41.759439,-87.654146
End,Public Rack - Racine Ave & 74th St,member,3,41.759439,-87.65414600000001
End,Public Rack - Racine Ave & 76th,casual,2,41.755786,-87.654054
End,Public Rack - Racine Ave & 76th,member,3,41.755786,-87.65405400000002
End,Public Rack - Racine Ave & 83rd St,casual,1,41.743367,-87.653661
End,Public Rack - Racine Ave & 83rd St,member,2,41.743367,-87.653661
End,Public Rack - Racine Ave & Armitage Ave,casual,123,41.91814969000001,-87.65830299
End,Public Rack - Racine Ave & Armitage Ave,member,220,41.91814969,-87.65830299
End,Public Rack - Racine Ave & Nelson St,casual,641,41.93726,-87.658981
End,Public Rack - Racine Ave & Nelson St,member,761,41.93726,-87.658981
End,Public Rack - Rhodes Ave & 79th St,casual,2,41.751058,-87.611439
End,Public Rack - Richard Daley College,casual,17,41.75486,-87.72364
End,Public Rack - Richard Daley College,member,5,41.75486,-87.72364
End,Public Rack - Richmond St & Thorndale Ave,casual,2,41.988931,-87.702785
End,Public Rack - Richmond St & Thorndale Ave,member,3,41.988931,-87.702785
End,Public Rack - Robert Fulton Elementary School,member,1,41.797439,-87.668504
End,Public Rack - Rockwell & 111th St,casual,3,41.691359,-87.68572
End,Public Rack - Rockwell & 111th St,member,2,41.691359,-87.68572
End,Public Rack - Rockwell & Division,casual,110,41.90282,-87.692397
End,Public Rack - Rockwell & Division,member,146,41.90282,-87.692397
End,Public Rack - Rockwell Ave & 71st St,casual,5,41.764753,-87.688641
End,Public Rack - Rockwell Ave & 71st St,member,1,41.764753,-87.688641
End,Public Rack - Rockwell Ave & Touhy Ave ,casual,14,42.012344,-87.695383
End,Public Rack - Rockwell Ave & Touhy Ave ,member,16,42.012344,-87.695383
End,Public Rack - Rockwell St & Chicago Ave,casual,146,41.895855,-87.691857
End,Public Rack - Rockwell St & Chicago Ave,member,220,41.895855,-87.691857
End,Public Rack - Roscoe St & Osceola Ave,casual,1,41.942201,-87.813168
End,Public Rack - Roswell B. Mason Elementary School,casual,2,41.8560219,-87.7298436
End,Public Rack - Roswell B. Mason Elementary School,member,1,41.8560219,-87.7298436
End,Public Rack - Rush St & Oak St,casual,702,41.90069176,-87.62768428
End,Public Rack - Rush St & Oak St,member,991,41.90069176,-87.62768428
End,Public Rack - Rush St & Ohio St,casual,355,41.89259223,-87.62585969
End,Public Rack - Rush St & Ohio St,member,218,41.89259223,-87.62585969
End,Public Rack - Rush St & Ontario St,casual,400,41.89310919,-87.62535276
End,Public Rack - Rush St & Ontario St,member,281,41.89310919,-87.62535276
End,Public Rack - Rutherford & 53rd,casual,2,41.795118,-87.790519
End,Public Rack - Rutherford Ave & Belmont Ave,casual,3,41.938315,-87.79384799999998
End,Public Rack - Rutherford Ave & Belmont Ave,member,9,41.938315,-87.793848
End,Public Rack - S Kostner Ave & W 18th Pl,casual,1,41.8551905,-87.7345547
End,Public Rack - S Kostner Ave & W 18th Pl,member,3,41.8551905,-87.7345547
End,Public Rack - S Menard & W 63rd,member,2,41.77707,-87.76664
End,Public Rack - S. Kilpatrick and W. 79th,casual,13,41.7493,-87.73958
End,Public Rack - S. Kilpatrick and W. 79th,member,6,41.7493,-87.73958
End,Public Rack - S. New England/ W. 65th,member,6,41.77391,-87.79348
End,Public Rack - Sacramento & 71st,member,1,41.764396,-87.698106
End,Public Rack - Sacramento Ave & Devon Ave,casual,16,41.997575,-87.704649
End,Public Rack - Sacramento Ave & Devon Ave,member,26,41.99757499999999,-87.704649
End,Public Rack - Sacramento Ave & Greenleaf Ave,member,2,42.009458,-87.704666
End,Public Rack - Sacramento Blvd & Washington Blvd,casual,2,41.882994,-87.700036
End,Public Rack - Sacramento Blvd & Washington Blvd,member,11,41.882994,-87.700036
End,Public Rack - Sangamon St & 87th St,casual,1,41.73582,-87.646896
End,Public Rack - Sangamon St & 87th St,member,1,41.73582,-87.646896
End,Public Rack - Sangamon St & Fulton St,casual,198,41.88692786,-87.6511014
End,Public Rack - Sangamon St & Fulton St,member,377,41.88692786,-87.6511014
End,Public Rack - Sawyer Ave & 111th St,casual,2,41.691411,-87.70229
End,Public Rack - Sawyer Ave & 111th St,member,3,41.691411,-87.70229
End,Public Rack - Sawyer Ave & Bryn Mawr Ave - SE,casual,22,41.9830174,-87.7096999
End,Public Rack - Sawyer Ave & Bryn Mawr Ave - SE,member,36,41.9830174,-87.70969989999999
End,Public Rack - Sawyer Ave & Bryn Mawr Ave - SW,casual,2,41.982879,-87.710534
End,Public Rack - Sawyer Ave & Bryn Mawr Ave - SW,member,12,41.982879,-87.710534
End,Public Rack - Sawyer Ave & Chicago Ave,casual,2,41.8954597,-87.7080933
End,Public Rack - Sawyer Ave & Chicago Ave,member,34,41.8954597,-87.7080933
End,Public Rack - Sawyer Ave & Lawrence Ave,casual,15,41.9683,-87.709435
End,Public Rack - Sawyer Ave & Lawrence Ave,member,41,41.9683,-87.709435
End,Public Rack - Sayer & Northwest Hwy,casual,13,41.99434,-87.802532
End,Public Rack - Sayer & Northwest Hwy,member,3,41.99434,-87.802532
End,Public Rack - Sayre Ave & 59th St,member,1,41.7846778,-87.7958126
End,"Public Rack - Senka ""Edward Duke"" Park",member,1,41.790565,-87.710992
End,Public Rack - Sheffield Ave & Belden Ave,casual,60,41.92335973,-87.65362626
End,Public Rack - Sheffield Ave & Belden Ave,member,64,41.92335973,-87.65362626
End,Public Rack - Sheffield Ave & Dickens Ave,casual,78,41.91999262,-87.65357154
End,Public Rack - Sheffield Ave & Dickens Ave,member,59,41.91999262,-87.65357153999999
End,Public Rack - South Boulevard Beach,casual,33,42.027305,-87.6683105
End,Public Rack - South Boulevard Beach,member,16,42.027305,-87.6683105
End,Public Rack - South Shore Dr & 71st St,casual,57,41.766206,-87.562789
End,Public Rack - South Shore Dr & 71st St,member,202,41.766206,-87.562789
End,Public Rack - Southport Ave & Fullteron Ave,casual,212,41.92509658,-87.66323499
End,Public Rack - Southport Ave & Fullteron Ave,member,335,41.92509658,-87.66323499
End,Public Rack - Southport Ave & Webster Ave,casual,198,41.92155961,-87.66337146
End,Public Rack - Southport Ave & Webster Ave,member,181,41.92155961,-87.66337146
End,Public Rack - Spaulding Ave & 71st St,casual,1,41.7645054,-87.7064722
End,Public Rack - Spaulding Ave & Bryn Mawr Ave,casual,15,41.98296400000001,-87.711441
End,Public Rack - Spaulding Ave & Bryn Mawr Ave,member,41,41.982964,-87.711441
End,Public Rack - Spaulding Ave & Evergreen Ave,casual,68,41.905317,-87.709521
End,Public Rack - Spaulding Ave & Evergreen Ave,member,266,41.905317,-87.709521
End,Public Rack - Spaulding Ave & Foster Ave,casual,1,41.975921,-87.710415
End,Public Rack - Spaulding Ave & Foster Ave,member,4,41.975921,-87.710415
End,Public Rack - Spaulding Ave & North Ave,casual,55,41.910138,-87.709553
End,Public Rack - Spaulding Ave & North Ave,member,191,41.910138,-87.709553
End,Public Rack - Spencer Elementary Technology Academy,casual,2,41.884655,-87.750498
End,Public Rack - Springfield & 71st,casual,1,41.764196,-87.720111
End,Public Rack - Springfield & 79th,casual,6,41.749649,-87.721001
End,Public Rack - Springfield & 79th,member,4,41.749649,-87.721001
End,Public Rack - Springfield Ave & Lawrence Ave,casual,61,41.9683986,-87.7256873
End,Public Rack - Springfield Ave & Lawrence Ave,member,63,41.9683986,-87.72568729999999
End,Public Rack - St Clair St & Ontario St,casual,100,41.89366468,-87.6226649
End,Public Rack - St Clair St & Ontario St,member,105,41.89366467999999,-87.6226649
End,Public Rack - St Clair St & Superior St,casual,234,41.89570279000001,-87.62331576999999
End,Public Rack - St Clair St & Superior St,member,104,41.89570279,-87.62331577
End,Public Rack - St Louis & Lincoln,casual,8,41.995652,-87.716328
End,Public Rack - St Louis & Lincoln,member,35,41.995652,-87.71632800000002
End,Public Rack - St Louis Ave & Berteau Ave,casual,14,41.958373,-87.715685
End,Public Rack - St Louis Ave & Berteau Ave,member,37,41.958373,-87.715685
End,Public Rack - St Louis Ave & Flournoy St,casual,1,41.8727811,-87.7131562
End,Public Rack - St Louis Ave & Flournoy St,member,3,41.8727811,-87.7131562
End,Public Rack - State ST & 42nd St,casual,18,41.819067,-87.626417
End,Public Rack - State ST & 42nd St,member,18,41.819067,-87.626417
End,Public Rack - State St & 47th st,member,3,41.809085,-87.627384
End,Public Rack - Stewart Ave & 123rd St,casual,3,41.670563,-87.632188
End,Public Rack - Stony Is Ave & 73rd St,casual,1,41.762265,-87.585469
End,Public Rack - Stony Is Ave & 73rd St,member,1,41.762265,-87.585469
End,Public Rack - Stony Island & 87th St,casual,1,41.7367,-87.585815
End,Public Rack - Stony Island & 87th St,member,6,41.7367,-87.58581499999998
End,Public Rack - Stony Island & 95th St,member,1,41.72228,-87.584943
End,Public Rack - Strohacker Park,casual,14,41.79482000000001,-87.73211200000001
End,Public Rack - Strohacker Park,member,1,41.79482,-87.732112
End,Public Rack - Talman Ave & 51st St,casual,6,41.800908,-87.690802
End,Public Rack - Talman Ave & 51st St,member,1,41.800908,-87.690802
End,Public Rack - Talman Ave & Pershing Rd,casual,3,41.822592,-87.690725
End,Public Rack - Talman Ave & Pershing Rd,member,2,41.822592,-87.690725
End,Public Rack - The Montessori School of Englewood,casual,2,41.76766,-87.66781
End,Public Rack - The Montessori School of Englewood,member,1,41.76766,-87.66781
End,Public Rack - Throop St & 109th Pl,member,1,41.694944,-87.654377
End,Public Rack - Throop St & 48t ST,casual,1,41.806999,-87.657942
End,Public Rack - Throop St & 58th St,casual,7,41.788541,-87.65621
End,Public Rack - Torrence Ave  & 106th St,casual,1,41.702566,-87.559923
End,Public Rack - Torrence Ave  & 106th St,member,1,41.702566,-87.559923
End,Public Rack - Torrence Ave & 103rd St,member,4,41.70843,-87.56026
End,Public Rack - Torrence Ave & 98th St,casual,1,41.717059,-87.559986
End,Public Rack - Torrence Ave & 98th St,member,3,41.717059,-87.559986
End,Public Rack - Touhy Ave & Oconto Ave,casual,15,42.0117739,-87.8076646
End,Public Rack - Touhy Ave & Oconto Ave,member,8,42.0117739,-87.8076646
End,Public Rack - Trader Joe's Clybourn Ave,casual,131,41.91467859,-87.6549158
End,Public Rack - Trader Joe's Clybourn Ave,member,398,41.914678589999994,-87.6549158
End,Public Rack - Trebes Park,casual,34,41.92238502,-87.65825217
End,Public Rack - Trebes Park,member,35,41.92238501999999,-87.65825217
End,Public Rack - Tripp Ave & North Ave,casual,27,41.90995395,-87.73271446
End,Public Rack - Tripp Ave & North Ave,member,7,41.90995395,-87.73271446
End,Public Rack - Troy & 111th St,casual,1,41.691373,-87.700281
End,Public Rack - Troy & 71st,casual,2,41.76433,-87.70193
End,Public Rack - Trumbull Ave & 111th St,casual,2,41.691596,-87.707397
End,Public Rack - Trumbull Ave & 111th St,member,1,41.691596,-87.707397
End,Public Rack - Vincennes Ave & 77th St,member,4,41.75702837,-87.56497151
End,Public Rack - Vincennes Ave & 87th St,casual,4,41.735607,-87.645345
End,Public Rack - Vincennes Ave & 91st St,casual,1,41.728122,-87.648524
End,Public Rack - Vincennes Ave & 91st St,member,1,41.728122,-87.648524
End,Public Rack - Vincennes Ave & 99th St,member,1,41.712937,-87.653984
End,Public Rack - W. Talcott & N. Oriole,casual,1,41.990637,-87.816938
End,Public Rack - W. Talcott & N. Oriole,member,1,41.990637,-87.816938
End,Public Rack - Wabash Ave & 87th St,casual,5,41.736063,-87.622952
End,Public Rack - Wabash Ave & 87th St,member,2,41.736063,-87.622952
End,Public Rack - Wabash Ave & Balbo Dr,casual,188,41.87318756,-87.62619831999999
End,Public Rack - Wabash Ave & Balbo Dr,member,89,41.87318756,-87.62619832
End,Public Rack - Wabash Ave & Chicago Ave,casual,147,41.89678902,-87.62644291
End,Public Rack - Wabash Ave & Chicago Ave,member,173,41.89678902,-87.62644291
End,Public Rack - Wacker Dr & Adams St,casual,104,41.87941640999999,-87.63719315000002
End,Public Rack - Wacker Dr & Adams St,member,401,41.87941641,-87.63719314999999
End,Public Rack - Wacker Dr & Madison St (East),casual,51,41.88184658,-87.63650719000002
End,Public Rack - Wacker Dr & Madison St (East),member,169,41.88184658,-87.63650719
End,Public Rack - Wacker Dr & Madison St (West),casual,54,41.8819919,-87.63729759
End,Public Rack - Wacker Dr & Madison St (West),member,146,41.8819919,-87.63729759
End,Public Rack - Walden Pkwy & 103rd St,casual,13,41.706205,-87.668965
End,Public Rack - Walden Pkwy & 103rd St,member,10,41.706205,-87.668965
End,Public Rack - Walden Pkwy & 99th St,casual,5,41.71397,-87.667798
End,Public Rack - Walden Pkwy & 99th St,member,2,41.71397,-87.667798
End,Public Rack - Waller Ave & Chicago Ave,casual,17,41.894681,-87.768156
End,Public Rack - Waller Ave & Chicago Ave,member,6,41.894681,-87.76815600000002
End,Public Rack - Washington Park Ct & 51st St,casual,9,41.80219170000001,-87.61514440000002
End,Public Rack - Washington Park Ct & 51st St,member,29,41.8021917,-87.6151444
End,Public Rack - Washtenaw Ave & Devon Ave,casual,48,41.997764,-87.697221
End,Public Rack - Washtenaw Ave & Devon Ave,member,318,41.997764,-87.697221
End,Public Rack - Washtenaw Ave & Superior St,casual,312,41.894738,-87.695204
End,Public Rack - Washtenaw Ave & Superior St,member,507,41.894738,-87.695204
End,Public Rack - Webster Ave & Halsted St,casual,345,41.92188868,-87.64847242999998
End,Public Rack - Webster Ave & Halsted St,member,506,41.92188868,-87.64847243
End,Public Rack - Wells St & Grand Ave,casual,94,41.89103356,-87.63415516999999
End,Public Rack - Wells St & Grand Ave,member,165,41.89103356,-87.63415517
End,Public Rack - Wells St & Lake St,casual,190,41.88566761,-87.63375585
End,Public Rack - Wells St & Lake St,member,328,41.88566761,-87.63375585
End,Public Rack - Wells St & Monroe St,casual,76,41.880603900000004,-87.63357568
End,Public Rack - Wells St & Monroe St,member,193,41.8806039,-87.63357568000002
End,Public Rack - Wells St & North Ave,casual,567,41.91095637,-87.63461626000002
End,Public Rack - Wells St & North Ave,member,594,41.91095637,-87.63461625999999
End,Public Rack - Wells St & Ontario St,casual,92,41.89338454,-87.63401972
End,Public Rack - Wells St & Ontario St,member,128,41.89338454,-87.63401972
End,Public Rack - Wells St & Schiller St,casual,261,41.90755273,-87.63451269
End,Public Rack - Wells St & Schiller St,member,350,41.90755273,-87.63451269
End,Public Rack - Wells St & Scott St,casual,567,41.90478243,-87.63458456
End,Public Rack - Wells St & Scott St,member,1183,41.90478243,-87.63458456
End,Public Rack - Wells St & Wacker Dr,casual,171,41.88663267,-87.63405978
End,Public Rack - Wells St & Wacker Dr,member,343,41.88663267,-87.63405978
End,Public Rack - Wentworth Ave & 103rd St,casual,6,41.707257,-87.62782599999998
End,Public Rack - Wentworth Park,casual,3,41.78878,-87.77964000000001
End,Public Rack - Wentworth Park,member,7,41.78878000000001,-87.77964
End,Public Rack - Western & 74th,casual,1,41.759297,-87.683342
End,Public Rack - Western & 74th,member,1,41.759297,-87.683342
End,Public Rack - Western & 79th,casual,4,41.750806,-87.682722
End,Public Rack - Western & 79th,member,2,41.750806,-87.682722
End,Public Rack - Western & 83rd,member,1,41.74385,-87.682864
End,Public Rack - Western Ave & 100th St,casual,16,41.711666,-87.681963
End,Public Rack - Western Ave & 104th St - East,casual,2,41.704366,-87.681733
End,Public Rack - Western Ave & 104th St - East,member,1,41.704366,-87.681733
End,Public Rack - Western Ave & 104th St - West,casual,7,41.703952,-87.681953
End,Public Rack - Western Ave & 104th St - West,member,1,41.703952,-87.681953
End,Public Rack - Western Ave & 105th St,casual,10,41.702609,-87.681492
End,Public Rack - Western Ave & 105th St,member,3,41.702609,-87.681492
End,Public Rack - Western Ave & 106th St - East,casual,1,41.700576,-87.681294
End,Public Rack - Western Ave & 106th St - East,member,2,41.700576,-87.681294
End,Public Rack - Western Ave & 106th St - West,casual,2,41.701379,-87.681826
End,Public Rack - Western Ave & 107th Pl,casual,2,41.698022,-87.681175
End,Public Rack - Western Ave & 107th Pl,member,2,41.698022,-87.681175
End,Public Rack - Western Ave & 107th St,casual,5,41.698728,-87.681558
End,Public Rack - Western Ave & 107th St,member,1,41.698728,-87.681558
End,Public Rack - Western Ave & 110th St,casual,1,41.69442,-87.681547
End,Public Rack - Western Ave & 110th St,member,1,41.69442,-87.681547
End,Public Rack - Western Ave & 111th St - NW,casual,3,41.69197,-87.68165900000001
End,Public Rack - Western Ave & 111th St - SE,member,1,41.691665,-87.681022
End,Public Rack - Western Ave & 116th St,casual,2,41.6824,-87.681048
End,Public Rack - Western Ave & 118th St,casual,3,41.678349,-87.680919
End,Public Rack - Western Ave & 47th Pl,casual,6,41.808038,-87.684709
End,Public Rack - Western Ave & 47th Pl,member,95,41.808038,-87.68470899999998
End,Public Rack - Western Ave & 92nd Pl,casual,7,41.72553799999999,-87.681968
End,Public Rack - Western Ave & 92nd Pl,member,38,41.725538,-87.68196799999998
End,Public Rack - Western Ave & 96th St,casual,5,41.718621,-87.681516
End,Public Rack - Western Ave & 96th St,member,13,41.718621,-87.68151600000002
End,Public Rack - Western Ave & 98th St,member,1,41.71525,-87.681698
End,Public Rack - Western Ave & Chicago Ave,casual,26,41.895823,-87.68713000000001
End,Public Rack - Western Ave & Chicago Ave,member,67,41.895823,-87.68713
End,Public Rack - Western Ave & Devon Ave,casual,23,41.997579,-87.689713
End,Public Rack - Western Ave & Devon Ave,member,101,41.997579,-87.68971300000001
End,Public Rack - Western Ave & Jarvis Ave,casual,12,42.016398,-87.690376
End,Public Rack - Western Ave & Jarvis Ave,member,66,42.016398,-87.690376
End,Public Rack - Western Blvd & 49th St,casual,50,41.80478,-87.68374899999999
End,Public Rack - Western Blvd & 49th St,member,33,41.80478000000001,-87.683749
End,Public Rack - Western Blvd & 53rd St,casual,1,41.796775,-87.683362
End,Public Rack - Whipple St & 26th St,member,1,41.843636,-87.701931
End,Public Rack - Whipple St & 63rd St,casual,7,41.77888,-87.699811
End,Public Rack - Whipple St & 63rd St,member,33,41.778879999999994,-87.699811
End,Public Rack - Wilbur Wright College North,casual,1,41.95904,-87.78966
End,Public Rack - Wilbur Wright College South,casual,1,41.95828,-87.78745
End,Public Rack - Wilbur Wright College South,member,2,41.95828,-87.78745
End,Public Rack - William J Onahan Public School,member,3,41.993771,-87.7925631
End,Public Rack - William Rainey Harper High School,member,1,41.775267,-87.669156
End,Public Rack - Winona St & Elston Ave,casual,9,41.9743427,-87.7503874
End,Public Rack - Winona St & Elston Ave,member,60,41.9743427,-87.7503874
End,Public Rack - Wolcott Ave & 56th St,casual,1,41.791198,-87.671949
End,Public Rack - Wolcott Ave & 61st St,casual,1,41.782378,-87.671719
End,Public Rack - Wood St & 103rd St,member,1,41.706498,-87.667091
End,Public Rack - Wood St & 47th St,casual,5,41.80864,-87.669974
End,Public Rack - Wood St & 47th St,member,1,41.80864,-87.669974
End,Public Rack - Woodlawn Ave & 63rd St N,casual,88,41.780621,-87.596033
End,Public Rack - Woodlawn Ave & 63rd St N,member,283,41.780621,-87.596033
End,Public Rack - Woodlawn Ave & 63rd St S,casual,9,41.779484,-87.596028
End,Public Rack - Woodlawn Ave & 63rd St S,member,41,41.779484,-87.596028
End,Public Rack - Wrightwood Metra Station,casual,4,41.74891,-87.7037
End,Public Rack - Yates Ave & 100th St,casual,1,41.713437,-87.564405
End,Public Rack - Yates Ave & 100th St,member,8,41.713437,-87.564405
End,Public Rack - Zapata Academy,member,1,41.841655,-87.734366
End,Pulaski Rd & 51st St,casual,344,41.800434,-87.7247496
End,Pulaski Rd & 51st St,member,286,41.800434,-87.7247496
End,Pulaski Rd & 54th St,casual,35,41.79499,-87.72361
End,Pulaski Rd & 54th St,member,45,41.79499,-87.72361
End,Pulaski Rd & 60th Pl,casual,23,41.78315,-87.72257
End,Pulaski Rd & 60th Pl,member,13,41.78314999999999,-87.72257
End,Pulaski Rd & 60th St,casual,9,41.784186,-87.72256399999999
End,Pulaski Rd & 60th St,member,10,41.784186,-87.722564
End,Pulaski Rd & 68th St,casual,25,41.76949064,-87.72284719999999
End,Pulaski Rd & 68th St,member,17,41.769495647058825,-87.72281294117647
End,Pulaski Rd & 75th St,casual,37,41.75725,-87.72247
End,Pulaski Rd & 75th St,member,16,41.75725,-87.72247
End,Pulaski Rd & 84th St,casual,23,41.740407,-87.721907
End,Pulaski Rd & 84th St,member,14,41.740407,-87.721907
End,Pulaski Rd & Ann Lurie Pl,casual,49,41.81644,-87.7248
End,Pulaski Rd & Ann Lurie Pl,member,159,41.81644,-87.7248
End,Pulaski Rd & Congress Pkwy,casual,161,41.87441021003816,-87.72609159350395
End,Pulaski Rd & Congress Pkwy,member,59,41.87441021003816,-87.72609159350395
End,Pulaski Rd & Eddy St,casual,277,41.946264,-87.731023
End,Pulaski Rd & Eddy St,member,548,41.946264,-87.73102299999998
End,Pulaski Rd & Lake St,casual,132,41.885409,-87.726491
End,Pulaski Rd & Lake St,member,44,41.885409,-87.726491
End,Racine Ave & 115th St,casual,38,41.68476,-87.65196
End,Racine Ave & 115th St,member,12,41.68476,-87.65195999999999
End,Racine Ave & 13th St,casual,294,41.865054,-87.656959
End,Racine Ave & 13th St,member,1006,41.865054,-87.656959
End,Racine Ave & 15th St,casual,948,41.861267,-87.656625
End,Racine Ave & 15th St,member,1817,41.861267,-87.656625
End,Racine Ave & 18th St,casual,1734,41.8583996,-87.65642259999998
End,Racine Ave & 18th St,member,3736,41.85839959999999,-87.65642260000001
End,Racine Ave & 35th St,casual,349,41.83068856472101,-87.65621066093445
End,Racine Ave & 35th St,member,508,41.83068856472101,-87.65621066093445
End,Racine Ave & 57th St,casual,25,41.789696880483376,-87.65469789505005
End,Racine Ave & 57th St,member,20,41.789696880483376,-87.65469789505005
End,Racine Ave & 61st St,casual,20,41.783189,-87.654372
End,Racine Ave & 61st St,member,7,41.783189,-87.654372
End,Racine Ave & 65th St,casual,41,41.775393,-87.654308
End,Racine Ave & 65th St,member,16,41.775393,-87.654308
End,Racine Ave & Belmont Ave,casual,3647,41.939743,-87.65886499999999
End,Racine Ave & Belmont Ave,member,7191,41.939743,-87.658865
End,Racine Ave & Broadway,casual,1669,41.968235,-87.6596548
End,Racine Ave & Broadway,member,4371,41.968235,-87.6596548
End,Racine Ave & Congress Pkwy,casual,1167,41.87464,-87.65703
End,Racine Ave & Congress Pkwy,member,4213,41.87464,-87.65703
End,Racine Ave & Fullerton Ave,casual,2634,41.925566,-87.658416
End,Racine Ave & Fullerton Ave,member,5812,41.925566,-87.658416
End,Racine Ave & Garfield Blvd,casual,68,41.794228,-87.65507300000002
End,Racine Ave & Garfield Blvd,member,34,41.794228,-87.655073
End,Racine Ave & Randolph St,casual,1309,41.884081224846845,-87.65692072930314
End,Racine Ave & Randolph St,member,2770,41.884081224846845,-87.65692072930314
End,Racine Ave & Washington Blvd,casual,1198,41.88307300753924,-87.65695214022455
End,Racine Ave & Washington Blvd,member,3653,41.883073,-87.656952
End,Racine Ave & Webster Ave,casual,1509,41.92160515573227,-87.65830127899272
End,Racine Ave & Webster Ave,member,2680,41.92160409328358,-87.6583607761194
End,Racine Ave & Wrightwood Ave,casual,1974,41.928887,-87.658971
End,Racine Ave & Wrightwood Ave,member,4526,41.928887,-87.658971
End,Racine/Eddy Corral,casual,795,41.946340400000004,-87.6591024
End,Racine/Eddy Corral,member,864,41.9463404,-87.65910240000001
End,Racine/Lake Corral,casual,107,41.8856855,-87.6568915
End,Racine/Lake Corral,member,154,41.885685499999994,-87.6568915
End,Rainbow Beach,casual,65,41.75787096522547,-87.54917675279042
End,Rainbow Beach,member,122,41.75787096522547,-87.54917675279042
End,Ravenswood Ave & Berteau Ave,casual,1232,41.957921,-87.673567
End,Ravenswood Ave & Berteau Ave,member,3549,41.95792099999999,-87.673567
End,Ravenswood Ave & Grace St,casual,307,41.95051,-87.67407
End,Ravenswood Ave & Grace St,member,704,41.95051,-87.67407000000001
End,Ravenswood Ave & Irving Park Rd,casual,1641,41.95469,-87.67393
End,Ravenswood Ave & Irving Park Rd,member,3666,41.95469,-87.67393
End,Ravenswood Ave & Lawrence Ave,casual,4808,41.968445,-87.674226
End,Ravenswood Ave & Lawrence Ave,member,14162,41.968445,-87.674226
End,Ravenswood Ave & Roscoe St,casual,22,41.94334,-87.67383
End,Ravenswood Ave & Roscoe St,member,34,41.94334,-87.67383
End,Ravenswood Ave & Sunnyside Ave,casual,23,41.96328,-87.67425
End,Ravenswood Ave & Sunnyside Ave,member,28,41.96328,-87.67425
End,Rhodes Ave & 32nd St,casual,515,41.836208000000006,-87.613533
End,Rhodes Ave & 32nd St,member,2177,41.836208,-87.613533
End,Rhodes Ave & 71st St,casual,16,41.766,-87.611726
End,Rhodes Ave & 71st St,member,9,41.766,-87.61172600000002
End,Richmond St & 59th St,casual,54,41.78649,-87.69733
End,Richmond St & 59th St,member,63,41.78649,-87.69733
End,Richmond St & Diversey Ave,casual,1156,41.93190196886,-87.7011951301
End,Richmond St & Diversey Ave,member,1664,41.93190196886,-87.7011951301
End,Richmond St & Lincoln Ave,casual,118,41.9881174,-87.7031754
End,Richmond St & Lincoln Ave,member,143,41.9881174,-87.7031754
End,Ridge Blvd & Howard St,casual,319,42.01927599999999,-87.68452
End,Ridge Blvd & Howard St,member,422,42.019276,-87.68452
End,Ridge Blvd & Touhy Ave,casual,320,42.01213227742,-87.6829126443
End,Ridge Blvd & Touhy Ave,member,517,42.01213227742001,-87.6829126443
End,Riley O'Neil Memorial Station at City Hall,casual,481,41.88323510000001,-87.6321117
End,Riley O'Neil Memorial Station at City Hall,member,1330,41.8832351,-87.63211170000001
End,Ritchie Ct & Banks St,casual,3174,41.906865999999994,-87.626217
End,Ritchie Ct & Banks St,member,7790,41.906866,-87.626217
End,Riverside Plaza & Adams St,casual,1775,41.87925999170761,-87.63879000652112
End,Riverside Plaza & Adams St,member,4970,41.87926,-87.63879
End,Robert Crown Community Center,casual,32,42.034189,-87.697676
End,Robert Crown Community Center,member,50,42.034189,-87.69767599999999
End,Rockwell Ave & Logan Blvd,casual,718,41.92811,-87.69268
End,Rockwell Ave & Logan Blvd,member,1083,41.92811,-87.69268
End,Rockwell St & 47th St,casual,76,41.80853,-87.68942
End,Rockwell St & 47th St,member,57,41.80853,-87.68942
End,Rockwell St & 57th St,casual,100,41.79031,-87.68887999999998
End,Rockwell St & 57th St,member,54,41.79031,-87.68888
End,Rockwell St & 63rd St,casual,27,41.778790111111114,-87.6885820888889
End,Rockwell St & 63rd St,member,28,41.778790089285714,-87.68858167857142
End,Rockwell St & Archer Ave,casual,247,41.82272,-87.68982
End,Rockwell St & Archer Ave,member,345,41.82272,-87.68982
End,Rockwell St & Cermak Rd,casual,287,41.851644,-87.69062099999998
End,Rockwell St & Cermak Rd,member,349,41.851644,-87.690621
End,Rockwell St & Division St,casual,894,41.90275,-87.69202
End,Rockwell St & Division St,member,1551,41.90275,-87.69202000000001
End,Rockwell St & Eastwood Ave,casual,854,41.965900139759995,-87.69363849349999
End,Rockwell St & Eastwood Ave,member,2572,41.96590013976,-87.6936384935
End,Rockwell St & Fletcher St,casual,768,41.938842033854165,-87.69298910937499
End,Rockwell St & Fletcher St,member,1451,41.93884545072364,-87.69298949138525
End,Rockwell/Irving Park Hub,casual,171,41.954212,-87.69317
End,Rockwell/Irving Park Hub,member,398,41.954212000000005,-87.69317
End,Roscoe & Harlem,casual,9,41.9416062,-87.8072964
End,Roscoe & Harlem,member,3,41.9416062,-87.8072964
End,Rush St & Cedar St,casual,3940,41.90230870122,-87.627690528
End,Rush St & Cedar St,member,8173,41.90230870122,-87.627690528
End,Rush St & Hubbard St,casual,2523,41.890173,-87.626185
End,Rush St & Hubbard St,member,6066,41.890173,-87.626185
End,Rush St & Illinois St,casual,3068,41.89087,-87.62584
End,Rush St & Illinois St,member,3435,41.89087,-87.62584
End,Rush St & Superior St,casual,4065,41.89576474564,-87.6259080327
End,Rush St & Superior St,member,8876,41.89576474564,-87.62590803270001
End,S Michigan Ave & E 118th St,casual,7,41.67980399999999,-87.620843
End,S Wentworth Ave & W 111th St,casual,3,41.6926176,-87.6280518
End,S Wentworth Ave & W 111th St,member,2,41.6926176,-87.6280518
End,SCOOTERS CLASSIC - 2132 W Hubbard ST,casual,13,41.88996749470834,-87.6801560819149
End,SCOOTERS CLASSIC - 2132 W Hubbard ST,member,125,41.88996749470834,-87.6801560819149
End,STAFF & VISITORS @ West Chicago Warehouse,casual,2,41.894966,-87.731052
End,STAFF & VISITORS @ West Chicago Warehouse,member,9,41.89496599999999,-87.73105200000002
End,Sacramento Ave & 25th St,casual,57,41.84658445614035,-87.70012466666667
End,Sacramento Ave & 25th St,member,58,41.846570551724135,-87.70012720689655
End,Sacramento Ave & 51st St,casual,35,41.80068,-87.69895
End,Sacramento Ave & 51st St,member,21,41.80068,-87.69895
End,Sacramento Ave & Linden Pl,casual,1250,41.92575,-87.70258
End,Sacramento Ave & Linden Pl,member,1834,41.92575,-87.70258
End,Sacramento Ave & Lunt Ave,casual,91,42.0082,-87.70461
End,Sacramento Ave & Lunt Ave,member,173,42.0082,-87.70461
End,Sacramento Ave & Lyndale St,casual,486,41.92235,-87.70241
End,Sacramento Ave & Lyndale St,member,1141,41.92235,-87.70241
End,Sacramento Ave & Polk St,casual,3,41.87096,-87.70030000000001
End,Sacramento Ave & Pratt Blvd,casual,95,42.00404,-87.70472999999998
End,Sacramento Ave & Pratt Blvd,member,221,42.00404,-87.70473000000001
End,Sacramento Blvd & Addison St,casual,390,41.94609005803333,-87.70298297137435
End,Sacramento Blvd & Addison St,member,553,41.94609,-87.70298316817359
End,Sacramento Blvd & Franklin Blvd,casual,126,41.89046879243862,-87.70260751247406
End,Sacramento Blvd & Franklin Blvd,member,126,41.89046879243862,-87.70260751247406
End,Sacramento Blvd & Fulton Ave,casual,29,41.886528,-87.70166999999998
End,Sacramento Blvd & Fulton Ave,member,122,41.886528,-87.70167
End,Sacramento Blvd & Fulton St,casual,114,41.88653,-87.70165
End,Sacramento Blvd & Fulton St,member,129,41.88653,-87.70164999999999
End,Sacramento Blvd & Polk St,casual,14,41.870959000000006,-87.70025899999999
End,Sacramento Blvd & Polk St,member,14,41.870959000000006,-87.700259
End,Sangamon St & Adams St,casual,1353,41.87909,-87.65128
End,Sangamon St & Adams St,member,3863,41.87909,-87.65128
End,Sangamon St & Lake St,casual,3215,41.88577925240433,-87.65102460980414
End,Sangamon St & Lake St,member,7743,41.88577925240433,-87.65102460980414
End,Sangamon St & Washington Blvd,casual,1905,41.883165000000005,-87.6511
End,Sangamon St & Washington Blvd,member,5370,41.883165,-87.6511
End,Sawyer Ave & Fullerton Ave,casual,506,41.92448,-87.7092
End,Sawyer Ave & Fullerton Ave,member,856,41.924479999999996,-87.7092
End,Sawyer Ave & Irving Park Rd,casual,519,41.9536,-87.70931
End,Sawyer Ave & Irving Park Rd,member,1077,41.9536,-87.70931
End,Sayre Ave & Diversey Ave,casual,130,41.93098,-87.80106
End,Sayre Ave & Diversey Ave,member,65,41.93098,-87.80106
End,Scottsdale Park,casual,45,41.741966,-87.736179
End,Scottsdale Park,member,5,41.741966,-87.736179
End,Sedgwick St & Chicago Ave,casual,975,41.89677,-87.6386
End,Sedgwick St & Chicago Ave,member,2515,41.89677,-87.6386
End,Sedgwick St & Huron St,casual,2857,41.894666,-87.638437
End,Sedgwick St & Huron St,member,9529,41.894666,-87.638437
End,Sedgwick St & North Ave,casual,3962,41.910983,-87.63852500000002
End,Sedgwick St & North Ave,member,9016,41.910983,-87.638525
End,Sedgwick St & Schiller St,casual,1419,41.907626,-87.638566
End,Sedgwick St & Schiller St,member,3072,41.907626,-87.63856599999998
End,Sedgwick St & Webster Ave,casual,3575,41.922166999999995,-87.638888
End,Sedgwick St & Webster Ave,member,8655,41.922167,-87.638888
End,Seeley Ave & Garfield Blvd,casual,28,41.794087,-87.675478
End,Seeley Ave & Garfield Blvd,member,78,41.794087,-87.675478
End,Seeley Ave & Roscoe St,casual,1650,41.943403,-87.679618
End,Seeley Ave & Roscoe St,member,3502,41.943403,-87.67961800000002
End,Seminary Ave & Belden Ave,casual,966,41.92339,-87.65599
End,Seminary Ave & Belden Ave,member,1901,41.923390000000005,-87.65599
End,Shabbona Park,casual,147,41.9448,-87.79932
End,Shabbona Park,member,39,41.9448,-87.79931999999998
End,Shedd Aquarium,casual,14613,41.86722595682,-87.6153553902
End,Shedd Aquarium,member,4525,41.86722595682,-87.6153553902
End,Sheffield Ave & Addison St,casual,3400,41.947017,-87.654418
End,Sheffield Ave & Addison St,member,4555,41.947017,-87.65441799999999
End,Sheffield Ave & Addison St ,casual,2195,41.947017,-87.654418
End,Sheffield Ave & Addison St ,member,3659,41.947017,-87.654418
End,Sheffield Ave & Armitage Ave Public Rack,casual,1337,41.917805,-87.653449
End,Sheffield Ave & Armitage Ave Public Rack,member,2019,41.917805,-87.653449
End,Sheffield Ave & Fletcher St,casual,861,41.93901,-87.65321
End,Sheffield Ave & Fletcher St,member,2508,41.93901,-87.65321
End,Sheffield Ave & Fullerton Ave,casual,4579,41.9256163,-87.6536574
End,Sheffield Ave & Fullerton Ave,member,11009,41.9256163,-87.6536574
End,Sheffield Ave & Kingsbury St,casual,2946,41.910522,-87.653106
End,Sheffield Ave & Kingsbury St,member,9923,41.910522,-87.653106
End,Sheffield Ave & School St,casual,1273,41.94236,-87.65427
End,Sheffield Ave & School St,member,1959,41.94236,-87.65427
End,Sheffield Ave & Waveland Ave,casual,4845,41.949399,-87.654529
End,Sheffield Ave & Waveland Ave,member,7255,41.949399,-87.654529
End,Sheffield Ave & Webster Ave,casual,3903,41.92154,-87.653818
End,Sheffield Ave & Webster Ave,member,8320,41.92154,-87.653818
End,Sheffield Ave & Wellington Ave,casual,4326,41.936253486187496,-87.65266209384708
End,Sheffield Ave & Wellington Ave,member,8475,41.9362534831413,-87.65266209840775
End,Sheffield Ave & Willow St,casual,2122,41.913688,-87.652855
End,Sheffield Ave & Willow St,member,6489,41.913688,-87.65285499999999
End,Sheffield Ave & Wrightwood Ave,casual,4897,41.928712,-87.653833
End,Sheffield Ave & Wrightwood Ave,member,8855,41.928712,-87.65383300000002
End,Sheffield/Cornelia Corral,casual,603,41.9452875,-87.65422250000002
End,Sheffield/Cornelia Corral,member,684,41.9452875,-87.6542225
End,Sheffield/Newport Corral,casual,1661,41.944613200000006,-87.65420180000001
End,Sheffield/Newport Corral,member,1548,41.9446132,-87.6542018
End,Sheridan Rd & Argyle St,casual,2288,41.97328682025979,-87.65475958585739
End,Sheridan Rd & Argyle St,member,5398,41.97328682025979,-87.65475958585739
End,Sheridan Rd & Arthur Ave,casual,201,42.00046,-87.66058
End,Sheridan Rd & Arthur Ave,member,211,42.00046,-87.66058
End,Sheridan Rd & Berwyn Ave,casual,1409,41.97828,-87.65529
End,Sheridan Rd & Berwyn Ave,member,3308,41.97828,-87.65529
End,Sheridan Rd & Buena Ave,casual,2951,41.958481299898345,-87.65506034361233
End,Sheridan Rd & Buena Ave,member,6638,41.95848135191322,-87.65505995721601
End,Sheridan Rd & Columbia Ave,casual,771,42.004583,-87.661406
End,Sheridan Rd & Columbia Ave,member,2612,42.004583,-87.661406
End,Sheridan Rd & Greenleaf Ave,casual,611,42.01058656283999,-87.6624120948
End,Sheridan Rd & Greenleaf Ave,member,1711,42.01058656284,-87.6624120948
End,Sheridan Rd & Irving Park Rd,casual,3877,41.954245,-87.654406
End,Sheridan Rd & Irving Park Rd,member,9997,41.95424500000001,-87.654406
End,Sheridan Rd & Lawrence Ave,casual,1493,41.969517,-87.654691
End,Sheridan Rd & Lawrence Ave,member,3635,41.969517,-87.654691
End,Sheridan Rd & Loyola Ave,casual,1093,42.00104377979,-87.66119824330002
End,Sheridan Rd & Loyola Ave,member,2393,42.00104377979,-87.6611982433
End,Sheridan Rd & Montrose Ave,casual,3151,41.96167,-87.65464
End,Sheridan Rd & Montrose Ave,member,8053,41.96167,-87.65464
End,Sheridan Rd & Noyes St (NU),casual,3222,42.05823900000001,-87.67743200000001
End,Sheridan Rd & Noyes St (NU),member,3952,42.058239,-87.677432
End,Shields Ave & 28th Pl,casual,429,41.842733,-87.635491
End,Shields Ave & 28th Pl,member,1137,41.842733,-87.635491
End,Shields Ave & 31st St,casual,709,41.838464,-87.635406
End,Shields Ave & 31st St,member,2004,41.838464,-87.635406
End,Shields Ave & 43rd St,casual,82,41.81620767856,-87.6348193497
End,Shields Ave & 43rd St,member,91,41.81620767856,-87.6348193497
End,Shields Ave & 57th St,casual,9,41.790760000000006,-87.6345
End,Shields Ave & 57th St,member,3,41.79076,-87.6345
End,Shore Dr & 53rd St,casual,724,41.79945,-87.58237
End,Shore Dr & 53rd St,member,961,41.79945,-87.58237
End,Shore Dr & 55th St,casual,4437,41.795212,-87.580715
End,Shore Dr & 55th St,member,6953,41.795212,-87.580715
End,Smith Park,casual,728,41.892048,-87.689397
End,Smith Park,member,1346,41.892048,-87.689397
End,South Boulevard CTA,casual,24,42.0274991,-87.6781649
End,South Boulevard CTA,member,45,42.0274991,-87.67816490000001
End,South Chicago Ave & 83rd St,casual,24,41.743921,-87.575225
End,South Chicago Ave & 83rd St,member,25,41.743921,-87.57522499999999
End,South Chicago Ave & Elliot Ave,casual,7,41.747363,-87.580046
End,South Chicago Ave & Elliot Ave,member,3,41.747363,-87.580046
End,South Shore Dr & 67th St,casual,467,41.77364299999999,-87.567514
End,South Shore Dr & 67th St,member,304,41.773643,-87.567514
End,South Shore Dr & 71st St,casual,535,41.7664094567,-87.5656875719
End,South Shore Dr & 71st St,member,648,41.766409456699996,-87.5656875719
End,South Shore Dr & 74th St,casual,224,41.76218896038,-87.55927465
End,South Shore Dr & 74th St,member,250,41.76218896038,-87.55927465
End,Southport Ave & Belmont Ave,casual,3022,41.93947775040509,-87.6637476682663
End,Southport Ave & Belmont Ave,member,7010,41.93947775040509,-87.6637476682663
End,Southport Ave & Clark St,casual,1002,41.957081,-87.664199
End,Southport Ave & Clark St,member,2534,41.957081,-87.664199
End,Southport Ave & Clybourn Ave,casual,1980,41.92074615909091,-87.66369545484847
End,Southport Ave & Clybourn Ave,member,4608,41.92074742473958,-87.6636996313368
End,Southport Ave & Diversey Pkwy,casual,1411,41.93266,-87.66347
End,Southport Ave & Diversey Pkwy,member,2612,41.93266,-87.66347
End,Southport Ave & Grace St,casual,958,41.95155,-87.66404
End,Southport Ave & Grace St,member,2312,41.95155,-87.66404
End,Southport Ave & Irving Park Rd,casual,2183,41.95417697412598,-87.66435798248007
End,Southport Ave & Irving Park Rd,member,4309,41.954176999999994,-87.664358
End,Southport Ave & Newport Ave Public Rack,casual,852,41.94401899999999,-87.663975
End,Southport Ave & Newport Ave Public Rack,member,1550,41.944019,-87.66397500000001
End,Southport Ave & Roscoe St,casual,4694,41.943739,-87.66402
End,Southport Ave & Roscoe St,member,10161,41.943739,-87.66402
End,Southport Ave & Waveland Ave,casual,4949,41.948226,-87.6640712
End,Southport Ave & Waveland Ave,member,11640,41.948226,-87.6640712
End,Southport Ave & Wellington Ave,casual,4134,41.93577461766458,-87.66360014677048
End,Southport Ave & Wellington Ave,member,7821,41.93577461766458,-87.66360014677048
End,Southport Ave & Wrightwood Ave,casual,2990,41.928773,-87.663913
End,Southport Ave & Wrightwood Ave,member,6313,41.928773,-87.663913
End,Spaulding Ave & 16th St,casual,60,41.8590732,-87.7078929
End,Spaulding Ave & 16th St,member,38,41.8590732,-87.7078929
End,Spaulding Ave & 63rd,casual,57,41.7791655,-87.7056392
End,Spaulding Ave & 63rd,member,9,41.7791655,-87.7056392
End,Spaulding Ave & Armitage Ave,casual,1759,41.91710803478932,-87.71022096276283
End,Spaulding Ave & Armitage Ave,member,2948,41.91710803478932,-87.71022096276283
End,Spaulding Ave & Division St,casual,884,41.90270659438001,-87.709219571
End,Spaulding Ave & Division St,member,1298,41.90270659438,-87.709219571
End,Spaulding Ave & Milwaukee Ave,casual,831,41.93089,-87.71072
End,Spaulding Ave & Milwaukee Ave,member,2137,41.93089,-87.71072
End,Springfield Ave & 47th St,casual,20,41.80807052,-87.72122608000001
End,Springfield Ave & 47th St,member,26,41.80807055,-87.72122585384615
End,Springfield Ave & 71st St,casual,37,41.764484,-87.720028
End,Springfield Ave & 71st St,member,2,41.764484,-87.720028
End,Springfield Ave & 80th St,casual,33,41.74763,-87.71945
End,Springfield Ave & 80th St,member,4,41.74763,-87.71945
End,Springfield Ave & 81st PL,casual,4,41.74501,-87.71906
End,Springfield Ave & 81st PL,member,1,41.74501,-87.71906
End,Springfield Ave & North Ave,casual,242,41.910158,-87.723831
End,Springfield Ave & North Ave,member,221,41.910158,-87.723831
End,St Clair St & Ohio St,casual,3046,41.89238,-87.62264
End,St Clair St & Ohio St,member,4429,41.89238,-87.62264
End,St Louis Ave & 51st St,casual,32,41.80095,-87.71104
End,St Louis Ave & 51st St,member,7,41.80095,-87.71104
End,St Louis Ave & 59th St,casual,14,41.78589,-87.71056999999999
End,St Louis Ave & 59th St,member,19,41.78589,-87.71057
End,St Louis Ave & Armitage Ave,casual,277,41.91717,-87.71358
End,St Louis Ave & Armitage Ave,member,262,41.91717,-87.71358
End,St Louis Ave & Foster Ave,casual,95,41.9759837,-87.71598439999998
End,St Louis Ave & Foster Ave,member,739,41.9759837,-87.7159844
End,St Louis Ave & Norman Bobbins Pl,casual,83,41.79439,-87.71132
End,St Louis Ave & Norman Bobbins Pl,member,17,41.79439,-87.71132
End,St. Clair St & Erie St,casual,1898,41.894348837323996,-87.62280253863413
End,St. Clair St & Erie St,member,3782,41.89435301430914,-87.62280722985224
End,St. Clair St & Erie St 1,casual,2150,41.8944,-87.62286
End,St. Clair St & Erie St 1,member,3581,41.8944,-87.62286
End,St. Clair St & Erie St 2,casual,2619,41.894450000000006,-87.62268
End,St. Clair St & Erie St 2,member,6331,41.89445,-87.62268000000002
End,St. Louis & 71st St,casual,36,41.764354,-87.710121
End,St. Louis & 71st St,member,4,41.764354,-87.710121
End,St. Louis Ave & 59th St,casual,36,41.78589000000001,-87.71057
End,St. Louis Ave & 59th St,member,29,41.78589,-87.71057
End,St. Louis Ave & 71st St,casual,25,41.764354,-87.710121
End,St. Louis Ave & 71st St,member,6,41.764354,-87.710121
End,St. Louis Ave & Balmoral Ave,casual,278,41.98039423475,-87.7161149615
End,St. Louis Ave & Balmoral Ave,member,1153,41.98039423475,-87.7161149615
End,St. Louis Ave & Fullerton Ave,casual,736,41.92481559681187,-87.71449506282805
End,St. Louis Ave & Fullerton Ave,member,1590,41.92481559681187,-87.71449506282805
End,State St & 111th St,casual,73,41.6925249479452,-87.62284571506851
End,State St & 111th St,member,6,41.69251,-87.62286999999999
End,State St & 123rd St,casual,27,41.67064383687979,-87.62258648872375
End,State St & 123rd St,member,1,41.67064383687979,-87.62258648872375
End,State St & 127th St,casual,18,41.66388,-87.622
End,State St & 127th St,member,1,41.66388,-87.622
End,State St & 19th St,casual,1021,41.85658934769834,-87.62754836630755
End,State St & 19th St,member,1655,41.85662665377643,-87.62754653776436
End,State St & 29th St,casual,236,41.84170822288136,-87.62690531016949
End,State St & 29th St,member,294,41.84170771972789,-87.62691145986395
End,State St & 33rd St,casual,1043,41.834734,-87.625813
End,State St & 33rd St,member,2760,41.834734,-87.625813
End,State St & 35th St,casual,839,41.8310363140161,-87.62679755687714
End,State St & 35th St,member,1585,41.8310363140161,-87.62679755687714
End,State St & 45th St,casual,66,41.81313,-87.62585
End,State St & 45th St,member,77,41.81313,-87.62585
End,State St & 54th St,casual,51,41.796642,-87.625923
End,State St & 54th St,member,206,41.796642,-87.62592300000001
End,State St & 76th St,casual,17,41.756971,-87.624621
End,State St & 76th St,member,35,41.756971,-87.624621
End,State St & 79th St,casual,70,41.750794,-87.62442400000002
End,State St & 79th St,member,111,41.750794,-87.62442400000002
End,State St & 95th St,casual,179,41.7218499,-87.6228544
End,State St & 95th St,member,85,41.7218499,-87.6228544
End,State St & Chicago Ave,casual,7280,41.89661720040753,-87.62857854366302
End,State St & Chicago Ave,member,22654,41.89661720040753,-87.62857854366302
End,State St & Harrison St,casual,2731,41.874053,-87.627716
End,State St & Harrison St,member,4553,41.874053,-87.627716
End,State St & Kinzie St,casual,4982,41.88937546663168,-87.62707650661469
End,State St & Kinzie St,member,9323,41.88937546663168,-87.62707650661469
End,State St & Pearson St,casual,1761,41.897448,-87.628722
End,State St & Pearson St,member,5139,41.897448,-87.62872200000001
End,State St & Pershing Rd,casual,99,41.823015237979995,-87.6265680185
End,State St & Pershing Rd,member,37,41.82301523798,-87.6265680185
End,State St & Randolph St,casual,4607,41.88462107257936,-87.62783423066139
End,State St & Randolph St,member,6842,41.88462107257936,-87.62783423066139
End,State St & Van Buren St,casual,1994,41.877181,-87.627844
End,State St & Van Buren St,member,4279,41.877181,-87.62784399999998
End,Stave St & Armitage Ave,casual,1153,41.917741,-87.691392
End,Stave St & Armitage Ave,member,2526,41.917741,-87.691392
End,Steelworkers Park,casual,97,41.73793,-87.53091
End,Steelworkers Park,member,46,41.73793,-87.53091
End,Steelworkers Park (Updated),casual,12,41.737948,-87.53083599999998
End,Steelworkers Park Public Rack,casual,14,41.737948,-87.530836
End,Steelworkers Park Public Rack,member,2,41.737948,-87.530836
End,Stetson Ave & South Water St,casual,3092,41.886835,-87.62232
End,Stetson Ave & South Water St,member,5760,41.886835,-87.62232
End,Stewart Ave & 123rd St,casual,92,41.6706,-87.63244
End,Stewart Ave & 63rd St,casual,18,41.779835,-87.634774
End,Stewart Ave & 63rd St,member,22,41.779835,-87.634774
End,Stewart Ave & 83rd St,casual,13,41.743717,-87.634088
End,Stewart Ave & 83rd St,member,21,41.743717,-87.634088
End,Stockton Dr & Wrightwood Ave,casual,3991,41.93132,-87.638742
End,Stockton Dr & Wrightwood Ave,member,8357,41.93132,-87.638742
End,Stony Island Ave & 57th St,casual,257,41.79161,-87.58748000000001
End,Stony Island Ave & 57th St,member,664,41.79161,-87.58748
End,Stony Island Ave & 63rd St,casual,493,41.780506,-87.586853
End,Stony Island Ave & 63rd St,member,339,41.780506,-87.586853
End,Stony Island Ave & 64th St,casual,143,41.778881,-87.586647
End,Stony Island Ave & 64th St,member,163,41.778881,-87.586647
End,Stony Island Ave & 67th St,casual,177,41.77345849948,-87.5853397391
End,Stony Island Ave & 67th St,member,113,41.77345849948,-87.58533973910001
End,Stony Island Ave & 71st St,casual,107,41.7664929373,-87.5864608775
End,Stony Island Ave & 71st St,member,134,41.7664929373,-87.5864608775
End,Stony Island Ave & 75th St,casual,73,41.7586696704,-87.586882871
End,Stony Island Ave & 75th St,member,142,41.7586696704,-87.58688287100001
End,Stony Island Ave & 82nd St,casual,31,41.746559,-87.586005
End,Stony Island Ave & 82nd St,member,26,41.746559,-87.58600500000001
End,Stony Island Ave & 90th St,casual,30,41.73139494330236,-87.58574366569519
End,Stony Island Ave & 90th St,member,24,41.73139494330236,-87.58574366569519
End,Stony Island Ave & South Chicago Ave,casual,19,41.751173,-87.585337
End,Stony Island Ave & South Chicago Ave,member,16,41.751173,-87.585337
End,Summit Ave & 86th St,casual,3,41.73784847673341,-87.64489978551863
End,Talman Ave & Addison St,casual,965,41.9466358306,-87.694614758
End,Talman Ave & Addison St,member,2517,41.946635830599995,-87.694614758
End,The Salt Shed,casual,1766,41.90689,-87.65978
End,The Salt Shed,member,2580,41.90689,-87.65978
End,Theater on the Lake,casual,16500,41.92627699999999,-87.630834
End,Theater on the Lake,member,11307,41.926277,-87.630834
End,Theater on the Lake Overflow Corral,casual,507,41.92621,-87.63108999999999
End,Theater on the Lake Overflow Corral,member,214,41.92620999999999,-87.63109
End,Theater on the Lake Public Rack - East,casual,277,41.9269768,-87.6301854
End,Theater on the Lake Public Rack - East,member,86,41.92697679999999,-87.6301854
End,Theater on the Lake Public Rack - North ,casual,101,41.9275216,-87.6307031
End,Theater on the Lake Public Rack - North ,member,36,41.927521600000006,-87.6307031
End,Theater on the Lake Public Rack - South,casual,173,41.9265258,-87.6306173
End,Theater on the Lake Public Rack - South,member,49,41.9265258,-87.63061729999998
End,Throop St & 52nd St,casual,72,41.799659,-87.657195
End,Throop St & 52nd St,member,12,41.799659,-87.657195
End,Throop St & 99th St,casual,23,41.71414,-87.6547
End,Throop St & 99th St,member,14,41.71414,-87.65470000000002
End,Throop St & Taylor St,casual,1421,41.868968,-87.659141
End,Throop St & Taylor St,member,4032,41.868968,-87.659141
End,Torrence Ave & 106th St,casual,9,41.70280085022591,-87.55972623825073
End,Torrence Ave & 106th St,member,11,41.70280085022591,-87.55972623825073
End,Torrence Ave & 126th Pl,casual,30,41.66631200825726,-87.55721569061278
End,Torrence Ave & 126th Pl,member,2,41.66631200825726,-87.55721569061278
End,Tripp Ave & 15th St,casual,30,41.86077,-87.73136
End,Tripp Ave & 15th St,member,119,41.86077,-87.73136
End,Tripp Ave & 31st St,casual,33,41.836966,-87.730502
End,Tripp Ave & 31st St,member,14,41.836966,-87.730502
End,Tripp Ave & 65th St,casual,105,41.774910000000006,-87.72883
End,Tripp Ave & 65th St,member,51,41.77491,-87.72883
End,Troy Ave & 27th St,casual,11,41.84265,-87.70401
End,Troy Ave & 27th St,member,3,41.84265,-87.70401
End,Troy St & 27th St,casual,26,41.84266000000001,-87.70405
End,Troy St & 27th St,member,13,41.84266000000001,-87.70405
End,Troy St & Elston Ave,casual,707,41.94524356848,-87.7066499009
End,Troy St & Elston Ave,member,1800,41.94524356848,-87.7066499009
End,Troy St & Grace St,casual,278,41.95024179856115,-87.70636847122303
End,Troy St & Grace St,member,631,41.95024182567353,-87.70636995562599
End,Troy St & Jackson Blvd,casual,10,41.877505,-87.70485
End,Troy St & Jackson Blvd,member,44,41.877505,-87.70485
End,Troy St & North Ave,casual,1031,41.90976930169,-87.7052804871
End,Troy St & North Ave,member,1181,41.90976930169,-87.7052804871
End,Union Ave & Root St,casual,175,41.819102,-87.643278
End,Union Ave & Root St,member,100,41.819102,-87.643278
End,University Ave & 57th St,casual,4848,41.791478,-87.599861
End,University Ave & 57th St,member,16243,41.7914780038113,-87.59986036562292
End,University Ave & 59th St,casual,1496,41.787878,-87.598906
End,University Ave & 59th St,member,4797,41.787878,-87.59890600000001
End,University Ave & 65th St,casual,422,41.776939999999996,-87.59842
End,University Ave & 65th St,member,405,41.77694,-87.59841999999999
End,University Library (NU),casual,1014,42.052939,-87.673447
End,University Library (NU),member,1520,42.052939,-87.673447
End,Valli Produce - Evanston Plaza,casual,314,42.039742,-87.699413
End,Valli Produce - Evanston Plaza,member,368,42.039742,-87.699413
End,Vernon Ave & 107th St,casual,24,41.70012137923888,-87.61225998401642
End,Vernon Ave & 107th St,member,46,41.70012137923888,-87.61225998401642
End,Vernon Ave & 75th St,casual,36,41.758361,-87.614138
End,Vernon Ave & 75th St,member,253,41.758361,-87.614138
End,Vernon Ave & 79th St,casual,31,41.75094,-87.61379
End,Vernon Ave & 79th St,member,95,41.75094,-87.61379
End,Vincennes Ave & 104th St,casual,83,41.70492556499764,-87.65686810958869
End,Vincennes Ave & 104th St,member,11,41.70492556499764,-87.65686810958869
End,Vincennes Ave & 107th St,casual,30,41.69922,-87.65869
End,Vincennes Ave & 107th St,member,33,41.69922,-87.65869
End,Vincennes Ave & 75th St,casual,12,41.75797,-87.63121
End,Vincennes Ave & 75th St,member,6,41.75797,-87.63121
End,Vincennes Ave & 79th St,casual,43,41.7506,-87.63409
End,Vincennes Ave & 79th St,member,80,41.7506,-87.63409
End,Vincennes Ave & 95th St,casual,44,41.72126,-87.65005
End,Vincennes Ave & 95th St,member,54,41.72126,-87.65005000000001
End,Virginia Ave & Catalpa Ave,casual,155,41.98124158967742,-87.70493364903224
End,Virginia Ave & Catalpa Ave,member,210,41.98124245333333,-87.7049247657143
End,W 103rd St & S Avers Ave,casual,13,41.705846,-87.717074
End,W 103rd St & S Avers Ave,member,7,41.705846,-87.717074
End,W Armitage Ave & N Sheffield Ave,casual,495,41.917805,-87.65344900000001
End,W Armitage Ave & N Sheffield Ave,member,1061,41.917805,-87.653449
End,W Washington Blvd & N Peoria St,casual,95,41.883043,-87.649931
End,W Washington Blvd & N Peoria St,member,245,41.883043,-87.649931
End,WEST - CHI  PILLAR CHARGING  (CHARGING PILLAR TEST),member,2,41.894852904023175,-87.73058392340168
End,WEST - CHI - CASSETTE REPAIR,casual,1,41.894927987005616,-87.73085214477966
End,Wabash Ave & 16th St,casual,2280,41.860384,-87.625813
End,Wabash Ave & 16th St,member,5936,41.860384,-87.625813
End,Wabash Ave & 49th St,casual,79,41.80581,-87.62449999999998
End,Wabash Ave & 49th St,member,33,41.80581,-87.6245
End,Wabash Ave & 59th St,casual,89,41.787052970257335,-87.62402973196657
End,Wabash Ave & 59th St,member,20,41.787052970257335,-87.62402973196656
End,Wabash Ave & 83rd St,casual,7,41.74335976225324,-87.62284398078917
End,Wabash Ave & 83rd St,member,22,41.74335976225324,-87.62284398078917
End,Wabash Ave & 87th St,casual,49,41.73655301831962,-87.62264415621758
End,Wabash Ave & 87th St,member,78,41.73655301831962,-87.62264415621758
End,Wabash Ave & 9th St,casual,4181,41.870769,-87.625734
End,Wabash Ave & 9th St,member,8182,41.870769,-87.625734
End,Wabash Ave & Adams St,casual,2521,41.87947235235,-87.6256886059
End,Wabash Ave & Adams St,member,5098,41.87947235235,-87.6256886059
End,Wabash Ave & Cermak Rd,casual,1709,41.852619,-87.626488
End,Wabash Ave & Cermak Rd,member,1732,41.852619,-87.62648800000001
End,Wabash Ave & Grand Ave,casual,8406,41.891466,-87.626761
End,Wabash Ave & Grand Ave,member,12445,41.89146610566645,-87.62676095792622
End,Wabash Ave & Jackson Blvd,casual,2158,41.87801,-87.62599
End,Wabash Ave & Jackson Blvd,member,3718,41.87801,-87.62599
End,Wabash Ave & Roosevelt Rd,casual,6016,41.867227,-87.625961
End,Wabash Ave & Roosevelt Rd,member,12542,41.867227,-87.62596100000002
End,Wabash Ave & Wacker Pl,casual,1717,41.886874999999996,-87.62603
End,Wabash Ave & Wacker Pl,member,1894,41.886875,-87.62603
End,Wabash Ave & Washington St,casual,5037,41.8832,-87.62662
End,Wabash Ave & Washington St,member,7628,41.8832,-87.62662
End,Wacker Dr & Randolph St,casual,1685,41.88454,-87.63732
End,Wacker Dr & Randolph St,member,5586,41.88454,-87.63732
End,Wacker Dr & Washington St,casual,1765,41.88314336439022,-87.63724207878113
End,Wacker Dr & Washington St,member,7567,41.883143364390214,-87.63724207878113
End,Wacker Dr & Washington St Corral,casual,186,41.88316,-87.63736
End,Wacker Dr & Washington St Corral,member,782,41.88316,-87.63735999999999
End,Walden Pkwy & 100th St,casual,153,41.71216410359803,-87.66773343086243
End,Walden Pkwy & 100th St,member,74,41.71216410359803,-87.66773343086243
End,Wallace St & 28th St,casual,296,41.843511,-87.6419
End,Wallace St & 28th St,member,537,41.843511,-87.6419
End,Wallace St & 35th St,casual,559,41.83070705144085,-87.64125533401966
End,Wallace St & 35th St,member,740,41.83070705144085,-87.64125533401966
End,Wallace St & Pershing Rd,casual,47,41.82366706382979,-87.64026489361703
End,Wallace St & Pershing Rd,member,89,41.823618078651684,-87.64042668539327
End,Walsh Park,casual,1546,41.914609999999996,-87.66796800000002
End,Walsh Park,member,3120,41.91461,-87.667968
End,Warren Park East,casual,282,42.00454962194,-87.6806661451
End,Warren Park East,member,502,42.00454962194,-87.6806661451
End,Warren Park West,casual,303,42.001785,-87.688829
End,Warren Park West,member,892,42.001785,-87.688829
End,Washington Blvd & Peoria St Public Rack,casual,144,41.883043,-87.64993099999998
End,Washington Blvd & Peoria St Public Rack,member,392,41.883043,-87.649931
End,Washington/Green (Green Side) Corral,casual,75,41.8833012,-87.6486656
End,Washington/Green (Green Side) Corral,member,113,41.8833012,-87.6486656
End,Washington/Green (Washington Side) Corral,casual,62,41.8831974,-87.6487729
End,Washington/Green (Washington Side) Corral,member,70,41.8831974,-87.64877289999998
End,Washtenaw Ave & Lawrence Ave,casual,699,41.968729700000004,-87.6962603
End,Washtenaw Ave & Lawrence Ave,member,2391,41.9687297,-87.6962603
End,Washtenaw Ave & Ogden Ave,casual,198,41.861930492782584,-87.69345045089722
End,Washtenaw Ave & Ogden Ave,member,337,41.86193049278259,-87.69345045089722
End,Washtenaw Ave & Peterson Ave,casual,93,41.990711935483866,-87.69705645161291
End,Washtenaw Ave & Peterson Ave,member,169,41.99070142011834,-87.69706020710059
End,Washtenaw Ave & Polk St,casual,316,41.87112175316456,-87.69372732594937
End,Washtenaw Ave & Polk St,member,196,41.871132977551014,-87.69375357653061
End,Waveland/Racine Corral,casual,1315,41.9488214,-87.6592823
End,Waveland/Racine Corral,member,1253,41.9488214,-87.6592823
End,Waveland/Wilton Corral,casual,199,41.9489031,-87.653141
End,Waveland/Wilton Corral,member,140,41.94890310000001,-87.653141
End,Wellington Ave & Mulligan Ave,casual,60,41.93473000000001,-87.78436
End,Wellington Ave & Mulligan Ave,member,30,41.93473000000001,-87.78436000000002
End,Wells St & 19th St,casual,874,41.856801999999995,-87.633879
End,Wells St & 19th St,member,748,41.856802,-87.633879
End,Wells St & Concord Ln,casual,9190,41.912133,-87.634656
End,Wells St & Concord Ln,member,19502,41.912133,-87.634656
End,Wells St & Elm St,casual,7958,41.903222,-87.634324
End,Wells St & Elm St,member,19407,41.903222,-87.634324
End,Wells St & Evergreen Ave,casual,5577,41.906724,-87.63483
End,Wells St & Evergreen Ave,member,10134,41.90672480231359,-87.63482999955279
End,Wells St & Hubbard St,casual,6604,41.889906,-87.634266
End,Wells St & Hubbard St,member,17753,41.889906,-87.634266
End,Wells St & Huron St,casual,6445,41.8947953,-87.6343743
End,Wells St & Huron St,member,17484,41.8947953,-87.6343743
End,Wells St & Institute Pl,casual,2305,41.89737986072316,-87.63442039489746
End,Wells St & Institute Pl,member,5889,41.89737986072316,-87.63442039489746
End,Wells St & Madison St,casual,1721,41.88198937469727,-87.63417933057002
End,Wells St & Madison St,member,5678,41.88199,-87.63418
End,Wells St & Ohio St,casual,2036,41.89281,-87.63421
End,Wells St & Ohio St,member,3123,41.89281,-87.63421000000001
End,Wells St & Polk St,casual,3495,41.87273154226308,-87.63351649045944
End,Wells St & Polk St,member,8014,41.87273154226308,-87.63351649045944
End,Wells St & Randolph St,casual,3631,41.884295,-87.633963
End,Wells St & Randolph St,member,7779,41.884295,-87.633963
End,Wells St & Randolph St Corral,casual,122,41.88438,-87.63396
End,Wells St & Randolph St Corral,member,351,41.88438,-87.63395999999999
End,Wells St & Walton St,casual,3550,41.89993001,-87.63443007
End,Wells St & Walton St,member,10100,41.89993001,-87.63443007
End,Wells St & Washington St,casual,1160,41.882999999999996,-87.63396
End,Wells St & Washington St,member,3580,41.883,-87.63396000000002
End,Wentworth Ave & 104th St,casual,22,41.705307996998194,-87.62921690940857
End,Wentworth Ave & 104th St,member,2,41.705307996998194,-87.62921690940857
End,Wentworth Ave & 107th St,casual,27,41.69989,-87.62784999999998
End,Wentworth Ave & 107th St,member,4,41.69989,-87.62785
End,Wentworth Ave & 111th St,casual,23,41.69259,-87.62825
End,Wentworth Ave & 111th St,member,26,41.69259,-87.62825
End,Wentworth Ave & 24th St,casual,1042,41.85008369347577,-87.6321405172348
End,Wentworth Ave & 24th St,member,992,41.85008369347576,-87.6321405172348
End,Wentworth Ave & 33rd St,casual,695,41.83452988563,-87.6318229814
End,Wentworth Ave & 33rd St,member,1296,41.83452988563,-87.6318229814
End,Wentworth Ave & 35th St,casual,1030,41.830777,-87.632504
End,Wentworth Ave & 35th St,member,1142,41.830777,-87.632504
End,Wentworth Ave & 63rd St,casual,101,41.78007963264,-87.6297463052
End,Wentworth Ave & 63rd St,member,68,41.78007963264,-87.6297463052
End,Wentworth Ave & 92nd St,casual,24,41.72714,-87.62886000000002
End,Wentworth Ave & 92nd St,member,48,41.72714,-87.62885999999999
End,Wentworth Ave & Cermak Rd*,casual,3649,41.853214418519656,-87.63187229633331
End,Wentworth Ave & Cermak Rd*,member,3116,41.853214418519656,-87.63187229633331
End,Western Ave & 101st St,casual,73,41.71011,-87.68198
End,Western Ave & 101st St,member,17,41.71011,-87.68197999999998
End,Western Ave & 104th St,casual,61,41.70458710218908,-87.68120348453522
End,Western Ave & 104th St,member,18,41.70458710218908,-87.68120348453522
End,Western Ave & 111th St,casual,52,41.691211034981045,-87.68129736185074
End,Western Ave & 111th St,member,15,41.691211034981045,-87.68129736185074
End,Western Ave & 21st St,casual,402,41.854109,-87.685838
End,Western Ave & 21st St,member,815,41.854108999999994,-87.685838
End,Western Ave & 24th St,casual,358,41.84847,-87.685109
End,Western Ave & 24th St,member,511,41.84847,-87.685109
End,Western Ave & 28th St,casual,82,41.84151770807,-87.6851314409
End,Western Ave & 28th St,member,119,41.84151770806999,-87.6851314409
End,Western Ave & 43rd St,casual,68,41.81574,-87.68489
End,Western Ave & 43rd St,member,134,41.81574,-87.68489
End,Western Ave & 62nd St,casual,33,41.78098257575758,-87.6834008121212
End,Western Ave & 62nd St,member,9,41.78098,-87.68338
End,Western Ave & 79th St,casual,27,41.750843,-87.682701
End,Western Ave & 79th St,member,31,41.750843,-87.682701
End,Western Ave & 81st St,casual,11,41.746426,-87.683123
End,Western Ave & 81st St,member,10,41.746426,-87.683123
End,Western Ave & Ardmore Ave,casual,178,41.986650656179776,-87.68972261123595
End,Western Ave & Ardmore Ave,member,340,41.98667448352941,-87.68975573058823
End,Western Ave & Berteau Ave,casual,412,41.95774,-87.688273
End,Western Ave & Berteau Ave,member,1517,41.95774,-87.688273
End,Western Ave & Congress Pkwy,casual,837,41.87474885079,-87.68644527569998
End,Western Ave & Congress Pkwy,member,1301,41.87474885079,-87.6864452757
End,Western Ave & Division St,casual,1449,41.902893,-87.687275
End,Western Ave & Division St,member,2706,41.902893,-87.687275
End,Western Ave & Fillmore St,casual,483,41.868563,-87.686234
End,Western Ave & Fillmore St,member,2040,41.86856601970393,-87.68623409209363
End,Western Ave & Grace St,casual,539,41.95035200371058,-87.68808771428571
End,Western Ave & Grace St,member,1419,41.95035067653277,-87.68808260465116
End,Western Ave & Granville Ave,casual,483,41.99416136902,-87.689438282
End,Western Ave & Granville Ave,member,1206,41.99416136902,-87.689438282
End,Western Ave & Gunnison St,casual,446,41.9696599573991,-87.68952692668164
End,Western Ave & Gunnison St,member,1164,41.969659965635735,-87.68952672817869
End,Western Ave & Howard St,casual,297,42.018901,-87.690048
End,Western Ave & Howard St,member,837,42.018901,-87.690048
End,Western Ave & Lake St,casual,189,41.88478625396826,-87.68658373544974
End,Western Ave & Lake St,member,279,41.88478806451613,-87.68659107526882
End,Western Ave & Leland Ave,casual,1709,41.96572,-87.68844
End,Western Ave & Leland Ave,member,4383,41.96572,-87.68844000000001
End,Western Ave & Lunt Ave,casual,231,42.0085943972,-87.6904922389
End,Western Ave & Lunt Ave,member,1363,42.0085943972,-87.6904922389
End,Western Ave & Lyndale St,casual,565,41.9226,-87.68772
End,Western Ave & Lyndale St,member,1362,41.9226,-87.68772
End,Western Ave & Monroe St,casual,359,41.881425619955436,-87.68663125543009
End,Western Ave & Monroe St,member,837,41.88142526,-87.68663168180001
End,Western Ave & Roscoe St,casual,907,41.943034,-87.687288
End,Western Ave & Roscoe St,member,2113,41.943034,-87.687288
End,Western Ave & Wabansia Ave,casual,902,41.91208000000001,-87.68752
End,Western Ave & Wabansia Ave,member,1698,41.91208,-87.68752
End,Western Ave & Walton St,casual,1645,41.89841768945,-87.6865960164
End,Western Ave & Walton St,member,3527,41.89841768945,-87.68659601639999
End,Western Ave & Winnebago Ave,casual,1967,41.91552,-87.687022
End,Western Ave & Winnebago Ave,member,4186,41.91552,-87.687022
End,Western Blvd & 48th Pl,casual,215,41.805661,-87.683392
End,Western Blvd & 48th Pl,member,306,41.805661,-87.683392
End,Whipple St & Irving Park Rd,casual,168,41.95422,-87.70444
End,Whipple St & Irving Park Rd,member,335,41.95422,-87.70444
End,Whipple St & Roosevelt Rd,casual,31,41.86655258064516,-87.70148903225807
End,Whipple St & Roosevelt Rd,member,24,41.86655133333333,-87.70162966666668
End,Whipple/Irving Park,casual,118,41.95418899999999,-87.704448
End,Whipple/Irving Park,member,210,41.954189,-87.704448
End,Wilton Ave & Addison St,casual,2267,41.947459,-87.65321600000001
End,Wilton Ave & Addison St,member,3931,41.947459,-87.653216
End,Wilton Ave & Belmont Ave,casual,5852,41.940231918108594,-87.65294373035431
End,Wilton Ave & Belmont Ave,member,12974,41.9402319181086,-87.65294373035431
End,Wilton Ave & Diversey Pkwy,casual,4432,41.932418,-87.652705
End,Wilton Ave & Diversey Pkwy,member,10962,41.932418,-87.652705
End,Wilton Ave & Diversey Pkwy*,casual,413,41.932418,-87.652705
End,Wilton Ave & Diversey Pkwy*,member,1305,41.932418,-87.652705
End,Winchester (Ravenswood) Ave & Balmoral Ave,casual,648,41.979762,-87.67753000000002
End,Winchester (Ravenswood) Ave & Balmoral Ave,member,1498,41.979762,-87.67753
End,Winchester Ave & Elston Ave,casual,828,41.92409085038,-87.6764600747
End,Winchester Ave & Elston Ave,member,2177,41.92409085038,-87.67646007469999
End,Winthrop Ave & Bryn Mawr Ave,casual,664,41.98384000000001,-87.65806000000002
End,Winthrop Ave & Bryn Mawr Ave,member,969,41.98384,-87.65806
End,Winthrop Ave & Lawrence Ave,casual,1534,41.96881199999999,-87.657659
End,Winthrop Ave & Lawrence Ave,member,3295,41.968812,-87.657659
End,Winthrop Ave & Sheridan Rd,casual,428,41.99814,-87.65885
End,Winthrop Ave & Sheridan Rd,member,504,41.99814,-87.65885
End,Wolcott (Ravenswood) Ave & Montrose Ave,casual,1666,41.961406,-87.676169
End,Wolcott (Ravenswood) Ave & Montrose Ave,member,4252,41.961406,-87.676169
End,Wolcott Ave & Fargo Ave,casual,126,42.01697699999999,-87.67772499999998
End,Wolcott Ave & Fargo Ave,member,439,42.016977,-87.677725
End,Wolcott Ave & Polk St,casual,1211,41.871262,-87.673688
End,Wolcott Ave & Polk St,member,6645,41.871262,-87.67368800000001
End,Wood St & 33rd St,casual,147,41.83427,-87.6706
End,Wood St & 33rd St,member,99,41.83427,-87.6706
End,Wood St & 35th St,casual,254,41.83010465416,-87.6702983089
End,Wood St & 35th St,member,505,41.83010465416,-87.6702983089
End,Wood St & 84th St,casual,33,41.741192,-87.668106
End,Wood St & 84th St,member,7,41.741192,-87.668106
End,Wood St & Augusta Blvd,casual,1521,41.899181,-87.6722
End,Wood St & Augusta Blvd,member,4926,41.899181,-87.6722
End,Wood St & Beach Ave,casual,3504,41.907655,-87.672552
End,Wood St & Beach Ave,member,7695,41.907655,-87.672552
End,Wood St & Chicago Ave,casual,1777,41.895634,-87.672069
End,Wood St & Chicago Ave,member,5694,41.895634,-87.672069
End,Wood St & Cortland St,casual,976,41.91589,-87.67281
End,Wood St & Cortland St,member,1921,41.91589,-87.67280999999998
End,Wood St & Hubbard St,casual,1266,41.889715,-87.671966
End,Wood St & Hubbard St,member,2869,41.889715,-87.671966
End,Wood St & Milwaukee Ave,casual,1632,41.90631676470588,-87.67153043137255
End,Wood St & Milwaukee Ave,member,2854,41.90631534863349,-87.67152935038543
End,Wood St & Taylor St (Temp),casual,697,41.869265218438194,-87.67373085021973
End,Wood St & Taylor St (Temp),member,4248,41.869265218438194,-87.67373085021973
End,Wood St & Walnut St,casual,329,41.88571418260525,-87.67182799038444
End,Wood St & Walnut St,member,574,41.88573254257905,-87.67183497287074
End,Wood St & Webster Ave,casual,814,41.921056729927564,-87.67279744148254
End,Wood St & Webster Ave,member,2418,41.92105672992757,-87.67279744148254
End,Woodlawn & 103rd,casual,9,41.707338,-87.59399
End,Woodlawn Ave & 103rd St,casual,8,41.70738,-87.59404
End,Woodlawn Ave & 103rd St,member,2,41.70738,-87.59404
End,Woodlawn Ave & 55th St,casual,2232,41.795264,-87.596471
End,Woodlawn Ave & 55th St,member,6323,41.795264,-87.596471
End,Woodlawn Ave & 58th St,casual,2351,41.789381,-87.596479
End,Woodlawn Ave & 58th St,member,6138,41.789381,-87.596479
End,Woodlawn Ave & 75th St,casual,14,41.75916,-87.5959387857143
End,Woodlawn Ave & 75th St,member,8,41.75916,-87.59593025000001
End,Woodlawn Ave & Lake Park Ave,casual,470,41.814092710480004,-87.59700514790002
End,Woodlawn Ave & Lake Park Ave,member,437,41.81409271048,-87.5970051479
End,Yates Ave & 95th St,casual,11,41.72237,-87.56478
End,Yates Ave & 95th St,member,8,41.72237,-87.56478
End,Yates Blvd & 75th St,casual,73,41.758768,-87.56644
End,Yates Blvd & 75th St,member,58,41.758768,-87.56644
End,Yates Blvd & 93rd St,casual,19,41.72616639024511,-87.5662761926651
End,Yates Blvd & 93rd St,member,23,41.72616639024511,-87.5662761926651
End,[Archived] Wilton Ave & Diversey Pkwy,casual,37,41.932418,-87.652705
End,[Archived] Wilton Ave & Diversey Pkwy,member,139,41.932418,-87.652705
Start,11th St Ped Bridge,casual,1,41.86935,-87.62178
Start,2112 W Peterson Ave,casual,257,41.99117799392217,-87.68359331489495
Start,2112 W Peterson Ave,member,579,41.99117806419516,-87.68359326245596
Start,21st St & Pulaski Rd,casual,62,41.85361207553128,-87.72462333026337
Start,21st St & Pulaski Rd,member,34,41.85372223454495,-87.72468312248469
Start,63rd St Beach,casual,830,41.78091130280528,-87.5763235494315
Start,63rd St Beach,member,421,41.78091096424803,-87.57632374763489
Start,900 W Harrison St,casual,2712,41.87475402735546,-87.64980724981416
Start,900 W Harrison St,member,5925,41.87475401619697,-87.64980702880422
Start,Aberdeen St & 103rd St,casual,35,41.70704,-87.65022
Start,Aberdeen St & 103rd St,member,10,41.70704,-87.65022
Start,Aberdeen St & 106th St,casual,1,41.70121,-87.64934
Start,Aberdeen St & 106th St,member,1,41.70121,-87.64934
Start,Aberdeen St & Carroll Ave,casual,2780,41.888190214631656,-87.6545908783759
Start,Aberdeen St & Carroll Ave,member,6418,41.88819022881324,-87.65459149972025
Start,Aberdeen St & Jackson Blvd,casual,3631,41.877726701684104,-87.65478810837483
Start,Aberdeen St & Jackson Blvd,member,9830,41.87772749621414,-87.65478886191963
Start,Aberdeen St & Monroe St,casual,1866,41.88019924916399,-87.65487404999304
Start,Aberdeen St & Monroe St,member,6044,41.88019464767918,-87.65486274504022
Start,Aberdeen St & Randolph St,casual,3230,41.88411441746687,-87.65426461619103
Start,Aberdeen St & Randolph St,member,6664,41.884114824891405,-87.65426515628747
Start,Ada St & 113th Pl,casual,18,41.68759,-87.65541000000002
Start,Ada St & 113th Pl,member,5,41.68759,-87.65541
Start,Ada St & 113th Place,casual,4,41.68759,-87.65541
Start,Ada St & Washington Blvd,casual,1760,41.88282984521591,-87.66120603478467
Start,Ada St & Washington Blvd,member,5072,41.88282900468316,-87.66120681783774
Start,Addison/Racine Corral,casual,1023,41.94707032814858,-87.65935265590517
Start,Addison/Racine Corral,member,817,41.947074116676866,-87.6593511038629
Start,Addison/Sheffield SE Corral,casual,494,41.94702972864372,-87.65425326138461
Start,Addison/Sheffield SE Corral,member,447,41.94702884260179,-87.65425211756599
Start,Addison/Sheffield SW Corral,casual,1057,41.94695159205392,-87.6544095013983
Start,Addison/Sheffield SW Corral,member,749,41.94695185849666,-87.65440967168225
Start,Addison/Wilton Corral,casual,487,41.94738837593018,-87.65317304868992
Start,Addison/Wilton Corral,member,369,41.94738964036766,-87.65317572844444
Start,Adler Planetarium,casual,10130,41.866095580570615,-87.60726813980148
Start,Adler Planetarium,member,3949,41.86609589701596,-87.60726850948441
Start,Albany Ave & 16th St,casual,112,41.859341082205354,-87.70301994274999
Start,Albany Ave & 16th St,member,104,41.85933211064423,-87.70302103050962
Start,Albany Ave & 26th St,casual,89,41.844507871730336,-87.70166006473033
Start,Albany Ave & 26th St,member,103,41.8445067125631,-87.70166253970875
Start,Albany Ave & Belmont Ave,casual,398,41.93965275484506,-87.70526082345476
Start,Albany Ave & Belmont Ave,member,747,41.939653316293175,-87.70526181113387
Start,Albany Ave & Bloomingdale Ave,casual,1291,41.91402599505111,-87.7051264530945
Start,Albany Ave & Bloomingdale Ave,member,2749,41.91402476012534,-87.70512674925101
Start,Albany Ave & Douglas Blvd,casual,86,41.86292718134857,-87.70322965312428
Start,Albany Ave & Douglas Blvd,member,59,41.86285925592618,-87.70327421099394
Start,Albany Ave & Montrose Ave,casual,809,41.961040803899465,-87.70586501134238
Start,Albany Ave & Montrose Ave,member,1632,41.96104090699204,-87.70586553206005
Start,Altgeld Gardens,casual,37,41.65666552967373,-87.59880065917969
Start,Altgeld Gardens,member,1,41.65666552967373,-87.59880065917969
Start,Archer (Damen) Ave & 37th St,casual,162,41.82671202730247,-87.68314418600617
Start,Archer (Damen) Ave & 37th St,member,259,41.82671201625483,-87.68314394860231
Start,Archer Ave & 43rd St,casual,39,41.81549043333333,-87.70241373333333
Start,Archer Ave & 43rd St,member,27,41.815490385185186,-87.70241220740742
Start,Archer Ave & 49th St,casual,41,41.8042,-87.72082
Start,Archer Ave & 49th St,member,51,41.8042,-87.72081999999999
Start,Archer Ave & Homan Ave,casual,58,41.81153,-87.70885
Start,Archer Ave & Homan Ave,member,30,41.81152999999999,-87.70885
Start,Archer Ave & Wentworth Ave,casual,1210,41.854687202741324,-87.63085293157025
Start,Archer Ave & Wentworth Ave,member,1408,41.85468718286009,-87.63085285386434
Start,Arrington Lagoon,casual,76,42.046434,-87.6738773
Start,Arrington Lagoon,member,52,42.046434000000005,-87.67387730000002
Start,Artesian Ave & 55th St,casual,44,41.79402,-87.68577
Start,Artesian Ave & 55th St,member,102,41.79402,-87.68577
Start,Artesian Ave & 71st St,casual,30,41.764345000000006,-87.684417
Start,Artesian Ave & 71st St,member,29,41.764345,-87.684417
Start,Artesian Ave & Hubbard St,casual,1344,41.88949993625446,-87.68825658292931
Start,Artesian Ave & Hubbard St,member,3983,41.88949986413558,-87.68825577236052
Start,Artesian Ave & Marquette Rd,casual,47,41.772030623851066,-87.68463780297873
Start,Artesian Ave & Marquette Rd,member,18,41.77203,-87.684637
Start,Ashland Ave & 13th St,casual,1027,41.86523417182765,-87.66650671984614
Start,Ashland Ave & 13th St,member,2643,41.86523411241885,-87.66650688252668
Start,Ashland Ave & 50th St,casual,126,41.803023,-87.664699
Start,Ashland Ave & 50th St,member,114,41.803023,-87.66469899999998
Start,Ashland Ave & 63rd St,casual,37,41.779374,-87.664843
Start,Ashland Ave & 63rd St,member,31,41.779374,-87.664843
Start,Ashland Ave & 66th St,casual,23,41.77407365613043,-87.66381006669565
Start,Ashland Ave & 66th St,member,10,41.774074,-87.663815
Start,Ashland Ave & 74th St,casual,70,41.75923602425868,-87.66347408294678
Start,Ashland Ave & 74th St,member,32,41.75923602425868,-87.66347408294678
Start,Ashland Ave & 78th St,casual,22,41.75220484941116,-87.66369938850403
Start,Ashland Ave & 78th St,member,17,41.75220484941116,-87.66369938850403
Start,Ashland Ave & Addison St,casual,20,41.94689,-87.66916
Start,Ashland Ave & Addison St,member,35,41.94689,-87.66916
Start,Ashland Ave & Archer Ave,casual,145,41.83920865634014,-87.66560911553518
Start,Ashland Ave & Archer Ave,member,237,41.83920868403,-87.6656098589
Start,Ashland Ave & Augusta Blvd,casual,1781,41.89962049595134,-87.6684102461091
Start,Ashland Ave & Augusta Blvd,member,5531,41.89962194026812,-87.66841152792412
Start,Ashland Ave & Belle Plaine Ave,casual,1108,41.95581920955505,-87.6691167426787
Start,Ashland Ave & Belle Plaine Ave,member,1837,41.95578342225911,-87.66916209569843
Start,Ashland Ave & Blackhawk St,casual,2358,41.90706583539398,-87.66725184006023
Start,Ashland Ave & Blackhawk St,member,5020,41.90706586115226,-87.66725160169436
Start,Ashland Ave & Chicago Ave,casual,1838,41.8959562274254,-87.66773380522417
Start,Ashland Ave & Chicago Ave,member,5236,41.89595394554589,-87.6677289204189
Start,Ashland Ave & Division St,casual,824,41.90353348250607,-87.67036876210558
Start,Ashland Ave & Division St,member,1946,41.90354163025643,-87.67039270420453
Start,Ashland Ave & Garfield Blvd,casual,61,41.792822,-87.664429
Start,Ashland Ave & Garfield Blvd,member,29,41.792821999999994,-87.66442900000001
Start,Ashland Ave & Grace St,casual,1851,41.95075286782604,-87.66872314795246
Start,Ashland Ave & Grace St,member,2953,41.95080812965459,-87.66874134537996
Start,Ashland Ave & Grand Ave,casual,1483,41.891071992473364,-87.66661324224681
Start,Ashland Ave & Grand Ave,member,3129,41.89107205220443,-87.66661551210738
Start,Ashland Ave & Lake St,casual,2121,41.885920201155585,-87.66717013511645
Start,Ashland Ave & Lake St,member,3266,41.885920623291796,-87.66717054211543
Start,Ashland Ave & McDowell Ave,casual,98,41.809719,-87.663477
Start,Ashland Ave & McDowell Ave,member,144,41.809719,-87.663477
Start,Ashland Ave & Pershing Rd,casual,228,41.823465443807024,-87.6655771034737
Start,Ashland Ave & Pershing Rd,member,173,41.82346507636416,-87.66557720183238
Start,Ashland Ave & Wellington Ave,casual,1775,41.93608294722536,-87.6698079426524
Start,Ashland Ave & Wellington Ave,member,4454,41.93608306568852,-87.66980796706962
Start,Ashland Ave & Wrightwood Ave,casual,1670,41.928829799431135,-87.66850755126407
Start,Ashland Ave & Wrightwood Ave,member,3811,41.928829845525314,-87.6685078608145
Start,Augusta Blvd & Laramie Ave,casual,41,41.898660911268294,-87.75545445541464
Start,Augusta Blvd & Laramie Ave,member,6,41.8986607,-87.7554551
Start,Austin Ave & Milwaukee Ave,casual,85,41.98736,-87.77805
Start,Austin Ave & Milwaukee Ave,member,90,41.98735999471111,-87.77804999277778
Start,Austin Blvd & Chicago Ave,casual,84,41.894887,-87.774704
Start,Austin Blvd & Chicago Ave,member,37,41.89488610997297,-87.77470227251351
Start,Austin Blvd & Lake St,casual,224,41.88794357146368,-87.77427672062704
Start,Austin Blvd & Lake St,member,169,41.887943578134404,-87.77427442045574
Start,Austin Blvd & Madison St,casual,120,41.88028159060833,-87.77445300868334
Start,Austin Blvd & Madison St,member,75,41.880281,-87.774453
Start,Ave H & 110th St,casual,30,41.69552999999999,-87.53304
Start,Ave H & 110th St,member,2,41.69553,-87.53304
Start,Ave L & 114th,casual,68,41.68803103964706,-87.53641024855882
Start,Ave L & 114th,member,1,41.68803,-87.53641
Start,Avenue O & 118th St,casual,35,41.68100145911039,-87.5379312226869
Start,Avenue O & 118th St,member,5,41.68100145911039,-87.5379312226869
Start,Avenue O & 134th St,casual,26,41.6519026853208,-87.53955539376464
Start,Avenue O & 134th St,member,4,41.6519026853208,-87.53955539376464
Start,Avers Ave & 103rd St,casual,27,41.70585836777778,-87.71709153281482
Start,Avers Ave & 103rd St,member,6,41.70586,-87.71709
Start,Avers Ave & 16th St,casual,43,41.859089999999995,-87.72121
Start,Avers Ave & 16th St,member,45,41.85909,-87.72121
Start,Avers Ave & Belmont Ave,casual,1192,41.93940802423295,-87.72357416416666
Start,Avers Ave & Belmont Ave,member,2102,41.93940772803235,-87.72357432454757
Start,Avers Ave & Foster Ave,casual,174,41.97541038006322,-87.72452036890229
Start,Avers Ave & Foster Ave,member,191,41.975410207513086,-87.72452090931935
Start,Avondale Ave & Irving Park Rd,casual,832,41.95339339392668,-87.73200155053124
Start,Avondale Ave & Irving Park Rd,member,1819,41.953393630212204,-87.73200124906047
Start,Baltimore Ave & 133rd St,casual,50,41.65349054016,-87.54703020924
Start,Baltimore Ave & 133rd St,member,4,41.65349,-87.54703
Start,Baltimore Ave & 87th St,casual,65,41.73733625158204,-87.54851335561915
Start,Baltimore Ave & 87th St,member,52,41.737336092581714,-87.54851383888446
Start,Bennett Ave & 79th St,casual,31,41.751785,-87.578496
Start,Bennett Ave & 79th St,member,12,41.751785,-87.57849600000002
Start,Benson Ave & Church St,casual,2513,42.04821460365579,-87.68348485611182
Start,Benson Ave & Church St,member,3961,42.04821489389809,-87.68348493984986
Start,Bent Park,casual,21,42.064494,-87.724011
Start,Bent Park,member,6,42.064494,-87.724011
Start,Bernard St & Elston Ave,casual,310,41.94992292743548,-87.7139495817516
Start,Bernard St & Elston Ave,member,719,41.94992303316968,-87.71395005741168
Start,Bernard St & Peterson Ave,casual,65,41.990440805646145,-87.71523331607693
Start,Bernard St & Peterson Ave,member,275,41.99044189863636,-87.71523429706183
Start,Big Marsh Park,casual,281,41.68587756257175,-87.57382254498842
Start,Big Marsh Park,member,66,41.68587756721995,-87.57382254166887
Start,Bissell St & Armitage Ave,casual,3170,41.9182955629354,-87.65218332409859
Start,Bissell St & Armitage Ave,member,5379,41.9182955629354,-87.65218332409859
Start,Bissell St & Armitage Ave*,casual,1301,41.91829986503599,-87.65218364083812
Start,Bissell St & Armitage Ave*,member,2766,41.9183007346632,-87.65218388516048
Start,Blackstone Ave & 53rd St,casual,1170,41.79961993995812,-87.59012945251453
Start,Blackstone Ave & 53rd St,member,2442,41.79961961246642,-87.59012919277191
Start,Blackstone Ave & 59th St,casual,2465,41.78787787705071,-87.59046297648034
Start,Blackstone Ave & 59th St,member,6918,41.78787823897408,-87.59046434513603
Start,Blackstone Ave & Hyde Park Blvd,casual,1392,41.802562608251435,-87.59036601407902
Start,Blackstone Ave & Hyde Park Blvd,member,2617,41.802562239669086,-87.5903668436924
Start,Blue Island Ave & 18th St,casual,1582,41.85755443094627,-87.66153587698926
Start,Blue Island Ave & 18th St,member,3831,41.85755458612399,-87.66153569783269
Start,Bosworth Ave & Howard St,casual,217,42.01953830752073,-87.66956224776497
Start,Bosworth Ave & Howard St,member,681,42.01953747948311,-87.66956294112775
Start,Bradley Park,casual,12,41.717878301935,-87.56459176540375
Start,Bradley Park,member,14,41.71788034836822,-87.56458859787492
Start,Broadway & Argyle St,casual,2183,41.97423089325332,-87.65977467581769
Start,Broadway & Argyle St,member,4674,41.97423100001027,-87.65977699881194
Start,Broadway & Barry Ave,casual,5285,41.937584029392504,-87.6440976214404
Start,Broadway & Barry Ave,member,11311,41.937584735400726,-87.64409728482642
Start,Broadway & Belmont Ave,casual,3721,41.940105465228434,-87.64545219527923
Start,Broadway & Belmont Ave,member,8408,41.940105347226414,-87.64545235984406
Start,Broadway & Berwyn Ave,casual,1964,41.978361292127296,-87.65978836394858
Start,Broadway & Berwyn Ave,member,5311,41.97836155250084,-87.65978804132425
Start,Broadway & Cornelia Ave,casual,5296,41.94552867665313,-87.64643930792523
Start,Broadway & Cornelia Ave,member,13209,41.94552845943324,-87.64643912929117
Start,Broadway & Cuyler Ave,casual,978,41.95541751066769,-87.65150001306749
Start,Broadway & Cuyler Ave,member,2130,41.9554188108651,-87.6514998146
Start,Broadway & Granville Ave,casual,2219,41.9947797774457,-87.66028504756038
Start,Broadway & Granville Ave,member,5079,41.99477964027352,-87.6602848550278
Start,Broadway & Oakdale Ave,casual,3301,41.935579864985456,-87.6440504618664
Start,Broadway & Oakdale Ave,member,5919,41.93558007372197,-87.64405090957204
Start,Broadway & Ridge Ave,casual,1312,41.98404536690038,-87.66027394966045
Start,Broadway & Ridge Ave,member,2970,41.984044946644616,-87.66027391303585
Start,Broadway & Roscoe Ave,casual,2544,41.94359981304206,-87.64532046201454
Start,Broadway & Roscoe Ave,member,5138,41.943599813599064,-87.64532083391008
Start,Broadway & Sheridan Rd,casual,3962,41.95283299551135,-87.64999298777107
Start,Broadway & Sheridan Rd,member,9417,41.95283094613901,-87.64999307453229
Start,Broadway & Sunnyside Ave,casual,1768,41.963419073635755,-87.65606984910634
Start,Broadway & Sunnyside Ave,member,5510,41.963418903269755,-87.65607042677628
Start,Broadway & Thorndale Ave,casual,2178,41.98974274870924,-87.66014064904783
Start,Broadway & Thorndale Ave,member,4786,41.98974269263647,-87.66014061374354
Start,Broadway & Waveland Ave,casual,5389,41.94907423351735,-87.64863439810559
Start,Broadway & Waveland Ave,member,14207,41.94907437611213,-87.64863373850832
Start,Broadway & Wilson Ave,casual,2609,41.965220685400155,-87.6581417312779
Start,Broadway & Wilson Ave,member,5858,41.965220606630815,-87.65814478300717
Start,Buckingham Fountain,casual,1843,41.869590617117204,-87.6239616570434
Start,Buckingham Fountain,member,1364,41.8695913716481,-87.62396071606378
Start,Budlong Woods Library,casual,250,41.983665032013114,-87.69642256647118
Start,Budlong Woods Library,member,531,41.98366512788444,-87.69642277974651
Start,Burley Ave & 85th St,casual,33,41.74117,-87.54518
Start,Burley Ave & 85th St,member,26,41.74117,-87.54518
Start,Burley Ave & 91st St,casual,31,41.73054,-87.54558
Start,Burley Ave & 91st St,member,25,41.73053966292,-87.54558081180001
Start,Burling St & Armitage Ave,casual,332,41.91807869510241,-87.64727961546686
Start,Burling St & Armitage Ave,member,453,41.91807497997792,-87.64727837368874
Start,Burling St & Diversey Pkwy,casual,2591,41.93313945001891,-87.64775977303668
Start,Burling St & Diversey Pkwy,member,8209,41.933139398456085,-87.64775980829603
Start,Burnham Greenway & 105th St,casual,54,41.7045750872071,-87.52823173999786
Start,Burnham Greenway & 105th St,member,29,41.7045750872071,-87.52823173999786
Start,Burnham Greenway & 112th St,casual,90,41.69177385116831,-87.53043115139008
Start,Burnham Greenway & 112th St,member,51,41.69177383871073,-87.53043357998263
Start,Burnham Harbor,casual,4561,41.85741285077902,-87.61379215672011
Start,Burnham Harbor,member,4707,41.85741232861749,-87.61379182269013
Start,Burnham Shores,casual,77,42.0403531,-87.6702128
Start,Burnham Shores,member,30,42.0403531,-87.6702128
Start,California & 16th St,casual,93,41.859230627258064,-87.69555468235484
Start,California & 16th St,member,81,41.859234439518524,-87.69554560434568
Start,California Ave & 16th St,casual,65,41.85926014192307,-87.69549777770769
Start,California Ave & 16th St,member,308,41.85926016347619,-87.69549952979978
Start,California Ave & 21st St,casual,303,41.853795611008756,-87.69582312011356
Start,California Ave & 21st St,member,615,41.85379593744944,-87.69582326514045
Start,California Ave & 23rd Pl,casual,142,41.84911146636169,-87.69513666447746
Start,California Ave & 23rd Pl,member,321,41.84911071184461,-87.69513889059688
Start,California Ave & 26th St,casual,62,41.84368043740591,-87.69496762559965
Start,California Ave & 26th St,member,171,41.84368078430818,-87.69496810994235
Start,California Ave & 29th St,casual,11,41.840222,-87.694129
Start,California Ave & 29th St,member,10,41.840220104699995,-87.6941299646
Start,California Ave & 36th St,casual,91,41.828100735241755,-87.69468091297801
Start,California Ave & 36th St,member,62,41.82809971795161,-87.69468056838708
Start,California Ave & 41st St,casual,194,41.81866917520618,-87.69440956145361
Start,California Ave & 41st St,member,73,41.81866930364384,-87.6944094160959
Start,California Ave & 71st St,casual,47,41.764749298127654,-87.69312127806384
Start,California Ave & 71st St,member,40,41.764748,-87.693121
Start,California Ave & Altgeld St,casual,997,41.92668942302407,-87.6976696179699
Start,California Ave & Altgeld St,member,2127,41.92668896574377,-87.69767127333708
Start,California Ave & Byron St,casual,757,41.9521620344693,-87.69805110451124
Start,California Ave & Byron St,member,1824,41.95216210072442,-87.69805117422204
Start,California Ave & Cortez St,casual,1733,41.90036306811137,-87.69670455907675
Start,California Ave & Cortez St,member,3159,41.900363301817656,-87.69670601098385
Start,California Ave & Division St,casual,1388,41.90302903453746,-87.69747468291715
Start,California Ave & Division St,member,2405,41.90302928196632,-87.6974757131314
Start,California Ave & Fletcher St,casual,1325,41.93842917492142,-87.69800816270792
Start,California Ave & Fletcher St,member,1863,41.9384292176123,-87.69800847856898
Start,California Ave & Francis Pl,casual,1672,41.91849209334915,-87.69742362796543
Start,California Ave & Francis Pl,member,2909,41.91849558684526,-87.69742628100906
Start,California Ave & Granville Ave,casual,227,41.99417488645374,-87.69954770635682
Start,California Ave & Granville Ave,member,954,41.99417315921173,-87.69954332911111
Start,California Ave & Lake St,casual,391,41.88445380150424,-87.6962983174844
Start,California Ave & Lake St,member,479,41.884453664148374,-87.69629928176158
Start,California Ave & Madison St,casual,120,41.880979928600006,-87.69597951581666
Start,California Ave & Madison St,member,86,41.880979472558145,-87.69598153504651
Start,California Ave & Marquette Rd,casual,73,41.771608978287674,-87.69333088100001
Start,California Ave & Marquette Rd,member,37,41.771611,-87.69333099999999
Start,California Ave & Milwaukee Ave,casual,3888,41.92269466635468,-87.69715255873353
Start,California Ave & Milwaukee Ave,member,7678,41.92269418446409,-87.69715184805635
Start,California Ave & Montrose Ave,casual,991,41.96106827389001,-87.69543923654187
Start,California Ave & Montrose Ave,member,2064,41.96106857181766,-87.69543950954214
Start,California Ave & North Ave,casual,1559,41.910043412671584,-87.69716653329121
Start,California Ave & North Ave,member,2281,41.91004279416791,-87.69716578616088
Start,California Ave & Touhy Ave,casual,166,42.01203607540963,-87.70043548383735
Start,California Ave & Touhy Ave,member,207,42.01203655640579,-87.70043476834783
Start,California Ave & Winona St,casual,160,41.97471185001875,-87.69785526283125
Start,California Ave & Winona St,member,443,41.97471086440858,-87.69785585584424
Start,California Blvd & 29th St,casual,5,41.84024000000001,-87.69413
Start,California Blvd & 29th St,member,9,41.84024,-87.69413
Start,Calumet Ave & 18th St,casual,3557,41.85761910712078,-87.61941140714097
Start,Calumet Ave & 18th St,member,5240,41.857620249240746,-87.6194117896659
Start,Calumet Ave & 21st St,casual,2295,41.85418150647872,-87.619153667295
Start,Calumet Ave & 21st St,member,2629,41.854180844443974,-87.61915434056124
Start,Calumet Ave & 33rd St,casual,803,41.83472062180572,-87.61796833651309
Start,Calumet Ave & 33rd St,member,2419,41.834720093939644,-87.61796965708433
Start,Calumet Ave & 35th St,casual,466,41.83137905892489,-87.61803451884549
Start,Calumet Ave & 35th St,member,587,41.831378933879044,-87.61803415599317
Start,Calumet Ave & 51st St,casual,278,41.8022942413741,-87.61805351989929
Start,Calumet Ave & 51st St,member,299,41.802293962484015,-87.61805392067157
Start,Calumet Ave & 71st St,casual,51,41.76550833402941,-87.61691958541176
Start,Calumet Ave & 71st St,member,13,41.76550800581,-87.616917925
Start,Calumet Park,casual,85,41.713710065983065,-87.53084203776476
Start,Calumet Park,member,74,41.71370983035615,-87.53084421157837
Start,Campbell Ave & 51st St,casual,96,41.80094080667708,-87.6867596326146
Start,Campbell Ave & 51st St,member,12,41.80094,-87.68676
Start,Campbell Ave & Augusta Blvd,casual,1129,41.899575762261286,-87.68949626608592
Start,Campbell Ave & Augusta Blvd,member,2462,41.89957472206431,-87.68949575883565
Start,Campbell Ave & Fullerton Ave,casual,857,41.924632816129055,-87.68930744370384
Start,Campbell Ave & Fullerton Ave,member,1169,41.924633214388706,-87.6893075085473
Start,Campbell Ave & Irving Park Rd,casual,328,41.95362477956707,-87.69078687033841
Start,Campbell Ave & Irving Park Rd,member,560,41.95362407564465,-87.69078771925179
Start,Campbell Ave & Montrose Ave,casual,788,41.961525498357865,-87.69117733729568
Start,Campbell Ave & Montrose Ave,member,2877,41.96152522474661,-87.69117748415538
Start,Campbell Ave & North Ave,casual,1399,41.91053502815011,-87.68955602492709
Start,Campbell Ave & North Ave,member,3796,41.91053504036828,-87.68955619536713
Start,Canal St & Adams St,casual,4012,41.87925482809571,-87.63990590956331
Start,Canal St & Adams St,member,14335,41.8792551064429,-87.6399056897428
Start,Canal St & Harrison St,casual,1029,41.8742546511895,-87.63957300759085
Start,Canal St & Harrison St,member,2448,41.874254784311276,-87.63957312306292
Start,Canal St & Jackson Blvd,casual,2638,41.8781242805235,-87.63997096183017
Start,Canal St & Jackson Blvd,member,11399,41.87812462983735,-87.63996798202815
Start,Canal St & Lake St,casual,1654,41.88597000279686,-87.63999009749092
Start,Canal St & Lake St,member,5273,41.88596973647506,-87.63999368692724
Start,Canal St & Madison St,casual,6530,41.88240688960444,-87.63976554364932
Start,Canal St & Madison St,member,23179,41.88240644721239,-87.63976437899647
Start,Canal St & Monroe St,casual,2042,41.88290558980901,-87.63974163252057
Start,Canal St & Monroe St,member,8102,41.882906172889655,-87.63974138353564
Start,Canal St & Taylor St,casual,2003,41.87025645586221,-87.63947417876886
Start,Canal St & Taylor St,member,3412,41.870256159894296,-87.63947415540301
Start,Cannon Dr & Fullerton Ave,casual,2732,41.92675553174946,-87.6344294851158
Start,Cannon Dr & Fullerton Ave,member,1982,41.926755554448796,-87.63442956586255
Start,Carpenter St & 63rd St,casual,13,41.77987,-87.650919
Start,Carpenter St & 63rd St,member,3,41.77987,-87.650919
Start,Carpenter St & Fulton St,casual,1412,41.88667971197474,-87.65315015824197
Start,Carpenter St & Fulton St,member,3710,41.88667962451734,-87.65315076945336
Start,Carpenter St & Huron St,casual,2818,41.894555769152944,-87.65344830957274
Start,Carpenter St & Huron St,member,6309,41.89455586765969,-87.65344853639319
Start,Carpenter St & Lake St Public Rack,casual,299,41.88558661804348,-87.6531880907893
Start,Carpenter St & Lake St Public Rack,member,628,41.88558830045701,-87.65318735379618
Start,Central & Elston,casual,89,41.985503401651684,-87.76820140060674
Start,Central & Elston,member,76,41.98550453720614,-87.76820096564911
Start,Central Ave & Altgeld St,casual,134,41.9258119,-87.7663685
Start,Central Ave & Altgeld St,member,143,41.925813125999994,-87.76636849934265
Start,Central Ave & Chicago Ave,casual,46,41.89495751063044,-87.7649015775
Start,Central Ave & Chicago Ave,member,100,41.894958,-87.764902
Start,Central Ave & Harrison St,casual,54,41.87299423361111,-87.76450068596296
Start,Central Ave & Harrison St,member,19,41.872993,-87.764499
Start,Central Ave & Lake St,casual,104,41.88766459872116,-87.76546866557692
Start,Central Ave & Lake St,member,137,41.88766386338686,-87.76546834467152
Start,Central Ave & Madison St,casual,56,41.880121037928575,-87.76323707789285
Start,Central Ave & Madison St,member,83,41.88012074848193,-87.76323669044578
Start,Central Ave & Parker Ave,casual,82,41.930179043195125,-87.76611967189024
Start,Central Ave & Parker Ave,member,107,41.930178443775695,-87.76612084294392
Start,Central Ave & Roscoe St,casual,71,41.94227464538028,-87.76694846738027
Start,Central Ave & Roscoe St,member,44,41.942275,-87.76695
Start,Central Ave & Wellington Ave,casual,88,41.934908142185606,-87.7667740795
Start,Central Ave & Wellington Ave,member,54,41.9349097,-87.7667718
Start,Central Park & Augusta Blvd,casual,28,41.89890980660714,-87.71648698103571
Start,Central Park & Augusta Blvd,member,233,41.8989108,-87.7164901
Start,Central Park Ave & 24th St,casual,185,41.8480995039027,-87.71506824531892
Start,Central Park Ave & 24th St,member,95,41.84809988092632,-87.71506920552632
Start,Central Park Ave & 66th St,casual,29,41.77326007489655,-87.71312929472414
Start,Central Park Ave & 66th St,member,1,41.773258,-87.713143
Start,Central Park Ave & Ardmore Ave,casual,117,41.98660873924786,-87.71876742652992
Start,Central Park Ave & Ardmore Ave,member,306,41.98660793030065,-87.71876755350654
Start,Central Park Ave & Augusta Blvd,casual,58,41.89894000000001,-87.71648999999998
Start,Central Park Ave & Augusta Blvd,member,152,41.89894,-87.71649
Start,Central Park Ave & Bloomingdale Ave,casual,785,41.91416532688026,-87.71675630671974
Start,Central Park Ave & Bloomingdale Ave,member,1746,41.91416548124227,-87.71675684170562
Start,Central Park Ave & Douglas Blvd,casual,55,41.8623496508,-87.71586936534545
Start,Central Park Ave & Douglas Blvd,member,22,41.86235064963636,-87.71587545213636
Start,Central Park Ave & Elbridge Ave,casual,1312,41.93533754738271,-87.71688886146303
Start,Central Park Ave & Elbridge Ave,member,2001,41.9353375787926,-87.71688853538956
Start,Central Park Ave & North Ave,casual,492,41.90965713302679,-87.71663265882641
Start,Central Park Ave & North Ave,member,605,41.90965749694097,-87.71663308783438
Start,Central Park Ave & Ogden Ave,casual,417,41.85406179182981,-87.71511698112297
Start,Central Park Ave & Ogden Ave,member,245,41.854062691821916,-87.71511759952638
Start,Central Park Ave & Ohio St,casual,151,41.891878266788076,-87.7164250220265
Start,Central Park Ave & Ohio St,member,157,41.89187660262421,-87.71641659082803
Start,Central Park Ave & Washington Blvd,casual,67,41.8827476,-87.7153994
Start,Central Park Ave & Washington Blvd,member,45,41.882748208866666,-87.71539931188889
Start,Central Park Blvd & 5th Ave,casual,80,41.875679,-87.71547
Start,Central Park Blvd & 5th Ave,member,152,41.875678897368424,-87.71547030401315
Start,Central St & Girard Ave,casual,476,42.064312943241596,-87.6861519197416
Start,Central St & Girard Ave,member,600,42.06431287584,-87.68615194746667
Start,Central St Metra,casual,622,42.06360690653536,-87.69872852837781
Start,Central St Metra,member,605,42.06360202121157,-87.6987293618529
Start,Cherry Ave & Blackhawk St,casual,516,41.90722112266473,-87.65561889508527
Start,Cherry Ave & Blackhawk St,member,1697,41.90722105963406,-87.655618596033
Start,Chicago Ave & Grove St,casual,265,42.045222069762254,-87.67995797690567
Start,Chicago Ave & Grove St,member,291,42.04522215843642,-87.6799576233677
Start,Chicago Ave & Sheridan Rd,casual,3068,42.05049089317014,-87.67782108697587
Start,Chicago Ave & Sheridan Rd,member,2956,42.05049099738329,-87.67782125769689
Start,Chicago Ave & Washington St,casual,1153,42.032562078905464,-87.67910194843712
Start,Chicago Ave & Washington St,member,1828,42.03256969220077,-87.67910304388786
Start,Chicago State University,casual,115,41.7189631535649,-87.60829580659515
Start,Chicago State University,member,77,41.718963447490204,-87.60829623488341
Start,Christiana Ave & Lawrence Ave,casual,693,41.96835479801555,-87.71183050596608
Start,Christiana Ave & Lawrence Ave,member,1347,41.968354828685946,-87.71183101653266
Start,Cicero Ave & Flournoy St,casual,33,41.8721322459697,-87.74662042287878
Start,Cicero Ave & Flournoy St,member,13,41.872131,-87.746619
Start,Cicero Ave & Lake St,casual,158,41.886841928379745,-87.74526246283544
Start,Cicero Ave & Lake St,member,33,41.88684163033333,-87.7452672950303
Start,Cicero Ave & Quincy St,casual,46,41.877613229521735,-87.74540487730435
Start,Cicero Ave & Quincy St,member,9,41.877613,-87.745405
Start,Cicero Ave & Roscoe Ave,casual,91,41.942426593021985,-87.74731488787911
Start,Cicero Ave & Roscoe Ave,member,268,41.94242722313433,-87.74731477406343
Start,Cicero Ave & Wellington Ave,casual,39,41.93514967364102,-87.74636330892307
Start,Cicero Ave & Wellington Ave,member,29,41.93515112,-87.74636707472413
Start,Cicero Ave & Wrightwood Ave,casual,91,41.92790693092307,-87.74673362632967
Start,Cicero Ave & Wrightwood Ave,member,238,41.92791574675209,-87.74675301318908
Start,Cityfront Plaza Dr & Pioneer Ct,casual,4160,41.89057128145337,-87.6220720532726
Start,Cityfront Plaza Dr & Pioneer Ct,member,7284,41.8905669235475,-87.62207210012191
Start,Claremont Ave & Hirsch St,casual,732,41.90778002471721,-87.68585636835383
Start,Claremont Ave & Hirsch St,member,1754,41.907779757314714,-87.68585642730389
Start,Clarendon Ave & Gordon Ter,casual,3628,41.957866086360134,-87.64950424984903
Start,Clarendon Ave & Gordon Ter,member,10054,41.95786570704399,-87.6495039393984
Start,Clarendon Ave & Junior Ter,casual,3710,41.96100357918113,-87.64959964300512
Start,Clarendon Ave & Junior Ter,member,8531,41.96100366089009,-87.64959854340393
Start,Clarendon Ave & Leland Ave,casual,2047,41.96796685407279,-87.6500023511275
Start,Clarendon Ave & Leland Ave,member,4788,41.96796667348037,-87.65000247361696
Start,Clark Beach,casual,113,42.050001300000005,-87.6740198
Start,Clark Beach,member,38,42.0500013,-87.67401979999998
Start,Clark St & 9th St (AMLI),casual,1819,41.870816282028585,-87.63124167049205
Start,Clark St & 9th St (AMLI),member,2694,41.87081571510839,-87.6312421770375
Start,Clark St & Arlington Pl,casual,4864,41.92693726111561,-87.64148156090926
Start,Clark St & Arlington Pl,member,9535,41.92693845569614,-87.64148612938634
Start,Clark St & Armitage Ave,casual,9232,41.91830592750394,-87.63628256952556
Start,Clark St & Armitage Ave,member,15260,41.91830594840896,-87.636283597198
Start,Clark St & Berwyn Ave,casual,3844,41.97801689967222,-87.6680190830653
Start,Clark St & Berwyn Ave,member,8303,41.97801684397122,-87.668019155819
Start,Clark St & Bryn Mawr Ave,casual,2089,41.98359293395835,-87.66915415480804
Start,Clark St & Bryn Mawr Ave,member,5468,41.98359294525256,-87.66915414631512
Start,Clark St & Chicago Ave,casual,3373,41.896749101101584,-87.63088703225438
Start,Clark St & Chicago Ave,member,8004,41.89674420555642,-87.63088819437917
Start,Clark St & Columbia Ave,casual,714,42.004450593023414,-87.67240251403584
Start,Clark St & Columbia Ave,member,1568,42.004450548511215,-87.67240250871103
Start,Clark St & Drummond Pl,casual,4085,41.931247871728274,-87.64433520740147
Start,Clark St & Drummond Pl,member,9864,41.93124809863179,-87.64433459435674
Start,Clark St & Eddy St ,casual,3509,41.9462818622163,-87.6562677521442
Start,Clark St & Eddy St ,member,5122,41.946282396958615,-87.6562669967827
Start,Clark St & Elm St,casual,7449,41.90296695702592,-87.63130463268774
Start,Clark St & Elm St,member,16650,41.90296445625392,-87.63130664598492
Start,Clark St & Elmdale Ave,casual,905,41.99086042293785,-87.66972259447826
Start,Clark St & Elmdale Ave,member,1798,41.99086043659906,-87.66972155691663
Start,Clark St & Fletcher St,casual,1243,41.93888715330813,-87.65034019785466
Start,Clark St & Fletcher St,member,2646,41.938941680874535,-87.65031763897443
Start,Clark St & Grace St,casual,4162,41.950781408971885,-87.65917243239235
Start,Clark St & Grace St,member,5253,41.95078335645555,-87.6591733331993
Start,Clark St & Ida B Wells Dr,casual,2682,41.87593405904735,-87.6305857402528
Start,Clark St & Ida B Wells Dr,member,6194,41.875934011805946,-87.63058566569181
Start,Clark St & Jarvis Ave,casual,425,42.01596312583059,-87.67500514939765
Start,Clark St & Jarvis Ave,member,1111,42.01596305613861,-87.67500486965976
Start,Clark St & Lake St,casual,4895,41.88602082773,-87.6308760584
Start,Clark St & Lake St,member,12626,41.88602082773,-87.63087605839999
Start,Clark St & Leland Ave,casual,2943,41.9670882574522,-87.6672948772438
Start,Clark St & Leland Ave,member,5904,41.96708853653425,-87.66729585277288
Start,Clark St & Lincoln Ave,casual,9130,41.91569007089409,-87.63460013109179
Start,Clark St & Lincoln Ave,member,14496,41.91569246854413,-87.63460032213553
Start,Clark St & Lunt Ave,casual,1234,42.00901200318118,-87.67411516367748
Start,Clark St & Lunt Ave,member,2733,42.009011967945405,-87.67411453393274
Start,Clark St & Madison St,casual,115,41.88218,-87.63098
Start,Clark St & Madison St,member,269,41.88218,-87.63098
Start,Clark St & Montrose Ave,casual,2514,41.96158751630628,-87.66604077386516
Start,Clark St & Montrose Ave,member,4971,41.9615874087529,-87.66604132985289
Start,Clark St & Newport St,casual,5173,41.94453941392055,-87.65467936322598
Start,Clark St & Newport St,member,7460,41.94453930017922,-87.65467985550818
Start,Clark St & North Ave,casual,4046,41.91197368995947,-87.63194288689915
Start,Clark St & North Ave,member,6325,41.911972780504975,-87.63194482543214
Start,Clark St & Schiller St,casual,4859,41.90799436811977,-87.63150168658427
Start,Clark St & Schiller St,member,10780,41.907994424713074,-87.6315026178227
Start,Clark St & Schreiber Ave,casual,1012,41.99924487930534,-87.6712512455336
Start,Clark St & Schreiber Ave,member,1858,41.99924488470399,-87.67125133801561
Start,Clark St & Touhy Ave,casual,282,42.012561439640315,-87.67436484815745
Start,Clark St & Touhy Ave,member,605,42.01256054824662,-87.6743655092388
Start,Clark St & Washington St,casual,750,41.883012877792,-87.63100016933066
Start,Clark St & Washington St,member,1502,41.88301105031558,-87.63099383536462
Start,Clark St & Wellington Ave,casual,4248,41.93649685672187,-87.64753950133617
Start,Clark St & Wellington Ave,member,8338,41.936496751556156,-87.64754008170553
Start,Clark St & Winnemac Ave,casual,4537,41.9733476953774,-87.66785492109025
Start,Clark St & Winnemac Ave,member,9584,41.97334757346778,-87.667854678795
Start,Clark St & Wrightwood Ave,casual,4844,41.92954628977519,-87.64311919600289
Start,Clark St & Wrightwood Ave,member,10895,41.929546743830386,-87.64311977305121
Start,Clark/Newport Corral,casual,1063,41.94494163047507,-87.65461041468673
Start,Clark/Newport Corral,member,842,41.94494349445092,-87.65461220807917
Start,Clark/Racine Corral,casual,1136,41.9504450825,-87.65931761818396
Start,Clark/Racine Corral,member,758,41.950441706286284,-87.65931700605805
Start,Clifton Ave & Armitage Ave,casual,2844,41.918215912463666,-87.65693710182009
Start,Clifton Ave & Armitage Ave,member,6929,41.9182161066659,-87.65693849173358
Start,Clinton St & 18th St,casual,961,41.85794967807596,-87.64082607150677
Start,Clinton St & 18th St,member,2249,41.85794871493909,-87.6408260378128
Start,Clinton St & Jackson Blvd,casual,5121,41.878317172586584,-87.6409834735771
Start,Clinton St & Jackson Blvd,member,20024,41.87831742149681,-87.6409843618327
Start,Clinton St & Lake St,casual,4036,41.88563446229584,-87.64182353167642
Start,Clinton St & Lake St,member,13631,41.88563125983477,-87.64182365303976
Start,Clinton St & Madison St,casual,6604,41.882031586696,-87.641165198418
Start,Clinton St & Madison St,member,19477,41.882078480896425,-87.64116724062845
Start,Clinton St & Polk St,casual,512,41.87146601370734,-87.64094953987852
Start,Clinton St & Polk St,member,624,41.871465827555845,-87.64094924785978
Start,Clinton St & Roosevelt Rd,casual,2223,41.86711793691364,-87.64108778503032
Start,Clinton St & Roosevelt Rd,member,3645,41.867118038737175,-87.64108774669849
Start,Clinton St & Tilden St,casual,1826,41.87588447755312,-87.64079364796989
Start,Clinton St & Tilden St,member,5368,41.87588474639661,-87.64079353860171
Start,Clinton St & Washington Blvd,casual,3132,41.88305971026533,-87.6411894483573
Start,Clinton St & Washington Blvd,member,16014,41.883123847711126,-87.6411896535045
Start,Clinton St & Washington Blvd 2,casual,3447,41.88338090770844,-87.64117384627241
Start,Clinton St & Washington Blvd 2,member,15136,41.88338053851328,-87.6411757806046
Start,Clybourn Ave & Division St,casual,1590,41.904612761227035,-87.64055239089181
Start,Clybourn Ave & Division St,member,4722,41.90461278809657,-87.64055240247227
Start,Clyde Ave & 87th St,casual,59,41.737151464310564,-87.57274031639099
Start,Clyde Ave & 87th St,member,28,41.73715458644232,-87.57273757459132
Start,Columbus Ave & 79th St,casual,77,41.74911877916883,-87.70426321948052
Start,Columbus Ave & 79th St,member,9,41.749119,-87.70426300000001
Start,Columbus Ave & 83rd Pl,casual,24,41.7413462385,-87.713690948625
Start,Columbus Ave & 83rd Pl,member,6,41.741346,-87.71369599999998
Start,Columbus Dr & Randolph St,casual,7439,41.884725683661024,-87.61952084352154
Start,Columbus Dr & Randolph St,member,13635,41.884722924527914,-87.61952129586345
Start,Commercial Ave & 100th St,casual,18,41.71331739547703,-87.55109757184982
Start,Commercial Ave & 100th St,member,14,41.71331739547703,-87.55109757184982
Start,Commercial Ave & 130th St,casual,92,41.659150427597744,-87.55076229572296
Start,Commercial Ave & 130th St,member,2,41.659150427597744,-87.55076229572296
Start,Commercial Ave & 83rd St,casual,47,41.744614999999996,-87.551208
Start,Commercial Ave & 83rd St,member,133,41.74461506422557,-87.55120774021803
Start,Commercial Ave & 90th St,casual,37,41.73188399483784,-87.55184331348649
Start,Commercial Ave & 90th St,member,30,41.73188736,-87.55179412000001
Start,Commercial Ave & 97th St,casual,12,41.71893327875,-87.55112116583332
Start,Commercial Ave & 97th St,member,34,41.71893,-87.55112
Start,Conservatory Dr & Lake St,casual,330,41.88549902062122,-87.71686649509697
Start,Conservatory Dr & Lake St,member,325,41.88549969449846,-87.71686622243077
Start,Constance Ave & 95th St,casual,19,41.72229074095262,-87.57896840572357
Start,Constance Ave & 95th St,member,86,41.72228887673224,-87.5789679926454
Start,Cornell Ave & Hyde Park Blvd,casual,2052,41.80240584957651,-87.58692399043828
Start,Cornell Ave & Hyde Park Blvd,member,4347,41.802406076484466,-87.58692387407783
Start,Cottage Grove Ave & 107th St,casual,28,41.70015,-87.60793
Start,Cottage Grove Ave & 107th St,member,8,41.70015,-87.60793
Start,Cottage Grove Ave & 111th Pl,casual,61,41.691708441241616,-87.61000262518895
Start,Cottage Grove Ave & 111th Pl,member,19,41.69170975847015,-87.61000156402588
Start,Cottage Grove Ave & 43rd St,casual,306,41.816498836276686,-87.60658290701744
Start,Cottage Grove Ave & 43rd St,member,460,41.81649877548913,-87.6065831076239
Start,Cottage Grove Ave & 47th St,casual,8,41.809855,-87.606755
Start,Cottage Grove Ave & 47th St,member,22,41.809855,-87.606755
Start,Cottage Grove Ave & 49th St,casual,158,41.80627218453164,-87.6066418238038
Start,Cottage Grove Ave & 49th St,member,439,41.80627311204555,-87.60664174973121
Start,Cottage Grove Ave & 51st St,casual,348,41.8030379770546,-87.606615058273
Start,Cottage Grove Ave & 51st St,member,576,41.803037756638886,-87.60661520006771
Start,Cottage Grove Ave & 63rd St,casual,471,41.78053281701464,-87.6059731234919
Start,Cottage Grove Ave & 63rd St,member,656,41.78053199588177,-87.60597156124481
Start,Cottage Grove Ave & 67th St,casual,161,41.773721230055585,-87.60563495042857
Start,Cottage Grove Ave & 67th St,member,221,41.77372111952013,-87.60563519342986
Start,Cottage Grove Ave & 71st St,casual,54,41.765719514155734,-87.60496188329631
Start,Cottage Grove Ave & 71st St,member,31,41.76571903697,-87.604959713
Start,Cottage Grove Ave & 78th St,casual,38,41.75317447231579,-87.60502567392105
Start,Cottage Grove Ave & 78th St,member,301,41.753174,-87.605026
Start,Cottage Grove Ave & 83rd St,casual,87,41.743441,-87.604836
Start,Cottage Grove Ave & 83rd St,member,88,41.743441,-87.604836
Start,Cottage Grove Ave & Oakwood Blvd,casual,508,41.822984950852366,-87.6070996685748
Start,Cottage Grove Ave & Oakwood Blvd,member,504,41.82298422564087,-87.6070997614266
Start,Cumberland Ave & Catherine Ave,casual,109,41.97731983255046,-87.83674031653212
Start,Cumberland Ave & Catherine Ave,member,46,41.97731915680435,-87.8367391373913
Start,Daley Center Plaza,casual,5211,41.884241,-87.629634
Start,Daley Center Plaza,member,14475,41.884241,-87.629634
Start,Damen Ave & 33rd St,casual,8,41.834108,-87.67559
Start,Damen Ave & 33rd St,member,48,41.834108,-87.67559
Start,Damen Ave & 51st St,casual,66,41.80090815668182,-87.67468449381818
Start,Damen Ave & 51st St,member,18,41.800908,-87.674684
Start,Damen Ave & 59th St,casual,34,41.785861065132,-87.67414391040802
Start,Damen Ave & 59th St,member,27,41.78586869268267,-87.67414574709662
Start,Damen Ave & 74th St,casual,25,41.75927537658472,-87.67363725659958
Start,Damen Ave & 74th St,member,11,41.75927403933122,-87.67363429069519
Start,Damen Ave & 77th St,casual,35,41.7539653964,-87.67340939734285
Start,Damen Ave & 77th St,member,11,41.753966,-87.673408
Start,Damen Ave & 81st St,casual,72,41.746534,-87.673055
Start,Damen Ave & 81st St,member,16,41.746534,-87.673055
Start,Damen Ave & 87th St,casual,58,41.736043980293104,-87.67286183001724
Start,Damen Ave & 87th St,member,29,41.736044,-87.672861
Start,Damen Ave & Charleston St,casual,1973,41.920081480252406,-87.67785747032032
Start,Damen Ave & Charleston St,member,3862,41.92008099542413,-87.67785926255696
Start,Damen Ave & Chicago Ave,casual,3342,41.89568640125196,-87.67713492101798
Start,Damen Ave & Chicago Ave,member,8040,41.895689678038664,-87.67713582653025
Start,Damen Ave & Chicago Ave Public Rack,casual,180,41.89580953006111,-87.67851079526112
Start,Damen Ave & Chicago Ave Public Rack,member,518,41.895810615298586,-87.67850746463577
Start,Damen Ave & Clybourn Ave,casual,1270,41.932123577013385,-87.67836181860866
Start,Damen Ave & Clybourn Ave,member,2981,41.9321132077276,-87.67833414480913
Start,Damen Ave & Cortland St,casual,3651,41.91598324501013,-87.67733462628897
Start,Damen Ave & Cortland St,member,6475,41.91598342966873,-87.67733411112462
Start,Damen Ave & Coulter St,casual,170,41.85024519874118,-87.67508893977647
Start,Damen Ave & Coulter St,member,211,41.85030533649289,-87.67505687677725
Start,Damen Ave & Cullerton St,casual,1017,41.85496667690163,-87.67569887274801
Start,Damen Ave & Cullerton St,member,1988,41.854966765185075,-87.67569853878179
Start,Damen Ave & Division St,casual,2888,41.90326568969772,-87.67843652367729
Start,Damen Ave & Division St,member,6315,41.90326538145353,-87.67843706553111
Start,Damen Ave & Evergreen Ave,casual,812,41.90605046866256,-87.67758019346182
Start,Damen Ave & Evergreen Ave,member,1601,41.90605026201187,-87.67757998916679
Start,Damen Ave & Foster Ave,casual,1822,41.97580762115186,-87.67950942755773
Start,Damen Ave & Foster Ave,member,3697,41.97580259377078,-87.67950891236232
Start,Damen Ave & Grand Ave,casual,444,41.89239521050826,-87.67688554095565
Start,Damen Ave & Grand Ave,member,801,41.89239845132394,-87.67688719371942
Start,Damen Ave & Lake St,casual,1713,41.88496500543958,-87.67683625394862
Start,Damen Ave & Lake St,member,2756,41.88496107589248,-87.67684117115928
Start,Damen Ave & Leland Ave,casual,2059,41.96708141579019,-87.67907614271442
Start,Damen Ave & Leland Ave,member,5082,41.96708207729654,-87.67907615085005
Start,Damen Ave & Madison St,casual,1227,41.88137211611328,-87.67492921870905
Start,Damen Ave & Madison St,member,1459,41.88137463041718,-87.6749281932488
Start,Damen Ave & Melrose Ave,casual,1317,41.94059951212908,-87.67850114594381
Start,Damen Ave & Melrose Ave,member,2733,41.940599161762535,-87.67850198637322
Start,Damen Ave & Ohio St,casual,1409,41.89239570403077,-87.67688572364544
Start,Damen Ave & Ohio St,member,2808,41.89239688517435,-87.67688622387278
Start,Damen Ave & Pershing Rd,casual,124,41.82319234609677,-87.67659819976613
Start,Damen Ave & Pershing Rd,member,171,41.823192567467835,-87.67659741338596
Start,Damen Ave & Pierce Ave,casual,4581,41.90935866718751,-87.67775808300459
Start,Damen Ave & Pierce Ave,member,9102,41.90935885602999,-87.6777576461604
Start,Damen Ave & St Paul Ave,casual,1277,41.91301055069147,-87.67777937210023
Start,Damen Ave & St Paul Ave,member,2983,41.913012138528664,-87.67777870035735
Start,Damen Ave & Sunnyside Ave,casual,1090,41.963249977802754,-87.67926075381928
Start,Damen Ave & Sunnyside Ave,member,3080,41.96324983259351,-87.67925968482272
Start,Damen Ave & Thomas St (Augusta Blvd),casual,2321,41.90131538786299,-87.67741036619991
Start,Damen Ave & Thomas St (Augusta Blvd),member,5259,41.9013190207078,-87.67741035174038
Start,Damen Ave & Wabansia Ave,casual,1635,41.91225056903364,-87.67722166101652
Start,Damen Ave & Wabansia Ave,member,3129,41.91225196109492,-87.67722193879898
Start,Damen Ave & Wellington Ave,casual,1667,41.93588010768146,-87.67842062365686
Start,Damen Ave & Wellington Ave,member,3193,41.93588038483683,-87.67842107030474
Start,Damen Ave & Wicker Park Ave,casual,2217,41.9088123623207,-87.67719120857106
Start,Damen Ave & Wicker Park Ave,member,4393,41.90881209748843,-87.67719105050125
Start,Damen Ave/Coulter St,casual,110,41.84919980186364,-87.67563951209091
Start,Damen Ave/Coulter St,member,156,41.849199999999996,-87.67564
Start,Dan Ryan Woods & 83rd St,casual,127,41.742805798826765,-87.68017759583464
Start,Dan Ryan Woods & 83rd St,member,35,41.742805,-87.680177
Start,Dauphin Ave & 103rd St,casual,63,41.7072503677818,-87.60766267776489
Start,Dauphin Ave & 103rd St,member,46,41.7072503677818,-87.60766267776489
Start,Dauphin Ave & 87th St,casual,76,41.73648037481579,-87.60125330239474
Start,Dauphin Ave & 87th St,member,59,41.73648,-87.601252
Start,Dayton St & North Ave,casual,3836,41.910578477771296,-87.64942222112549
Start,Dayton St & North Ave,member,8042,41.91057922121733,-87.64942267225821
Start,Dearborn Pkwy & Delaware Pl,casual,6332,41.8989684066134,-87.62991336307249
Start,Dearborn Pkwy & Delaware Pl,member,14868,41.89897034817102,-87.6299144831781
Start,Dearborn St & Adams St,casual,1188,41.879383538559765,-87.62974921619613
Start,Dearborn St & Adams St,member,3266,41.879395786965425,-87.62973059059581
Start,Dearborn St & Adams St 1,casual,1580,41.879356358699994,-87.6297910363
Start,Dearborn St & Adams St 1,member,3604,41.8793563587,-87.6297910363
Start,Dearborn St & Adams St 2,casual,1227,41.879629747344744,-87.62937024703668
Start,Dearborn St & Adams St 2,member,2705,41.8796289857427,-87.62937012471275
Start,Dearborn St & Adams St Corral,casual,131,41.87939118119848,-87.62987451525954
Start,Dearborn St & Adams St Corral,member,313,41.87939503809904,-87.6298756918083
Start,Dearborn St & Division St,casual,4649,41.90429987215444,-87.62991115564981
Start,Dearborn St & Division St,member,9420,41.90429954901645,-87.62991297291235
Start,Dearborn St & Erie St,casual,6967,41.89392746508712,-87.62954737103215
Start,Dearborn St & Erie St,member,13665,41.89389932090726,-87.62967588779064
Start,Dearborn St & Madison St,casual,1576,41.882058461699245,-87.6296395248293
Start,Dearborn St & Madison St,member,4966,41.88205486170527,-87.62963979039313
Start,Dearborn St & Maple St,casual,3943,41.90191414737027,-87.6302608135976
Start,Dearborn St & Maple St,member,9330,41.90191194712347,-87.63026024591908
Start,Dearborn St & Monroe St,casual,1134,41.88131369245062,-87.62952053109727
Start,Dearborn St & Monroe St,member,2886,41.88130757213687,-87.62952121913813
Start,Dearborn St & Van Buren St,casual,2279,41.87626829749057,-87.62915564891355
Start,Dearborn St & Van Buren St,member,4748,41.876268703370265,-87.62915630885067
Start,Dearborn St & Washington St,casual,1109,41.88298827501984,-87.62930653529305
Start,Dearborn St & Washington St,member,2699,41.88298778763283,-87.62930802847907
Start,Delano Ct & Roosevelt Rd,casual,2668,41.86749076978448,-87.63219024277174
Start,Delano Ct & Roosevelt Rd,member,4284,41.86749073451168,-87.6321902818969
Start,Dempster CTA,casual,129,42.04126728675969,-87.68157611445737
Start,Dempster CTA,member,114,42.041267,-87.681577
Start,Desplaines St & Jackson Blvd,casual,3094,41.878118058814565,-87.64394678750268
Start,Desplaines St & Jackson Blvd,member,9375,41.878119293090876,-87.64394994403115
Start,Desplaines St & Kinzie St,casual,6398,41.8887139688945,-87.6444482728914
Start,Desplaines St & Kinzie St,member,16161,41.88871102042838,-87.64444708777076
Start,Desplaines St & Randolph St,casual,2519,41.88370144816316,-87.64423942950536
Start,Desplaines St & Randolph St,member,5118,41.88369945082981,-87.64424149422176
Start,Dodge Ave & Church St,casual,411,42.048308246104625,-87.69822616556934
Start,Dodge Ave & Church St,member,505,42.048308259310886,-87.69822599286535
Start,Dodge Ave & Main St,casual,241,42.03463357097591,-87.69918750257358
Start,Dodge Ave & Main St,member,405,42.03463324089527,-87.69918724313081
Start,Dodge Ave & Mulford St,casual,206,42.023481107796115,-87.69959701119903
Start,Dodge Ave & Mulford St,member,205,42.023485429658535,-87.69959797000975
Start,Dorchester Ave & 49th St,casual,313,41.80577220342172,-87.59246383946646
Start,Dorchester Ave & 49th St,member,856,41.805772230818924,-87.59246386324418
Start,Dorchester Ave & 53rd St,casual,1238,41.79943036268255,-87.59226939682391
Start,Dorchester Ave & 53rd St,member,2896,41.79943030740159,-87.59226919541643
Start,Dorchester Ave & 63rd St,casual,383,41.78040564630914,-87.59141572196762
Start,Dorchester Ave & 63rd St,member,374,41.780406274135025,-87.59141435380883
Start,Doty Ave & 111th St,casual,48,41.69501080399848,-87.59871463725182
Start,Doty Ave & 111th St,member,8,41.69501044938143,-87.59871482849121
Start,Drake Ave & Addison St,casual,586,41.94732861970648,-87.71758239625767
Start,Drake Ave & Addison St,member,1216,41.94732730736677,-87.71758213927549
Start,Drake Ave & Armitage Ave,casual,419,41.917490713639616,-87.71523943214797
Start,Drake Ave & Armitage Ave,member,647,41.91749413798145,-87.71523827644512
Start,Drake Ave & Montrose Ave,casual,429,41.96115392788298,-87.71657036
Start,Drake Ave & Montrose Ave,member,910,41.96115395289681,-87.71656981446593
Start,Drexel Ave & 60th St,casual,1276,41.78586046596551,-87.60455339436207
Start,Drexel Ave & 60th St,member,3263,41.78586005295525,-87.60455397034876
Start,DuSable Lake Shore Dr & Balbo Dr,casual,1848,41.87318,-87.61685
Start,DuSable Lake Shore Dr & Balbo Dr,member,633,41.87318,-87.61685
Start,DuSable Lake Shore Dr & Belmont Ave,casual,6011,41.94077408973499,-87.63919103653402
Start,DuSable Lake Shore Dr & Belmont Ave,member,8221,41.940772982717185,-87.63918970008656
Start,DuSable Lake Shore Dr & Diversey Pkwy,casual,7489,41.93258753323849,-87.63642719812243
Start,DuSable Lake Shore Dr & Diversey Pkwy,member,11019,41.93258670150332,-87.63642752373845
Start,DuSable Lake Shore Dr & Jackson Blvd,casual,1847,41.87831,-87.61695
Start,DuSable Lake Shore Dr & Jackson Blvd,member,506,41.87831,-87.61694999999999
Start,DuSable Lake Shore Dr & Monroe St,casual,30291,41.880958948365326,-87.61674348893747
Start,DuSable Lake Shore Dr & Monroe St,member,8280,41.88095964283543,-87.6167435793891
Start,DuSable Lake Shore Dr & North Blvd,casual,17985,41.911722132353454,-87.62680401183381
Start,DuSable Lake Shore Dr & North Blvd,member,14857,41.91172239181279,-87.62680406523488
Start,DuSable Lake Shore Dr & Wellington Ave,casual,5576,41.93668953049782,-87.6368280304766
Start,DuSable Lake Shore Dr & Wellington Ave,member,8600,41.936690435207794,-87.6368274140951
Start,DuSable Museum,casual,242,41.791567849752894,-87.6078523674091
Start,DuSable Museum,member,451,41.79156766491725,-87.6078521006949
Start,Dusable Harbor,casual,14235,41.88697772970462,-87.61281426091205
Start,Dusable Harbor,member,5588,41.88697464229366,-87.61281364496361
Start,ETHS Main Campus,casual,14,42.04413799999999,-87.69882299999999
Start,ETHS Main Campus,member,11,42.044138,-87.698823
Start,East End Ave & 87th St,casual,51,41.73681440095939,-87.5828016797821
Start,East End Ave & 87th St,member,28,41.73681521440671,-87.58280128240585
Start,Eastlake Ter & Howard St,casual,479,42.01920199714592,-87.6643032500028
Start,Eastlake Ter & Howard St,member,944,42.019201921520285,-87.66430324328607
Start,Eberhart Ave & 131st St,casual,13,41.658413151101065,-87.61071089698817
Start,Eberhart Ave & 131st St,member,1,41.658413151101065,-87.61071089698817
Start,Eberhart Ave & 61st St,casual,216,41.78407188756525,-87.6144838048922
Start,Eberhart Ave & 61st St,member,182,41.78407107276101,-87.61448353528975
Start,Eberhart Ave & 91st St,casual,36,41.72928596654626,-87.61106658974384
Start,Eberhart Ave & 91st St,member,7,41.729285157254864,-87.6110315322876
Start,Eckhart Park,casual,2107,41.896375042306595,-87.66098516102421
Start,Eckhart Park,member,5336,41.89637507621121,-87.66098468274119
Start,Eddy/Seminary Corral,casual,1715,41.946130300109616,-87.65666637491368
Start,Eddy/Seminary Corral,member,1190,41.94613049216302,-87.65666719529831
Start,Edgebrook Metra,casual,126,41.997509725444445,-87.76539064046031
Start,Edgebrook Metra,member,246,41.99750994334146,-87.76539060117072
Start,Eggleston Ave & 111th St,casual,67,41.69254,-87.63374
Start,Eggleston Ave & 111th St,member,1,41.69254,-87.63374
Start,Eggleston Ave & 115th St,casual,40,41.68507,-87.63361
Start,Eggleston Ave & 115th St,member,1,41.68507,-87.63361
Start,Eggleston Ave & 69th St,casual,66,41.768898,-87.63587600000001
Start,Eggleston Ave & 69th St,member,13,41.768898,-87.635876
Start,Eggleston Ave & 92nd St,casual,10,41.727575659299575,-87.6348280906677
Start,Eggleston Ave & 92nd St,member,3,41.727575659299575,-87.63482809066771
Start,Elizabeth St & 47th St,casual,37,41.80839,-87.656526
Start,Elizabeth St & 47th St,member,54,41.80839,-87.656526
Start,Elizabeth St & 92nd St,casual,27,41.72679896370119,-87.65429019927979
Start,Elizabeth St & 92nd St,member,5,41.72679896370119,-87.65429019927979
Start,Elizabeth St & Fulton St,casual,2114,41.88671930263765,-87.65956992589214
Start,Elizabeth St & Fulton St,member,5563,41.886719060905804,-87.65957015522721
Start,Elizabeth St & Randolph St,casual,3006,41.88433693865768,-87.65890496423353
Start,Elizabeth St & Randolph St,member,6722,41.88433759841565,-87.6589027313798
Start,Ellis Ave & 53rd St,casual,1574,41.799336620839966,-87.60095865207273
Start,Ellis Ave & 53rd St,member,4994,41.79933696290834,-87.60095938634421
Start,Ellis Ave & 55th St,casual,4435,41.79430074926697,-87.60144959098918
Start,Ellis Ave & 55th St,member,13174,41.79430071249078,-87.601449583103
Start,Ellis Ave & 58th St,casual,1557,41.78874529775466,-87.60133299582016
Start,Ellis Ave & 58th St,member,6475,41.788745681086795,-87.60133367640154
Start,Ellis Ave & 60th St,casual,4237,41.78509740331987,-87.60107353074058
Start,Ellis Ave & 60th St,member,11928,41.78509897978102,-87.60107351059582
Start,Ellis Ave & 83rd St,casual,58,41.74412277565518,-87.59903501039656
Start,Ellis Ave & 83rd St,member,23,41.744123,-87.599034
Start,Elmwood Ave & Austin St,casual,361,42.02578506596676,-87.68410771801662
Start,Elmwood Ave & Austin St,member,627,42.02578325317863,-87.68410760749761
Start,Elston Ave & Carmen Ave,casual,95,41.9735400742,-87.74955171629473
Start,Elston Ave & Carmen Ave,member,231,41.97354015083117,-87.74955143748052
Start,Elston Ave & Cortland St,casual,3422,41.91643358927216,-87.66674698113192
Start,Elston Ave & Cortland St,member,7751,41.916434506301016,-87.66674501065803
Start,Elston Ave & George St,casual,735,41.93400319277551,-87.69082230002448
Start,Elston Ave & George St,member,1253,41.93400310629768,-87.69082305931603
Start,Elston Ave & Henderson St,casual,404,41.94152273996535,-87.70093976329457
Start,Elston Ave & Henderson St,member,637,41.9415235168069,-87.70093880631713
Start,Elston Ave & Wabansia Ave,casual,995,41.91291853374774,-87.66416918156081
Start,Elston Ave & Wabansia Ave,member,1762,41.9129192872622,-87.66416876221737
Start,Emerald Ave & 28th St,casual,384,41.84358006802605,-87.6453685791797
Start,Emerald Ave & 28th St,member,1245,41.84357983881606,-87.64536868656144
Start,Emerald Ave & 31st St,casual,991,41.8381980970333,-87.64514303666499
Start,Emerald Ave & 31st St,member,2722,41.83819802119912,-87.64514305224579
Start,Evans Ave & 75th St,casual,31,41.75849,-87.60641
Start,Evans Ave & 75th St,member,69,41.75849,-87.60641
Start,Evanston Civic Center,casual,791,42.05704882299241,-87.68654972603667
Start,Evanston Civic Center,member,792,42.057047397212116,-87.68655100336237
Start,Ewing Ave & 106th St,casual,62,41.70266046608065,-87.53564052687096
Start,Ewing Ave & 106th St,member,36,41.70266,-87.53564
Start,Ewing Ave & 97th St,casual,38,41.71981910026316,-87.53541904792105
Start,Ewing Ave & 97th St,member,16,41.71982,-87.53541999999999
Start,Ewing Ave & 98th St,casual,30,41.71781,-87.53504
Start,Ewing Ave & 98th St,member,30,41.71781,-87.53504
Start,Ewing Ave & Burnham Greenway,casual,27,41.70999,-87.53549999999998
Start,Ewing Ave & Burnham Greenway,member,18,41.70999,-87.5355
Start,Exchange Ave & 79th St,casual,68,41.75211500633265,-87.55200700025293
Start,Exchange Ave & 79th St,member,86,41.75211500633265,-87.55200700025293
Start,Fairbanks Ct & Grand Ave,casual,4915,41.891847082974316,-87.62058146671849
Start,Fairbanks Ct & Grand Ave,member,9256,41.89184645672216,-87.62058330429727
Start,Fairbanks St & Superior St,casual,1683,41.895750556655,-87.62010700968041
Start,Fairbanks St & Superior St,member,4680,41.895751262822436,-87.62010734216517
Start,Fairfield Ave & 44th St,casual,238,41.813617,-87.6932272
Start,Fairfield Ave & 44th St,member,36,41.81361514844445,-87.69322424802778
Start,Fairfield Ave & Pratt Blvd,casual,144,42.00444819999999,-87.6985973
Start,Fairfield Ave & Pratt Blvd,member,326,42.004452777622696,-87.69859673496319
Start,Fairfield Ave & Roosevelt Rd,casual,187,41.86662423074331,-87.69452099946523
Start,Fairfield Ave & Roosevelt Rd,member,254,41.866624091472445,-87.69452116985826
Start,Farragut Ave & Central Ave,casual,88,41.976659649295456,-87.76822883320455
Start,Farragut Ave & Central Ave,member,154,41.97666009925974,-87.76822941351298
Start,Federal St & Polk St,casual,4800,41.87207785277446,-87.62954415433222
Start,Federal St & Polk St,member,12065,41.87207815445409,-87.62954453389074
Start,Field Blvd & South Water St,casual,5530,41.886349290122986,-87.61751611009038
Start,Field Blvd & South Water St,member,8221,41.886349450774595,-87.61751627191325
Start,Field Museum,casual,10249,41.86531199816538,-87.61787146732482
Start,Field Museum,member,2474,41.86531198869564,-87.61787526581003
Start,Financial Pl & Ida B Wells Dr,casual,2926,41.87502355319725,-87.63309451137265
Start,Financial Pl & Ida B Wells Dr,member,6819,41.87502345751853,-87.63309443555062
Start,Fort Dearborn Dr & 31st St,casual,1275,41.83855476399216,-87.60822089267451
Start,Fort Dearborn Dr & 31st St,member,623,41.83855514727768,-87.60822126643339
Start,Fort Dearborn Dr & 31st St*,casual,2241,41.83867511733061,-87.60882790771666
Start,Fort Dearborn Dr & 31st St*,member,1557,41.83867544789941,-87.60882918514635
Start,Foster CTA,casual,120,42.053903,-87.683677
Start,Foster CTA,member,98,42.053903,-87.683677
Start,Francisco Ave & 47th St,casual,98,41.80848977937755,-87.69672936904081
Start,Francisco Ave & 47th St,member,70,41.80849,-87.69673
Start,Francisco Ave & 85th St,casual,55,41.738902,-87.695518
Start,Francisco Ave & 85th St,member,4,41.738902,-87.695518
Start,Francisco Ave & Bloomingdale Ave,casual,797,41.913960627505645,-87.69940048976412
Start,Francisco Ave & Bloomingdale Ave,member,993,41.91396115108661,-87.69940030766935
Start,Francisco Ave & Chicago Ave,casual,976,41.89574460242418,-87.69865278701945
Start,Francisco Ave & Chicago Ave,member,1759,41.89574475676009,-87.69865277083399
Start,Francisco Ave & Foster Ave,casual,581,41.97563310554065,-87.70141959515456
Start,Francisco Ave & Foster Ave,member,1943,41.975632941921965,-87.70141943415848
Start,Francisco Ave & Hollywood Ave,casual,71,41.984465210436625,-87.7015730100986
Start,Francisco Ave & Hollywood Ave,member,128,41.98449160817188,-87.70157520078126
Start,Francisco Ave & Montrose Ave,casual,492,41.96105541488415,-87.70093131538415
Start,Francisco Ave & Montrose Ave,member,1077,41.96105504287651,-87.7009314240715
Start,Franklin St & Adams St ,casual,2154,41.87943189353476,-87.63550362989866
Start,Franklin St & Adams St ,member,6352,41.87942802870145,-87.63550460828428
Start,Franklin St & Adams St Corral,casual,152,41.879406414986846,-87.63557273430263
Start,Franklin St & Adams St Corral,member,758,41.87941117810422,-87.6355758827256
Start,Franklin St & Chicago Ave,casual,3757,41.89679235260713,-87.63564165339473
Start,Franklin St & Chicago Ave,member,9403,41.89679380867195,-87.63564272847813
Start,Franklin St & Illinois St,casual,3136,41.8910242985119,-87.63544893404001
Start,Franklin St & Illinois St,member,7646,41.89102467618855,-87.63545285875745
Start,Franklin St & Jackson Blvd,casual,4717,41.87770804617687,-87.63532058126533
Start,Franklin St & Jackson Blvd,member,10994,41.87771133524214,-87.63533522801428
Start,Franklin St & Lake St,casual,3092,41.88583689617206,-87.63550074088324
Start,Franklin St & Lake St,member,9078,41.88583761937975,-87.63550109925842
Start,Franklin St & Madison St,casual,699,41.88138855761373,-87.63541802983119
Start,Franklin St & Madison St,member,1922,41.8813859471613,-87.63541446042717
Start,Franklin St & Monroe St,casual,2619,41.880317,-87.635185
Start,Franklin St & Monroe St,member,11514,41.880317,-87.635185
Start,Franklin St & Randolph St,casual,543,41.88439,-87.63517
Start,Franklin St & Randolph St,member,1101,41.88439,-87.63517
Start,Franklin St & Washington St,casual,1866,41.883179999999996,-87.63511
Start,Franklin St & Washington St,member,6034,41.88318,-87.63511
Start,Front Ave & 115th St,casual,58,41.685771022706895,-87.61247945275863
Start,Front Ave & 115th St,member,38,41.68577186747368,-87.61248086386843
Start,Fullerton & Monitor,casual,8,41.9237918,-87.7723116
Start,Fullerton & Monitor,member,8,41.923787981124995,-87.772306306125
Start,Fulton Market,casual,3845,41.88687057772484,-87.64808925302626
Start,Fulton Market,member,9480,41.88686968151719,-87.64808965528522
Start,Glenwood Ave & Devon Ave,casual,409,41.99790989512714,-87.6654500398753
Start,Glenwood Ave & Devon Ave,member,485,41.99791000820618,-87.66544993722681
Start,Glenwood Ave & Morse Ave,casual,1058,42.00797149905071,-87.66550030233573
Start,Glenwood Ave & Morse Ave,member,3637,42.007971857342284,-87.66550099289847
Start,Glenwood Ave & Touhy Ave,casual,624,42.01270138112981,-87.666057864117
Start,Glenwood Ave & Touhy Ave,member,1070,42.01270374413364,-87.6660573793757
Start,Grace St & Central Ave,casual,108,41.94953320155555,-87.7672646072315
Start,Grace St & Central Ave,member,81,41.9495327,-87.7672648
Start,Grace St & Cicero Ave,casual,137,41.949730472437956,-87.74694721862043
Start,Grace St & Cicero Ave,member,128,41.94972988977344,-87.74694991013281
Start,Grace/Sheffield Corral,casual,412,41.9511588081068,-87.6546119653301
Start,Grace/Sheffield Corral,member,591,41.95116024689509,-87.65461166101862
Start,Granville Ave & Clark St,casual,634,41.994400103910095,-87.66982903140378
Start,Granville Ave & Clark St,member,1206,41.99440012490879,-87.66982939457712
Start,Granville Ave & Pulaski Rd,casual,25,41.99245156968,-87.72891257616
Start,Granville Ave & Pulaski Rd,member,66,41.992446523151514,-87.72891050701514
Start,Green St & 86th St,casual,11,41.737844535939466,-87.64490358392604
Start,Green St & 86th St,member,11,41.73784847673341,-87.64489978551863
Start,Green St & Chicago Ave,casual,2100,41.893625421150794,-87.65059213310111
Start,Green St & Chicago Ave,member,4130,41.89367573453923,-87.65056074486974
Start,Green St & Lake St ,casual,2806,41.88558038631611,-87.6484095431568
Start,Green St & Lake St ,member,5387,41.88558138649879,-87.64840939495396
Start,Green St & Madison St,casual,4439,41.881859552008464,-87.64926291059922
Start,Green St & Madison St,member,12640,41.88185968793193,-87.64926148914827
Start,Green St & Randolph St,casual,2112,41.88360152398808,-87.6486255388957
Start,Green St & Randolph St,member,3166,41.8836013631883,-87.64862489720996
Start,Green St & Randolph St*,casual,1029,41.883601483017344,-87.6486265191583
Start,Green St & Randolph St*,member,1970,41.883601562162546,-87.6486246334842
Start,Green St & Washington Blvd,casual,2163,41.88318142039397,-87.6487251038741
Start,Green St & Washington Blvd,member,4155,41.8831774081683,-87.64873466767017
Start,Greenview Ave & Diversey Pkwy,casual,674,41.93259552094986,-87.6658091575635
Start,Greenview Ave & Diversey Pkwy,member,1280,41.93259808800532,-87.66572115826067
Start,Greenview Ave & Fullerton Ave,casual,2362,41.925331141640136,-87.665800821931
Start,Greenview Ave & Fullerton Ave,member,4998,41.9253320032549,-87.66580158615848
Start,Greenview Ave & Jarvis Ave,casual,993,42.01596190952568,-87.66857072295569
Start,Greenview Ave & Jarvis Ave,member,2192,42.015962279325734,-87.66857088474224
Start,Greenwood Ave & 47th St,casual,401,41.809834098389025,-87.59938101142394
Start,Greenwood Ave & 47th St,member,1368,41.80983453445541,-87.5993824151579
Start,Greenwood Ave & 79th St,casual,46,41.75129,-87.5976
Start,Greenwood Ave & 79th St,member,21,41.75129,-87.5976
Start,Greenwood Ave & 91st St,casual,26,41.72829785799637,-87.59729746669817
Start,Greenwood Ave & 91st St,member,14,41.728264268162725,-87.59729862213135
Start,Greenwood Ave & 97th St,casual,28,41.71870268188188,-87.59702943478018
Start,Greenwood Ave & 97th St,member,10,41.71870315475741,-87.59703576564789
Start,Griffin Museum of Science and Industry,casual,3358,41.79172885812921,-87.58394533979542
Start,Griffin Museum of Science and Industry,member,2420,41.79173015332422,-87.58394604556653
Start,Hale Ave & 107th St,casual,72,41.69920691002691,-87.66891717744848
Start,Hale Ave & 107th St,member,42,41.69920401566618,-87.66891531434842
Start,Halsted St & 104th St,casual,55,41.705140273243906,-87.64242569315797
Start,Halsted St & 104th St,member,47,41.70513978893236,-87.6424241065979
Start,Halsted St & 111th St,casual,47,41.69226255589166,-87.64261186122894
Start,Halsted St & 111th St,member,8,41.69226255589166,-87.64261186122894
Start,Halsted St & 119th St,casual,49,41.67764,-87.64174000000001
Start,Halsted St & 119th St,member,14,41.677639929142856,-87.64174055092857
Start,Halsted St & 123rd St,casual,27,41.670958002481484,-87.64153960007408
Start,Halsted St & 123rd St,member,1,41.67096,-87.64154
Start,Halsted St & 18th St,casual,1389,41.8575062010708,-87.64599318526658
Start,Halsted St & 18th St,member,2906,41.85750776140482,-87.64599742455188
Start,Halsted St & 21st St,casual,947,41.85378063787075,-87.64660276102863
Start,Halsted St & 21st St,member,1548,41.853780454073856,-87.6466029641385
Start,Halsted St & 35th St,casual,1016,41.830661381137794,-87.64717114385039
Start,Halsted St & 35th St,member,2058,41.83066128254325,-87.64717118000486
Start,Halsted St & 37th St,casual,265,41.827059924,-87.64571911927548
Start,Halsted St & 37th St,member,581,41.82705899999999,-87.64572
Start,Halsted St & 47th Pl,casual,71,41.80813391481,-87.6456165545
Start,Halsted St & 47th Pl,member,152,41.808134302340065,-87.6456164544375
Start,Halsted St & 51st St,casual,159,41.80183164049,-87.645213904
Start,Halsted St & 51st St,member,179,41.80182760768039,-87.64521408239665
Start,Halsted St & 56th St,casual,47,41.79293060479873,-87.64499091189363
Start,Halsted St & 56th St,member,27,41.79292964599,-87.64499005649999
Start,Halsted St & 59th St,casual,76,41.787539,-87.644874
Start,Halsted St & 59th St,member,29,41.787539,-87.64487399999999
Start,Halsted St & 63rd St,casual,121,41.779381142279995,-87.6446208145
Start,Halsted St & 63rd St,member,76,41.77938114228,-87.6446208145
Start,Halsted St & 69th St,casual,101,41.769062276350105,-87.64461408559605
Start,Halsted St & 69th St,member,22,41.76906172032,-87.6446135779
Start,Halsted St & 73rd St,casual,104,41.761607160918096,-87.64415967584993
Start,Halsted St & 73rd St,member,18,41.76160543804394,-87.64416097666071
Start,Halsted St & 78th St,casual,32,41.75248912259981,-87.64389774753515
Start,Halsted St & 78th St,member,41,41.75248701249013,-87.6439021574879
Start,Halsted St & 83rd St,casual,34,41.74307,-87.6437
Start,Halsted St & 83rd St,member,16,41.74307,-87.6437
Start,Halsted St & 93rd St,casual,58,41.72489,-87.64358000000001
Start,Halsted St & 93rd St,member,5,41.72489,-87.64358
Start,Halsted St & 96th St,casual,36,41.719712271768294,-87.64301530519367
Start,Halsted St & 96th St,member,195,41.71971218361882,-87.6430195569992
Start,Halsted St & Archer Ave,casual,1232,41.84720284640584,-87.6467957856461
Start,Halsted St & Archer Ave,member,1537,41.84720258843591,-87.64679625704944
Start,Halsted St & Armitage Ave,casual,3950,41.9182296560881,-87.64878928593242
Start,Halsted St & Armitage Ave,member,6532,41.91822951673975,-87.64879148852066
Start,Halsted St & Belden St,casual,2397,41.92365035105048,-87.64894121812237
Start,Halsted St & Belden St,member,3754,41.92365060624774,-87.6489419574113
Start,Halsted St & Clybourn Ave,casual,5776,41.90966651336548,-87.64812852110751
Start,Halsted St & Clybourn Ave,member,13395,41.909665573294696,-87.64812858815742
Start,Halsted St & Court Pl,casual,911,41.883700070864975,-87.64721905493963
Start,Halsted St & Court Pl,member,1312,41.88370078306478,-87.6472182417942
Start,Halsted St & Dickens Ave,casual,2885,41.91993631219133,-87.6488306038981
Start,Halsted St & Dickens Ave,member,5860,41.919936657985666,-87.64883154490136
Start,Halsted St & Fulton St,casual,1845,41.88673326357127,-87.64736005258428
Start,Halsted St & Fulton St,member,4099,41.88673282446084,-87.64735352204929
Start,Halsted St & Lake St,casual,1682,41.88575901285672,-87.64711121118788
Start,Halsted St & Lake St,member,2836,41.88578497996227,-87.64712653923624
Start,Halsted St & Maxwell St,casual,2782,41.86488267978349,-87.64707113355236
Start,Halsted St & Maxwell St,member,4619,41.86488198600822,-87.64707159245961
Start,Halsted St & Melrose St,casual,988,41.94111863843994,-87.64905899557996
Start,Halsted St & Melrose St,member,3028,41.94111992388551,-87.6490708403363
Start,Halsted St & North Branch St,casual,282,41.89952268060549,-87.64879871615874
Start,Halsted St & North Branch St,member,285,41.89969295024346,-87.64912625389164
Start,Halsted St & Polk St,casual,2105,41.871839708461756,-87.6466395800095
Start,Halsted St & Polk St,member,7715,41.87183968709034,-87.64663983623747
Start,Halsted St & Roosevelt Rd,casual,1508,41.86732473925133,-87.6486252201061
Start,Halsted St & Roosevelt Rd,member,4378,41.867325079930566,-87.64862549444494
Start,Halsted St & Roscoe St,casual,4986,41.94367007741877,-87.64894900970157
Start,Halsted St & Roscoe St,member,9455,41.943670224867375,-87.64894788020698
Start,Halsted St & Willow St,casual,2716,41.91386497918557,-87.64875590674338
Start,Halsted St & Willow St,member,6328,41.913865105457965,-87.64875679014663
Start,Halsted St & Wrightwood Ave,casual,4647,41.9291430819886,-87.64907786144632
Start,Halsted St & Wrightwood Ave,member,9168,41.92914316309337,-87.6490796763528
Start,Hamilton Park,casual,31,41.76252,-87.63733999999998
Start,Hamilton Park,member,4,41.76252,-87.63734
Start,Hamlin Ave & 62nd Pl,casual,63,41.77989662088889,-87.71782861760319
Start,Hamlin Ave & 62nd Pl,member,11,41.7798850909091,-87.71782856363637
Start,Hamlin Ave & Grand Ave,casual,150,41.90403188798,-87.72156110492
Start,Hamlin Ave & Grand Ave,member,113,41.904033230088494,-87.7215619380531
Start,Hampden Ct & Diversey Pkwy,casual,3645,41.93246988596351,-87.64242238617886
Start,Hampden Ct & Diversey Pkwy,member,8023,41.93246787678582,-87.64242294836504
Start,Harbert Park,casual,19,42.033803,-87.708814
Start,Harbert Park,member,14,42.033803,-87.708814
Start,Harding Ave & 26th St,casual,62,41.844218,-87.723347
Start,Harding Ave & 26th St,member,65,41.844226466169225,-87.723347688
Start,Harding Ave & 31st St,casual,8,41.83672,-87.72303
Start,Harding Ave & 31st St,member,13,41.83672,-87.72303000000001
Start,Harding Ave & Chicago Ave,casual,46,41.89530629997826,-87.72474697708697
Start,Harding Ave & Chicago Ave,member,77,41.89530636953247,-87.7247525344026
Start,Harding Ave & Division St,casual,76,41.9023453,-87.7250744
Start,Harding Ave & Division St,member,81,41.9023453,-87.7250744
Start,Harlem Ave & Bloomingdale Ave,casual,63,41.912029303380955,-87.80577066857143
Start,Harlem Ave & Bloomingdale Ave,member,83,41.91203,-87.80577
Start,Harlem Ave & Grace St,casual,38,41.94894,-87.80683
Start,Harlem Ave & Grace St,member,40,41.94894000000001,-87.80683000000002
Start,Harlem Ave & Irving Park Rd,casual,116,41.95326001501724,-87.80714048693105
Start,Harlem Ave & Irving Park Rd,member,130,41.953260537007694,-87.80713951565384
Start,Harlem Ave & Roscoe St,casual,19,41.94159,-87.80720000000001
Start,Harlem Ave & Roscoe St,member,10,41.94159,-87.8072
Start,Harper Ave & 55th St,casual,2076,41.79529966111849,-87.58833645281182
Start,Harper Ave & 55th St,member,4679,41.79529986764094,-87.58833031071724
Start,Harper Ave & 59th St,casual,813,41.7879427029245,-87.58831456734393
Start,Harper Ave & 59th St,member,2100,41.78794192322391,-87.58831394868629
Start,Hastings LWS,casual,10,41.863516399999995,-87.67974849999999
Start,Hastings LWS,member,99,41.86351651369697,-87.67974821858587
Start,Hastings St Depot LWS,casual,10,41.863539674600005,-87.6797679108
Start,Hastings St Depot LWS,member,92,41.8635164,-87.6797485
Start,Hastings St Depot Public Rack,casual,32,41.8635164,-87.6797485
Start,Hastings St Depot Public Rack,member,160,41.8635164,-87.6797485
Start,Hastings Test Station,member,1,41.863869,-87.680242
Start,Hegewisch Metra Station,casual,35,41.64850076266409,-87.54608988761902
Start,Hegewisch Metra Station,member,10,41.64851106609768,-87.54610029455712
Start,Hermitage Ave & Polk St,casual,1030,41.871514059807765,-87.66988622994272
Start,Hermitage Ave & Polk St,member,4182,41.87151432375243,-87.66988682888707
Start,Higgins Ave & Austin Ave,casual,73,41.973419807958905,-87.77864876179453
Start,Higgins Ave & Austin Ave,member,75,41.97342023873333,-87.77864982894667
Start,Homan Ave & 26th St,casual,129,41.844249425286826,-87.70983089097673
Start,Homan Ave & 26th St,member,31,41.84425,-87.70982999999998
Start,Homan Ave & 65th St,casual,21,41.77518366109524,-87.70811189000001
Start,Homan Ave & 65th St,member,3,41.775159333333335,-87.70812266666667
Start,Homan Ave & 77th St,casual,36,41.75369670833334,-87.70752144444445
Start,Homan Ave & 77th St,member,2,41.75374,-87.70751
Start,Homan Ave & Arthington Ave,casual,64,41.86962820375,-87.71055184248438
Start,Homan Ave & Arthington Ave,member,45,41.869626290333336,-87.71055955573333
Start,Homan Ave & Fillmore St,casual,44,41.86811205781818,-87.7108976335909
Start,Homan Ave & Fillmore St,member,101,41.86811445721782,-87.71090243114851
Start,Homewood Ave & 115th St,casual,37,41.68459507202618,-87.67070800065994
Start,Homewood Ave & 115th St,member,7,41.68459507202618,-87.67070800065994
Start,Honore St & Division St,casual,2951,41.90311897250898,-87.67393386680854
Start,Honore St & Division St,member,6592,41.90311883103125,-87.6739327221421
Start,Houston Ave & 92nd St,casual,51,41.72820421535797,-87.54970014095306
Start,Houston Ave & 92nd St,member,59,41.7282047721933,-87.54969457651399
Start,Hoyne Ave & 34th St,casual,124,41.8320245,-87.6778387
Start,Hoyne Ave & 34th St,member,194,41.83202480766667,-87.67783879691581
Start,Hoyne Ave & 47th St,casual,229,41.80822710182533,-87.67718005526639
Start,Hoyne Ave & 47th St,member,299,41.80822681204348,-87.67717994709365
Start,Hoyne Ave & Balmoral Ave,casual,710,41.97985157516337,-87.68193211076198
Start,Hoyne Ave & Balmoral Ave,member,1451,41.979852154800135,-87.68193203289663
Start,Hubbard St Depot,casual,7,41.88977719999999,-87.680351
Start,Hubbard St Depot,member,35,41.88977978808571,-87.68034577237142
Start,Hubbard St Depot Public Rack,casual,15,41.8897759512,-87.68033758626667
Start,Hubbard St Depot Public Rack,member,89,41.88977730392134,-87.68034886022473
Start,Hudson Ave & Armitage Ave,casual,2826,41.918177669280965,-87.64000011405768
Start,Hudson Ave & Armitage Ave,member,4735,41.918175388790075,-87.63999997571018
Start,Humboldt Blvd & Armitage Ave,casual,2174,41.91751341978091,-87.70180909902254
Start,Humboldt Blvd & Armitage Ave,member,2994,41.917513115845544,-87.70180973856364
Start,Hyacinth Ave & Milwaukee Ave,casual,83,41.992820835638554,-87.78377072793977
Start,Hyacinth Ave & Milwaukee Ave,member,207,41.99282,-87.78376999999999
Start,Indiana Ave & 103rd St,casual,34,41.70717027117756,-87.6184719800949
Start,Indiana Ave & 103rd St,member,46,41.70717027117756,-87.6184719800949
Start,Indiana Ave & 133rd St,casual,13,41.653790695999994,-87.61718197792308
Start,Indiana Ave & 133rd St,member,8,41.6537705,-87.617173
Start,Indiana Ave & 133rd St Public Rack,casual,3,41.653564,-87.617054
Start,Indiana Ave & 133rd St Public Rack,member,1,41.653564,-87.617054
Start,Indiana Ave & 26th St,casual,1106,41.845687258886976,-87.62248149731101
Start,Indiana Ave & 26th St,member,1849,41.84568741701947,-87.62248186156896
Start,Indiana Ave & 31st St,casual,663,41.83884125854902,-87.62185700883862
Start,Indiana Ave & 31st St,member,756,41.83884154909259,-87.62185695442592
Start,Indiana Ave & 40th St,casual,242,41.82167983759504,-87.62159667153719
Start,Indiana Ave & 40th St,member,222,41.82168019048649,-87.62159719954956
Start,Indiana Ave & Roosevelt Rd,casual,8278,41.867888818314086,-87.62304112815669
Start,Indiana Ave & Roosevelt Rd,member,11098,41.86788966700811,-87.62304125104289
Start,Inner Lake Shore Dr & Aldine Ave,casual,2744,41.94232,-87.63989000000001
Start,Inner Lake Shore Dr & Aldine Ave,member,2860,41.94232,-87.63989
Start,Jefferson St & Monroe St,casual,2139,41.8803302796891,-87.64274660105455
Start,Jefferson St & Monroe St,member,4876,41.88032988426179,-87.6427461232837
Start,Jeffery Blvd & 67th St,casual,312,41.77351740986699,-87.57714485632052
Start,Jeffery Blvd & 67th St,member,299,41.773517150136286,-87.5771473109214
Start,Jeffery Blvd & 71st St,casual,145,41.76663799089552,-87.57645001620206
Start,Jeffery Blvd & 71st St,member,288,41.76663762907222,-87.57644963430347
Start,Jeffery Blvd & 76th St,casual,56,41.75712051309072,-87.57584019678214
Start,Jeffery Blvd & 76th St,member,41,41.75712006802,-87.5758393587
Start,Karlov Ave & Armitage Ave,casual,207,41.91747968141546,-87.72895271886473
Start,Karlov Ave & Armitage Ave,member,744,41.9174792950914,-87.72895305811694
Start,Karlov Ave & Fillmore St,casual,20,41.86815,-87.7276
Start,Karlov Ave & Fillmore St,member,12,41.86815,-87.7276
Start,Karlov Ave & Lawrence Ave,casual,159,41.96794700607548,-87.7304089313522
Start,Karlov Ave & Lawrence Ave,member,384,41.967946046796875,-87.73040812741145
Start,Karlov Ave & Madison St,casual,34,41.88085,-87.727907
Start,Karlov Ave & Madison St,member,21,41.88085,-87.727907
Start,Kedvale Ave & Peterson Ave,casual,69,41.990075455144925,-87.73171189265217
Start,Kedvale Ave & Peterson Ave,member,91,41.9900753823956,-87.73171135873625
Start,Kedzie Ave & 104th St,casual,34,41.703807913088234,-87.70137139799999
Start,Kedzie Ave & 104th St,member,8,41.7037982,-87.7013776
Start,Kedzie Ave & 110th St,casual,39,41.69239464162235,-87.7009620544174
Start,Kedzie Ave & 110th St,member,10,41.69240400600046,-87.70094166991115
Start,Kedzie Ave & 21st St,casual,231,41.853533897843164,-87.70507297629523
Start,Kedzie Ave & 21st St,member,356,41.853533652516916,-87.70507263916068
Start,Kedzie Ave & 24th St,casual,158,41.84819248562025,-87.70541333828481
Start,Kedzie Ave & 24th St,member,97,41.84819279404124,-87.70541251155669
Start,Kedzie Ave & 38th Pl,casual,67,41.82351033198508,-87.70410447862686
Start,Kedzie Ave & 38th Pl,member,17,41.8235109,-87.7041017
Start,Kedzie Ave & 45th St,casual,59,41.81139021694916,-87.70400282033897
Start,Kedzie Ave & 45th St,member,43,41.81139107434884,-87.70400217972092
Start,Kedzie Ave & 48th Pl,casual,446,41.804758080804106,-87.70421839616313
Start,Kedzie Ave & 48th Pl,member,293,41.804757439415575,-87.7042161616927
Start,Kedzie Ave & 52nd St,casual,88,41.79906,-87.70342
Start,Kedzie Ave & 52nd St,member,20,41.79906,-87.70342
Start,Kedzie Ave & 54th Pl,casual,126,41.79432759165873,-87.70346691075397
Start,Kedzie Ave & 54th Pl,member,58,41.794325586206895,-87.7034664137931
Start,Kedzie Ave & 57th St,casual,213,41.789830123399064,-87.70310043118779
Start,Kedzie Ave & 57th St,member,154,41.78983010198052,-87.70309953764935
Start,Kedzie Ave & 60th St,casual,104,41.784578336124994,-87.7031910426923
Start,Kedzie Ave & 60th St,member,179,41.78457998264246,-87.70319013235755
Start,Kedzie Ave & 66th Pl,casual,44,41.772584,-87.703007
Start,Kedzie Ave & 66th Pl,member,13,41.772584,-87.703007
Start,Kedzie Ave & 73rd St,casual,20,41.76070316365001,-87.70229323035001
Start,Kedzie Ave & 73rd St,member,13,41.760703,-87.702292
Start,Kedzie Ave & 83rd St,casual,62,41.74252299999999,-87.702279
Start,Kedzie Ave & 83rd St,member,9,41.742523,-87.702279
Start,Kedzie Ave & Archer Ave,casual,80,41.8144701124125,-87.7041101836125
Start,Kedzie Ave & Archer Ave,member,63,41.81446999999999,-87.70411
Start,Kedzie Ave & Armitage Ave,casual,1300,41.9175894963223,-87.70685117180847
Start,Kedzie Ave & Armitage Ave,member,2398,41.91758928853461,-87.7068519843589
Start,Kedzie Ave & Bryn Mawr Ave,casual,206,41.9822301808368,-87.708887190786
Start,Kedzie Ave & Bryn Mawr Ave,member,653,41.98223009325536,-87.70888669248066
Start,Kedzie Ave & Chicago Ave,casual,217,41.89546596258318,-87.70612924274977
Start,Kedzie Ave & Chicago Ave,member,532,41.895465182932526,-87.70612869191618
Start,Kedzie Ave & Foster Ave,casual,365,41.975672126104115,-87.70926099869315
Start,Kedzie Ave & Foster Ave,member,685,41.97567240788029,-87.70926119804817
Start,Kedzie Ave & George St,casual,769,41.933886480405725,-87.70726096957607
Start,Kedzie Ave & George St,member,1284,41.933886732753116,-87.7072605378715
Start,Kedzie Ave & Harrison St,casual,78,41.87360052183975,-87.70487228645513
Start,Kedzie Ave & Harrison St,member,76,41.87359967462,-87.7048707493
Start,Kedzie Ave & Jackson Blvd,casual,79,41.877168212063296,-87.70613865272152
Start,Kedzie Ave & Jackson Blvd,member,109,41.87716967479816,-87.70614093459633
Start,Kedzie Ave & Lake St,casual,302,41.884607196354175,-87.70630483763776
Start,Kedzie Ave & Lake St,member,325,41.88461037480043,-87.70630597681969
Start,Kedzie Ave & Leland Ave,casual,736,41.96668648399579,-87.70805320700653
Start,Kedzie Ave & Leland Ave,member,1322,41.96668677412201,-87.7080530938537
Start,Kedzie Ave & Milwaukee Ave,casual,4201,41.92957331146203,-87.70799559655059
Start,Kedzie Ave & Milwaukee Ave,member,6429,41.92955776858656,-87.70799572949448
Start,Kedzie Ave & Palmer Ct,casual,1243,41.92152494708206,-87.70732250773854
Start,Kedzie Ave & Palmer Ct,member,2810,41.92152514018007,-87.70732275480331
Start,Kedzie Ave & Redfield Dr,casual,42,41.76523,-87.70316
Start,Kedzie Ave & Redfield Dr,member,28,41.76523000000001,-87.70316
Start,Kedzie Ave & Roosevelt Rd,casual,78,41.866494055483585,-87.70649528172052
Start,Kedzie Ave & Roosevelt Rd,member,76,41.86649448384947,-87.70649612486973
Start,Keeler Ave & Carmen Ave,casual,183,41.974322253387975,-87.73310036897814
Start,Keeler Ave & Carmen Ave,member,196,41.974322632816325,-87.7330999832602
Start,Keeler Ave & Roosevelt Rd,casual,139,41.86640141218705,-87.73001532666906
Start,Keeler Ave & Roosevelt Rd,member,11,41.866400545454546,-87.73001193636364
Start,Kenmore Ave & Catalpa Ave,casual,281,41.98203002504508,-87.6565301933203
Start,Kenmore Ave & Catalpa Ave,member,621,41.982030194595815,-87.65653011040581
Start,Kenmore Ave & School St,casual,77,41.94166107935065,-87.6556024086104
Start,Kenmore Ave & School St,member,148,41.94166375018243,-87.65560372927703
Start,Kenneth Ave & 50th St,casual,65,41.80231220495384,-87.7344058733077
Start,Kenneth Ave & 50th St,member,35,41.80231448,-87.73441136
Start,Kenneth Ave & Lawrence Ave,casual,141,41.96784118779433,-87.73998227843973
Start,Kenneth Ave & Lawrence Ave,member,445,41.967879689026965,-87.73998201522022
Start,Kenosha Ave & Wellington Ave,casual,138,41.93445670681884,-87.733795515
Start,Kenosha Ave & Wellington Ave,member,257,41.9344537682607,-87.73379382619456
Start,Kenton Ave & Madison St,casual,34,41.88042087388235,-87.74108354523528
Start,Kenton Ave & Madison St,member,22,41.88042,-87.74108
Start,Kenwood Ave & 57th St,casual,722,41.79156133430055,-87.59287670384904
Start,Kenwood Ave & 57th St,member,2123,41.79156880789072,-87.59285498012106
Start,Keystone Ave & Fullerton Ave,casual,420,41.92458928141905,-87.72785137535239
Start,Keystone Ave & Fullerton Ave,member,914,41.924588235373086,-87.72785218450437
Start,Keystone Ave & Montrose Ave,casual,269,41.96110733236126,-87.72897031157694
Start,Keystone Ave & Montrose Ave,member,799,41.961107697371624,-87.72897047085758
Start,Kilbourn Ave & 49th St,casual,41,41.80385,-87.73566
Start,Kilbourn Ave & 49th St,member,7,41.80385,-87.73565999999998
Start,Kilbourn Ave & Belden Ave,casual,142,41.92236789778169,-87.73902385453522
Start,Kilbourn Ave & Belden Ave,member,343,41.92236866255977,-87.73902375535569
Start,Kilbourn Ave & Diversey Ave,casual,145,41.93179362744138,-87.73933926500689
Start,Kilbourn Ave & Diversey Ave,member,179,41.93179096334078,-87.7393387936648
Start,Kilbourn Ave & Irving Park Rd,casual,177,41.95373327240113,-87.74056871640677
Start,Kilbourn Ave & Irving Park Rd,member,464,41.95373269889224,-87.74056904074136
Start,Kilbourn Ave & Milwaukee Ave,casual,389,41.94886759197438,-87.74003566387854
Start,Kilbourn Ave & Milwaukee Ave,member,401,41.948889379883525,-87.7400352465208
Start,Kilbourn Ave & Roscoe St,casual,212,41.94272234600943,-87.73955682765096
Start,Kilbourn Ave & Roscoe St,member,279,41.94272343577778,-87.73955711087814
Start,Kildare & Cermak,casual,18,41.851414000000005,-87.73214999999999
Start,Kildare & Cermak,member,14,41.85141399999999,-87.73215000000002
Start,Kildare Ave & 26th St,casual,38,41.84440611465898,-87.73261083643838
Start,Kildare Ave & 26th St,member,33,41.84441287348035,-87.73261052091651
Start,Kildare Ave & 47th St,casual,81,41.807619276518516,-87.7308399598642
Start,Kildare Ave & 47th St,member,9,41.80762,-87.73084
Start,Kildare Ave & 55th St,casual,47,41.7933202067234,-87.73059027617022
Start,Kildare Ave & 55th St,member,20,41.79332000000001,-87.73059
Start,Kildare Ave & 85th St,casual,3,41.734929,-87.73118700000002
Start,Kildare Ave & 85th St (Kostner Ave & 87th St TEMPORARY),casual,12,41.734929,-87.73118700000002
Start,Kildare Ave & 85th St (Kostner Ave & 87th St TEMPORARY),member,1,41.734929,-87.731187
Start,Kildare Ave & Archer Ave,casual,68,41.800430500000004,-87.7304015
Start,Kildare Ave & Archer Ave,member,49,41.80041018367347,-87.73048871428571
Start,Kildare Ave & Chicago Ave,casual,48,41.89543501683333,-87.73348231833334
Start,Kildare Ave & Chicago Ave,member,81,41.89543611604938,-87.73348526120988
Start,Kildare Ave & Division St,casual,69,41.902393712333335,-87.73359777494203
Start,Kildare Ave & Division St,member,232,41.902393562875,-87.73359834107758
Start,Kildare Ave & Montrose Ave,casual,237,41.96107997591561,-87.73569000297047
Start,Kildare Ave & Montrose Ave,member,373,41.961079274388744,-87.73569074971581
Start,Kildare Ave & North Ave,casual,140,41.90953968701429,-87.73385493827142
Start,Kildare Ave & North Ave,member,208,41.90954081617788,-87.73385371055289
Start,Kilpatrick Ave & Grand Ave,casual,57,41.91273085191228,-87.74363508
Start,Kilpatrick Ave & Grand Ave,member,228,41.912731274350875,-87.74363577585527
Start,Kilpatrick Ave & Parker Ave,casual,93,41.93073950013979,-87.744075397043
Start,Kilpatrick Ave & Parker Ave,member,175,41.93073872573142,-87.74407523480953
Start,Kimball Ave & Belmont Ave,casual,1473,41.93939403976415,-87.71206903404905
Start,Kimball Ave & Belmont Ave,member,2703,41.93939390006813,-87.71207037511913
Start,Kimball Ave & Wrightwood Ave,casual,619,41.92837007989015,-87.71244228023102
Start,Kimball Ave & Wrightwood Ave,member,932,41.928370055500004,-87.71244050010944
Start,Kimbark Ave & 53rd St,casual,3306,41.799456671754385,-87.5947769260481
Start,Kimbark Ave & 53rd St,member,8331,41.79945707879467,-87.59477688575885
Start,Kingsbury St & Erie St,casual,4723,41.893907746442515,-87.6417363844853
Start,Kingsbury St & Erie St,member,15959,41.893907548957245,-87.64173756227179
Start,Kingsbury St & Kinzie St,casual,2723,41.889166847876936,-87.6384913203831
Start,Kingsbury St & Kinzie St,member,9770,41.889161718663104,-87.6384847261457
Start,Kingsbury St & Kinzie St 1,casual,4366,41.88907033393105,-87.63835013387975
Start,Kingsbury St & Kinzie St 1,member,12614,41.889070846323655,-87.63835285521198
Start,Kingsbury St & Kinzie St 2,casual,4427,41.88918691598871,-87.63838980272283
Start,Kingsbury St & Kinzie St 2,member,15867,41.889187295765836,-87.63839099966506
Start,Knox Ave & Marquette Ave,casual,58,41.77113933131035,-87.73773611062069
Start,Knox Ave & Marquette Ave,member,9,41.77114,-87.73774
Start,Knox Ave & Montrose Ave,casual,420,41.96063156544761,-87.74536006034761
Start,Knox Ave & Montrose Ave,member,509,41.960632152571705,-87.7453607073163
Start,Komensky Ave & 31st St,casual,46,41.836705779413045,-87.72563895434783
Start,Komensky Ave & 31st St,member,80,41.836703712825,-87.725639801275
Start,Komensky Ave & 47th St,casual,50,41.80769,-87.72471999999999
Start,Komensky Ave & 47th St,member,107,41.80769,-87.72472
Start,Komensky Ave & 55th St,casual,28,41.7932832125,-87.72419425525
Start,Komensky Ave & 55th St,member,4,41.793279,-87.724189
Start,Kosciuszko Park,casual,992,41.93058456862046,-87.7237785116245
Start,Kosciuszko Park,member,1328,41.93058505093408,-87.72377774550792
Start,Kostner & 87th,casual,1,41.734929,-87.731187
Start,Kostner Ave & 63rd St,casual,117,41.77875102454701,-87.73246088088034
Start,Kostner Ave & 63rd St,member,34,41.77874961964706,-87.73246020399999
Start,Kostner Ave & Adams St,casual,15,41.877917,-87.735737
Start,Kostner Ave & Adams St,member,4,41.877917,-87.735737
Start,Kostner Ave & Belmont Ave,casual,184,41.939191022875,-87.73710884995651
Start,Kostner Ave & Belmont Ave,member,274,41.93918763801094,-87.73710685565693
Start,Kostner Ave & Bryn Mawr Ave,casual,141,41.98276785368794,-87.73808824880851
Start,Kostner Ave & Bryn Mawr Ave,member,184,41.98277202467392,-87.73807908740761
Start,Kostner Ave & Devon Ave,casual,105,41.997032000000004,-87.73837
Start,Kostner Ave & Devon Ave,member,160,41.997032383249994,-87.73837253358126
Start,Kostner Ave & Lake St,casual,79,41.885928,-87.73541
Start,Kostner Ave & Lake St,member,33,41.88592547596969,-87.73541025572727
Start,Kostner Ave & Wrightwood Ave,casual,168,41.92795695170833,-87.73595301090477
Start,Kostner Ave & Wrightwood Ave,member,417,41.927957257587536,-87.73595315229497
Start,La Villita Park,casual,73,41.83925049273973,-87.70201997454795
Start,La Villita Park,member,21,41.83925149147619,-87.70202083114286
Start,LaSalle Dr & Huron St,casual,3950,41.89487560879291,-87.63232590107165
Start,LaSalle Dr & Huron St,member,7639,41.894873097541435,-87.63232658238915
Start,LaSalle St & Adams St,casual,1598,41.87934852791175,-87.6319821945988
Start,LaSalle St & Adams St,member,2869,41.87935642744785,-87.63197529461512
Start,LaSalle St & Adams St Corral,casual,101,41.87938165073267,-87.63208107243565
Start,LaSalle St & Adams St Corral,member,323,41.8793839304613,-87.63207354258824
Start,LaSalle St & Calhoun Pl ,casual,1061,41.88266318317813,-87.63252742203488
Start,LaSalle St & Calhoun Pl ,member,3714,41.8826634168581,-87.632529353811
Start,LaSalle St & Calhoun Pl Corral,casual,202,41.88287818194554,-87.6325023963713
Start,LaSalle St & Calhoun Pl Corral,member,731,41.88287989822709,-87.63250534989056
Start,LaSalle St & Illinois St,casual,7821,41.89076337933461,-87.63170004634101
Start,LaSalle St & Illinois St,member,13533,41.89076477185328,-87.63170384779438
Start,LaSalle St & Jackson Blvd,casual,2612,41.87816380920367,-87.63192761096248
Start,LaSalle St & Jackson Blvd,member,10449,41.878164449032155,-87.63192702478725
Start,LaSalle St & Jackson Blvd Corral,casual,115,41.87815783660869,-87.63203408576523
Start,LaSalle St & Jackson Blvd Corral,member,651,41.878158027826416,-87.63203728403994
Start,LaSalle St & Washington St,casual,840,41.88323418234047,-87.63211161933809
Start,LaSalle St & Washington St,member,2606,41.88323445568036,-87.63211073864466
Start,Laflin St & 115th St,casual,45,41.6849899534,-87.65990945082221
Start,Laflin St & 115th St,member,17,41.68499,-87.65991
Start,Laflin St & Cullerton St,casual,1043,41.85491305239005,-87.66356340270815
Start,Laflin St & Cullerton St,member,1709,41.85491303750255,-87.66356287119743
Start,Laflin St & Taylor St,casual,53,41.86912,-87.66416
Start,Laflin St & Taylor St,member,196,41.86912000000001,-87.66415999999998
Start,Lake Park Ave & 35th St,casual,1175,41.831274216484545,-87.60879906573838
Start,Lake Park Ave & 35th St,member,1060,41.831274162804704,-87.6087994304147
Start,Lake Park Ave & 47th St,casual,791,41.80944272387359,-87.59187465791277
Start,Lake Park Ave & 47th St,member,1055,41.809442645829385,-87.59187476499906
Start,Lake Park Ave & 53rd St,casual,1530,41.79949472295872,-87.58644932912236
Start,Lake Park Ave & 53rd St,member,4131,41.79949438737025,-87.58644966917727
Start,Lake Park Ave & 56th St,casual,1370,41.791609864670804,-87.58747912394452
Start,Lake Park Ave & 56th St,member,3549,41.79160994874387,-87.5874785629087
Start,Lake Park Ave & 56th St (temp location),casual,29,41.79325,-87.58777
Start,Lake Park Ave & 56th St (temp location),member,55,41.793250350490915,-87.58777354349091
Start,Lake/Aberdeen Corral,casual,82,41.885700225621946,-87.65453512891465
Start,Lake/Aberdeen Corral,member,170,41.885696217511764,-87.65453802609805
Start,Lake/Carpenter Corral,casual,32,41.8857132779375,-87.65338667184375
Start,Lake/Carpenter Corral,member,99,41.885723620131316,-87.6533784159394
Start,Lake/Green Corral,casual,401,41.88547106662096,-87.6485597961596
Start,Lake/Green Corral,member,689,41.88547076642816,-87.64856430472133
Start,Lake/Morgan Corral,casual,84,41.8854978,-87.6523157
Start,Lake/Morgan Corral,member,124,41.8854983924113,-87.65231779856452
Start,Lake/Sangamon Corral,casual,50,41.8854693,-87.6508941
Start,Lake/Sangamon Corral,member,113,41.88547032392035,-87.65089345245133
Start,Lakefront Trail & Bryn Mawr Ave,casual,5043,41.98404404824387,-87.65228173274318
Start,Lakefront Trail & Bryn Mawr Ave,member,6320,41.984043967836165,-87.6522819280251
Start,Lakefront Trail & Wilson Ave,casual,3806,41.96656691924067,-87.64380252534971
Start,Lakefront Trail & Wilson Ave,member,3074,41.96657117024203,-87.64379215482076
Start,Lakeview Ave & Fullerton Pkwy,casual,4988,41.92586359608527,-87.63897306179638
Start,Lakeview Ave & Fullerton Pkwy,member,8808,41.925868191682106,-87.63897311401168
Start,Lakewood Ave & Addison St,casual,1181,41.947199561679085,-87.66085091429551
Start,Lakewood Ave & Addison St,member,1168,41.947199465910955,-87.66085041707876
Start,Lamon Ave & 47th St,casual,28,41.80781,-87.74569
Start,Lamon Ave & 47th St,member,4,41.80781,-87.74569
Start,Lamon Ave & Armitage Ave,casual,48,41.91675715320833,-87.74945960591667
Start,Lamon Ave & Armitage Ave,member,79,41.916757860556956,-87.74945985736709
Start,Lamon Ave & Belmont Ave,casual,119,41.93898571657143,-87.74927664636974
Start,Lamon Ave & Belmont Ave,member,343,41.9389815080379,-87.74927386667929
Start,Lamon Ave & Chicago Ave,casual,42,41.895019746857145,-87.74850184038095
Start,Lamon Ave & Chicago Ave,member,67,41.89502037380597,-87.74850108261195
Start,Laramie Ave & Addison St,casual,205,41.945685839692686,-87.75693763912683
Start,Laramie Ave & Addison St,member,60,41.945687037,-87.75693840556667
Start,Laramie Ave & Augusta Blvd,casual,25,41.89865,-87.75547
Start,Laramie Ave & Augusta Blvd,member,8,41.89865,-87.75547
Start,Laramie Ave & Bloomingdale Ave,casual,99,41.91431803349494,-87.75572120934343
Start,Laramie Ave & Bloomingdale Ave,member,106,41.9143175695566,-87.75572048845284
Start,Laramie Ave & Gladys Ave,casual,30,41.875804980999995,-87.75528957133334
Start,Laramie Ave & Gladys Ave,member,12,41.87580472625,-87.755293456
Start,Laramie Ave & Irving Park Rd,casual,184,41.95333462970109,-87.75838433233152
Start,Laramie Ave & Irving Park Rd,member,108,41.95333426534259,-87.75838465999999
Start,Laramie Ave & Kinzie St,casual,105,41.88783146472381,-87.75553207111429
Start,Laramie Ave & Kinzie St,member,76,41.887832116671056,-87.7555281829342
Start,Laramie Ave & Madison St,casual,51,41.880206453117644,-87.75533903590195
Start,Laramie Ave & Madison St,member,77,41.88020754266233,-87.75533878503896
Start,Larrabee St & Armitage Ave,casual,2298,41.918084334771976,-87.64374889477938
Start,Larrabee St & Armitage Ave,member,4714,41.91808485385256,-87.64374894223921
Start,Larrabee St & Chicago Ave,casual,52,41.89677002980769,-87.63860043082693
Start,Larrabee St & Chicago Ave,member,131,41.89676956415267,-87.63860242425955
Start,Larrabee St & Clybourn Ave,casual,1089,41.906601409454545,-87.64322068020019
Start,Larrabee St & Clybourn Ave,member,2575,41.90660166736194,-87.64322061274447
Start,Larrabee St & Division St,casual,3526,41.90348658752859,-87.64335344674957
Start,Larrabee St & Division St,member,7571,41.90348763202082,-87.64335366978247
Start,Larrabee St & Kingsbury St,casual,1178,41.897760950891346,-87.64288905260526
Start,Larrabee St & Kingsbury St,member,4127,41.89776136353744,-87.64288746127404
Start,Larrabee St & Kingsbury St 1,casual,2501,41.89776345510796,-87.64288545295521
Start,Larrabee St & Kingsbury St 1,member,10842,41.897762146654465,-87.6428865752708
Start,Larrabee St & Kingsbury St 2,casual,1656,41.89757917189252,-87.64290009286715
Start,Larrabee St & Kingsbury St 2,member,8363,41.897577401465064,-87.64290062347582
Start,Larrabee St & Menomonee St,casual,1378,41.91468060787445,-87.64332041798694
Start,Larrabee St & Menomonee St,member,4287,41.91468121326569,-87.64332114606601
Start,Larrabee St & North Ave,casual,1908,41.910209312952304,-87.64349971624057
Start,Larrabee St & North Ave,member,4495,41.91020666326111,-87.64349923291643
Start,Larrabee St & Oak St,casual,1610,41.900377223031136,-87.64202884631901
Start,Larrabee St & Oak St,member,5202,41.90037589491146,-87.64204070223744
Start,Larrabee St & Webster Ave,casual,5781,41.92182215071735,-87.64413906773949
Start,Larrabee St & Webster Ave,member,10067,41.921822437562795,-87.64413694796833
Start,Latrobe Ave & Chicago Ave,casual,19,41.894968684210525,-87.75561342105263
Start,Latrobe Ave & Chicago Ave,member,43,41.89501039330233,-87.75536639806977
Start,Lavergne Ave & 44th St,casual,12,41.81310659208334,-87.74868650391666
Start,Lavergne Ave & 44th St,member,4,41.81311,-87.74869
Start,Lavergne Ave & 46th St,casual,48,41.80934,-87.747830475
Start,Lavergne Ave & 46th St,member,3,41.80934,-87.74782999999998
Start,Lavergne Ave & Archer Ave,casual,41,41.798159721682936,-87.74771964834147
Start,Lavergne Ave & Archer Ave,member,7,41.79816,-87.74772
Start,Lavergne Ave & Diversey Ave,casual,105,41.931280858628575,-87.75141136935238
Start,Lavergne Ave & Diversey Ave,member,109,41.931279999999994,-87.75141
Start,Lavergne Ave & Division St,casual,52,41.90210957157693,-87.75087157155768
Start,Lavergne Ave & Division St,member,29,41.90210827603449,-87.75087122882758
Start,Lavergne Ave & Fullerton Ave,casual,115,41.924034,-87.75119100000002
Start,Lavergne Ave & Fullerton Ave,member,146,41.924032404547944,-87.75119106328083
Start,Lavergne Ave & Lawrence Ave,casual,72,41.96774885858334,-87.75259015647222
Start,Lavergne Ave & Lawrence Ave,member,201,41.967748984776115,-87.75258969457214
Start,Lawler Ave & 50th St,casual,101,41.80217,-87.74893999999999
Start,Lawler Ave & 50th St,member,2,41.80217,-87.74894
Start,Lawler Ave & North Ave,casual,100,41.9091754,-87.75225450000002
Start,Lawler Ave & North Ave,member,47,41.909176528595744,-87.75225568925532
Start,Lawndale Ave & 111th St,casual,73,41.69131919221066,-87.71288573741913
Start,Lawndale Ave & 111th St,member,15,41.69131919221067,-87.71288573741913
Start,Lawndale Ave & 16th St,casual,49,41.85915928153061,-87.71769484575512
Start,Lawndale Ave & 16th St,member,19,41.85915266194737,-87.71769559726316
Start,Lawndale Ave & 30th St,casual,97,41.83891267340206,-87.71689408096908
Start,Lawndale Ave & 30th St,member,47,41.8389124,-87.7168955
Start,Lawndale Ave & 59th St,casual,34,41.78638,-87.71570000000001
Start,Lawndale Ave & 59th St,member,65,41.78637996412308,-87.71569943009231
Start,Le Mai Ave & Devon Ave,casual,60,41.99722014171666,-87.75686914023335
Start,Le Mai Ave & Devon Ave,member,46,41.99722,-87.75687
Start,Leamington Ave & Hirsch St,casual,55,41.90584059999999,-87.7548602014909
Start,Leamington Ave & Hirsch St,member,8,41.9058405,-87.7548602
Start,Leavitt St & Addison St,casual,1340,41.94665437235672,-87.68335887562537
Start,Leavitt St & Addison St,member,1761,41.946654459346966,-87.68335878846052
Start,Leavitt St & Archer Ave,casual,493,41.82879092851323,-87.68060589761704
Start,Leavitt St & Archer Ave,member,596,41.828791822376445,-87.68060484662517
Start,Leavitt St & Argyle,casual,115,41.97246,-87.68412999999998
Start,Leavitt St & Argyle,member,167,41.97246,-87.68413
Start,Leavitt St & Armitage Ave,casual,1593,41.91780482269303,-87.68243883363213
Start,Leavitt St & Armitage Ave,member,3843,41.91780475940594,-87.68243996592531
Start,Leavitt St & Augusta Blvd,casual,981,41.899621060954125,-87.68193995384709
Start,Leavitt St & Augusta Blvd,member,2481,41.89962175313905,-87.68193992965094
Start,Leavitt St & Belmont Ave,casual,1582,41.93935359794564,-87.68328149527939
Start,Leavitt St & Belmont Ave,member,2895,41.93935342804214,-87.6832814713665
Start,Leavitt St & Chicago Ave,casual,1395,41.89550001148602,-87.68201574335055
Start,Leavitt St & Chicago Ave,member,3963,41.8954994018698,-87.68201475798763
Start,Leavitt St & Division St,casual,1396,41.90299761587823,-87.68382334020774
Start,Leavitt St & Division St,member,2645,41.902997626845995,-87.68382136656585
Start,Leavitt St & Hirsch St,casual,883,41.9068957563556,-87.6823298865821
Start,Leavitt St & Hirsch St,member,1445,41.9068981601421,-87.68232995082121
Start,Leavitt St & Lawrence Ave,casual,965,41.968886211159585,-87.68400308585595
Start,Leavitt St & Lawrence Ave,member,2195,41.968887261327104,-87.68400455941776
Start,Leavitt St & North Ave,casual,2030,41.91017434473103,-87.68232941074729
Start,Leavitt St & North Ave,member,4966,41.91017395723178,-87.68233085888784
Start,Leavitt St/North Ave,casual,26,41.91007455069231,-87.68230775342307
Start,Leavitt St/North Ave,member,48,41.91007569960417,-87.68230788572917
Start,Leclaire Ave & Belmont Ave,casual,72,41.93904056977778,-87.75419736427779
Start,Leclaire Ave & Belmont Ave,member,105,41.939041,-87.75419700000002
Start,Lexington St & California Ave,casual,139,41.871992994553956,-87.69581123048921
Start,Lexington St & California Ave,member,183,41.87199323696175,-87.69581098625136
Start,Lincoln Ave & Addison St,casual,1250,41.9461759475952,-87.673307940204
Start,Lincoln Ave & Addison St,member,2588,41.94617615653439,-87.67330794382072
Start,Lincoln Ave & Balmoral Ave,casual,364,41.97946138381319,-87.6930137151978
Start,Lincoln Ave & Balmoral Ave,member,850,41.979461038364704,-87.69301302892823
Start,Lincoln Ave & Belle Plaine Ave,casual,1550,41.956003650122696,-87.68016276980755
Start,Lincoln Ave & Belle Plaine Ave,member,3261,41.95600356680943,-87.68016226379005
Start,Lincoln Ave & Byron St,casual,1550,41.952372174434196,-87.6772947126529
Start,Lincoln Ave & Byron St,member,3243,41.952372038010786,-87.67729536511688
Start,Lincoln Ave & Dickens Ave,casual,2585,41.92012034103121,-87.64160235640425
Start,Lincoln Ave & Dickens Ave,member,4579,41.92012110676887,-87.64160743489866
Start,Lincoln Ave & Diversey Pkwy,casual,3291,41.93222430374962,-87.65861876048588
Start,Lincoln Ave & Diversey Pkwy,member,7003,41.93222363461422,-87.65861985852455
Start,Lincoln Ave & Fullerton Ave,casual,4917,41.92416122547324,-87.64637993680103
Start,Lincoln Ave & Fullerton Ave,member,11592,41.92416204318753,-87.6463789261462
Start,Lincoln Ave & Hutchinson St,casual,25,41.95864,-87.68198000000001
Start,Lincoln Ave & Hutchinson St,member,60,41.958639999999995,-87.68198
Start,Lincoln Ave & Melrose St,casual,2566,41.940599535490264,-87.66943717886048
Start,Lincoln Ave & Melrose St,member,7542,41.94059969237024,-87.66943653590953
Start,Lincoln Ave & Montana St,casual,2164,41.926570573706094,-87.65060009485212
Start,Lincoln Ave & Montana St,member,3743,41.926571981694366,-87.650601111327
Start,Lincoln Ave & Peterson Ave,casual,228,41.990267,-87.70857
Start,Lincoln Ave & Peterson Ave,member,452,41.99026657411726,-87.70856973264601
Start,Lincoln Ave & Roscoe St,casual,1586,41.94335023101801,-87.67066787591055
Start,Lincoln Ave & Roscoe St,member,4313,41.94335007914276,-87.67066842553899
Start,Lincoln Ave & Roscoe St*,casual,621,41.94334999738271,-87.67066960039236
Start,Lincoln Ave & Roscoe St*,member,2417,41.943350144436344,-87.67066935537078
Start,Lincoln Ave & Sunnyside Ave,casual,1934,41.96300408015977,-87.6847812966453
Start,Lincoln Ave & Sunnyside Ave,member,4348,41.96300408842686,-87.68478175354048
Start,Lincoln Ave & Waveland Ave,casual,1096,41.94879691225912,-87.67527783446259
Start,Lincoln Ave & Waveland Ave,member,3012,41.948796894043156,-87.67527788754549
Start,Lincoln Ave & Winona St,casual,715,41.97491122615902,-87.69250393196504
Start,Lincoln Ave & Winona St,member,1757,41.974910888773344,-87.69250866800706
Start,Lincoln Park Conservatory,casual,6640,41.923933651447015,-87.63582521423486
Start,Lincoln Park Conservatory,member,6466,41.923939105762116,-87.63582698699886
Start,Lincoln Park Zoo,casual,935,41.92242,-87.63195
Start,Lincoln Park Zoo,member,271,41.922419999999995,-87.63195
Start,Lincolnwood Dr & Central St,casual,226,42.06485038372124,-87.71529748403097
Start,Lincolnwood Dr & Central St,member,188,42.064854,-87.715297
Start,Linder Ave & 64th,casual,2,41.77546,-87.75791
Start,Linder Ave & Montrose Ave,casual,112,41.96080922216072,-87.76488007774107
Start,Linder Ave & Montrose Ave,member,227,41.960809557726876,-87.76487967418943
Start,Lock St & 31st St,casual,330,41.83796220872424,-87.65904871709697
Start,Lock St & 31st St,member,712,41.83796207791713,-87.65904879800982
Start,Lockwood Ave & Grand Ave,casual,112,41.91759410000001,-87.7584143
Start,Lockwood Ave & Grand Ave,member,141,41.9175941,-87.7584143
Start,Lockwood Ave & Wrightwood Ave,casual,163,41.927766,-87.758544
Start,Lockwood Ave & Wrightwood Ave,member,505,41.927766080899005,-87.75854357385148
Start,Logan Blvd & Elston Ave,casual,1202,41.92946463309151,-87.6841580381331
Start,Logan Blvd & Elston Ave,member,2904,41.92946460353925,-87.6841580252703
Start,Long & Irving Park,casual,62,41.95303595814516,-87.7621625105484
Start,Long & Irving Park,member,83,41.95303736346988,-87.7621632799759
Start,Long Ave & Belden Ave,casual,76,41.922721522671054,-87.76095221881579
Start,Long Ave & Belden Ave,member,53,41.92271816037736,-87.76095188679244
Start,Long Ave & Belmont Ave,casual,138,41.93833,-87.76166000000002
Start,Long Ave & Belmont Ave,member,79,41.93833,-87.76166
Start,Long Ave & Diversey Ave,casual,62,41.93104102637098,-87.76124101345161
Start,Long Ave & Diversey Ave,member,130,41.93104,-87.76124
Start,Long Ave & Irving Park Rd,casual,123,41.95301,-87.76214
Start,Long Ave & Irving Park Rd,member,94,41.95301,-87.76214000000002
Start,Long Ave & North Ave,casual,41,41.909213508756096,-87.76092265256098
Start,Long Ave & North Ave,member,62,41.9092147,-87.7609189
Start,Loomis Blvd & 84th St,casual,16,41.74148652861805,-87.65841007232666
Start,Loomis Blvd & 84th St,member,29,41.74148652861805,-87.65841007232666
Start,Loomis St & 89th St,casual,18,41.732388649890225,-87.65807064707167
Start,Loomis St & 89th St,member,21,41.732386981614795,-87.65806881588739
Start,Loomis St & 95th St,casual,29,41.72148,-87.65774
Start,Loomis St & 95th St,member,20,41.7214805907,-87.65774479205001
Start,Loomis St & Archer Ave,casual,381,41.84163265091085,-87.65743565007804
Start,Loomis St & Archer Ave,member,690,41.84163252739884,-87.65743515609044
Start,Loomis St & Jackson Blvd,casual,1112,41.877944725050355,-87.66200682373471
Start,Loomis St & Jackson Blvd,member,3601,41.877944461076645,-87.66200677418855
Start,Loomis St & Lexington St,casual,2942,41.872228599362614,-87.66136457217057
Start,Loomis St & Lexington St,member,11289,41.87222855406489,-87.66136459606923
Start,Lowell Ave & Armitage Ave,casual,199,41.91707612675377,-87.73535415325628
Start,Lowell Ave & Armitage Ave,member,214,41.917077100032714,-87.73535415743459
Start,Lynch Ave & Elston Ave,casual,59,41.980956564288135,-87.76148978250846
Start,Lynch Ave & Elston Ave,member,122,41.980958214385254,-87.76149043517213
Start,MLK Dr & 111th St,casual,29,41.69263,-87.6136
Start,MLK Dr & 111th St,member,21,41.69263,-87.6136
Start,MLK Jr Dr & 29th St,casual,1564,41.84205160455371,-87.61699837032738
Start,MLK Jr Dr & 29th St,member,2514,41.84205183545108,-87.61699901868337
Start,MLK Jr Dr & 47th St,casual,253,41.809850485122524,-87.61627961684981
Start,MLK Jr Dr & 47th St,member,447,41.80985090298658,-87.61628040397763
Start,MLK Jr Dr & 56th St,casual,125,41.793429773495355,-87.6158533338048
Start,MLK Jr Dr & 56th St,member,109,41.79342999391413,-87.61585368886422
Start,MLK Jr Dr & 63rd St,casual,76,41.78008063658999,-87.61594285669999
Start,MLK Jr Dr & 63rd St,member,97,41.78008019825402,-87.6159432214866
Start,MLK Jr Dr & 83rd St,casual,10,41.743116,-87.6148
Start,MLK Jr Dr & 83rd St,member,106,41.74311600000001,-87.61479999999999
Start,MLK Jr Dr & Pershing Rd,casual,410,41.82459916177317,-87.61678057777074
Start,MLK Jr Dr & Pershing Rd,member,838,41.82459761234248,-87.61678050742482
Start,MTV Hubbard St,casual,1,41.8897772,-87.680351
Start,MTV Hubbard St,member,3,41.8897772,-87.68035100000002
Start,Major Ave & Addison St,casual,77,41.94576738898701,-87.76953041564936
Start,Major Ave & Addison St,member,60,41.94574,-87.76930133333333
Start,Major Ave & Bloomingdale Ave,casual,35,41.912584568571425,-87.76876267142858
Start,Major Ave & Bloomingdale Ave,member,5,41.91258492,-87.7687598
Start,Major Taylor Trail & 111th St,casual,39,41.69211,-87.6489
Start,Major Taylor Trail & 111th St,member,15,41.69211,-87.64889999999998
Start,Major Taylor Trail & 115th St,casual,34,41.68493159519296,-87.6452887058258
Start,Major Taylor Trail & 115th St,member,13,41.68493159519296,-87.6452887058258
Start,Major Taylor Trail & 124th St,casual,23,41.668696941178005,-87.6371201846724
Start,Major Taylor Trail & 124th St,member,1,41.66869635332246,-87.63711333274841
Start,Malcolm X College,casual,591,41.87761796061591,-87.67389486065312
Start,Malcolm X College,member,1601,41.87761807953029,-87.67389476793629
Start,Malden St & Wilson Ave,casual,1142,41.96526137589142,-87.66275076581348
Start,Malden St & Wilson Ave,member,3035,41.96526213884349,-87.66274842127085
Start,Mango Ave & Diversey Ave,casual,36,41.930964553222225,-87.76987675863889
Start,Mango Ave & Diversey Ave,member,22,41.9309625,-87.7698856
Start,Mango Ave & Grand Ave,casual,39,41.9196505923077,-87.76941382307692
Start,Mango Ave & Grand Ave,member,16,41.91965075625,-87.76941488125
Start,Mango Ave & North Ave,casual,67,41.90957932543284,-87.76911925002985
Start,Mango Ave & North Ave,member,14,41.90958,-87.7691175
Start,Manistee Ave & 95th St,casual,7,41.7226,-87.55692
Start,Manistee Ave & 95th St,member,9,41.7226,-87.55692
Start,Manor Ave & Leland Ave,casual,492,41.96587494087601,-87.70082451361179
Start,Manor Ave & Leland Ave,member,1199,41.965874940118425,-87.70082480693411
Start,Maple Ave & Grove St,casual,55,42.045537,-87.68531699999998
Start,Maple Ave & Grove St,member,37,42.045537,-87.68531699999998
Start,Maplewood Ave & 59th St,casual,60,41.78633252898333,-87.68743425095
Start,Maplewood Ave & 59th St,member,62,41.786333145161294,-87.68743213870967
Start,Maplewood Ave & Peterson Ave,casual,144,41.9902357357209,-87.69336967321945
Start,Maplewood Ave & Peterson Ave,member,377,41.990236115596545,-87.69336985181167
Start,Marine Dr & Ainslie St,casual,2320,41.97160035193319,-87.65015442181335
Start,Marine Dr & Ainslie St,member,4582,41.971600508001096,-87.65015494800524
Start,Marmora Ave & Belmont Ave,casual,65,41.93828511261538,-87.77421455298462
Start,Marmora Ave & Belmont Ave,member,29,41.938280819655176,-87.77476697744827
Start,Marmora Ave & Belmont Ave (temporary),casual,9,41.93825100000001,-87.778601
Start,Marmora Ave & Belmont Ave (temporary),member,1,41.938251,-87.778601
Start,Marmora Ave & Irving Park Rd,casual,163,41.95310719999999,-87.7747326
Start,Marmora Ave & Irving Park Rd,member,94,41.95310460990426,-87.77473350273404
Start,Marquette Ave & 89th St,casual,34,41.73366589890797,-87.55834931137558
Start,Marquette Ave & 89th St,member,11,41.73366879071472,-87.55834221839905
Start,Marshfield Ave & 44th St,casual,74,41.81392411237837,-87.66649054540541
Start,Marshfield Ave & 44th St,member,34,41.813922041911766,-87.6664851105
Start,Marshfield Ave & 59th St,casual,15,41.786833,-87.666215
Start,Marshfield Ave & 59th St,member,12,41.786833,-87.66621500000001
Start,Marshfield Ave & Diversey Pkwy,casual,532,41.93203985797932,-87.66970008759023
Start,Marshfield Ave & Diversey Pkwy,member,1247,41.93203889782037,-87.6697011722109
Start,Marshfield Ave & Wabansia Ave,casual,659,41.912175306277696,-87.66888319811989
Start,Marshfield Ave & Wabansia Ave,member,1231,41.91217493435012,-87.66888276875629
Start,Martin Luther King Dr & 111th St,casual,33,41.692638838366584,-87.6136701639733
Start,Martin Luther King Dr & 111th St,member,31,41.69263895647178,-87.61367386484747
Start,Martin Luther King Dr & 87th St,casual,32,41.73677,-87.61439
Start,Martin Luther King Dr & 87th St,member,38,41.73677,-87.61439
Start,Mason Ave & Belmont Ave,casual,52,41.9383684109423,-87.77250305357694
Start,Mason Ave & Belmont Ave,member,11,41.9383682,-87.7725029
Start,Mason Ave & Grand Ave,casual,74,41.9204347,-87.7743901
Start,Mason Ave & Grand Ave,member,42,41.92043597471428,-87.77438861559524
Start,Mason Ave & Montrose Ave,casual,99,41.96055997917172,-87.77588002868687
Start,Mason Ave & Montrose Ave,member,169,41.96056049998225,-87.77588057227811
Start,May St & 69th St,casual,23,41.76894112582608,-87.65293692452174
Start,May St & 69th St,member,11,41.768938,-87.652934
Start,May St & Cullerton St,casual,675,41.85513681757037,-87.6541282380474
Start,May St & Cullerton St,member,2343,41.855137980197604,-87.65412851193555
Start,May St & Hubbard St,casual,1659,41.89008067525617,-87.65597022471668
Start,May St & Hubbard St,member,3951,41.89008073947178,-87.65597021236142
Start,May St & Taylor St,casual,2205,41.86938908477415,-87.65542549747484
Start,May St & Taylor St,member,7254,41.86939418053088,-87.65540399073242
Start,Mayfield Ave & Roosevelt Rd,casual,55,41.86569066285455,-87.77175787518182
Start,Mayfield Ave & Roosevelt Rd,member,26,41.86569,-87.77176
Start,McClurg Ct & Erie St,casual,2750,41.89450308163163,-87.61785467981454
Start,McClurg Ct & Erie St,member,7424,41.894503806302936,-87.61785814330275
Start,McClurg Ct & Ohio St,casual,7751,41.89259372381688,-87.61728892352748
Start,McClurg Ct & Ohio St,member,15428,41.89259582515353,-87.61729058627711
Start,McCormick Blvd & Devon Ave,casual,394,41.997199797073606,-87.71105002234265
Start,McCormick Blvd & Devon Ave,member,777,41.99720000929859,-87.71105004521364
Start,McCormick Place,casual,4917,41.85137708521788,-87.61883515177534
Start,McCormick Place,member,1941,41.851377486039716,-87.6188351351845
Start,Meade Ave & Addison St,casual,55,41.94595,-87.77888000000002
Start,Meade Ave & Addison St,member,21,41.94594753366667,-87.77888015328571
Start,Meade Ave & Diversey Ave,casual,49,41.93086,-87.77845000000002
Start,Meade Ave & Diversey Ave,member,30,41.93085800666667,-87.77844905466667
Start,Meade Ave & Fullerton Ave,casual,101,41.9247541860297,-87.77827187639605
Start,Meade Ave & Fullerton Ave,member,75,41.92475786444,-87.77827088508
Start,Melvina Ave & Giddings Ave,casual,114,41.96647844368421,-87.78202051433334
Start,Melvina Ave & Giddings Ave,member,230,41.96647840717826,-87.7820200899913
Start,Menard Ave & Lawrence Ave,casual,112,41.96787980975893,-87.772742252375
Start,Menard Ave & Lawrence Ave,member,201,41.96788376760696,-87.77274105032835
Start,Menard Ave & Milwaukee Ave,casual,58,41.98139,-87.77331
Start,Menard Ave & Milwaukee Ave,member,44,41.98139,-87.77331
Start,Menard Ave & North Ave,casual,26,41.9097167,-87.7702037
Start,Menard Ave & North Ave,member,2,41.9097167,-87.7702037
Start,Merrimac Park,casual,80,41.952610211987505,-87.7853490231125
Start,Merrimac Park,member,181,41.95260988417127,-87.78534965403314
Start,Michigan Ave & 105th St,casual,48,41.70346,-87.62037
Start,Michigan Ave & 105th St,member,34,41.70346,-87.62037
Start,Michigan Ave & 108th St,casual,29,41.69815,-87.62111
Start,Michigan Ave & 108th St,member,8,41.69815,-87.62111
Start,Michigan Ave & 113th St,casual,10,41.689049999999995,-87.62079
Start,Michigan Ave & 113th St,member,8,41.68905,-87.62079
Start,Michigan Ave & 114th St,casual,27,41.68701479467118,-87.62105226516724
Start,Michigan Ave & 114th St,member,2,41.68701479467118,-87.62105226516724
Start,Michigan Ave & 118th St,casual,9,41.67982,-87.62074999999999
Start,Michigan Ave & 118th St,member,1,41.679837108,-87.620762229
Start,Michigan Ave & 11th St,casual,1254,41.86958969655583,-87.62396083673923
Start,Michigan Ave & 11th St,member,1816,41.86958999070815,-87.6239610991426
Start,Michigan Ave & 14th St,casual,3361,41.86406001549777,-87.62372686998988
Start,Michigan Ave & 14th St,member,7766,41.864060161602275,-87.62372687993116
Start,Michigan Ave & 18th St,casual,3277,41.85792547852426,-87.62433561615624
Start,Michigan Ave & 18th St,member,5533,41.857925771289,-87.62433550446931
Start,Michigan Ave & 71st St,casual,43,41.765287071418605,-87.62174795148837
Start,Michigan Ave & 71st St,member,20,41.765286,-87.621748
Start,Michigan Ave & 8th St,casual,10483,41.87277127324004,-87.62398057731626
Start,Michigan Ave & 8th St,member,6311,41.87277070334802,-87.62398046731204
Start,Michigan Ave & 9th St,casual,1451,41.87093981401447,-87.62438920606755
Start,Michigan Ave & 9th St,member,1516,41.870940102043534,-87.62438936841755
Start,Michigan Ave & Ida B Wells Dr,casual,3877,41.876206433542684,-87.62446281816689
Start,Michigan Ave & Ida B Wells Dr,member,3253,41.87620292208208,-87.62446248738426
Start,Michigan Ave & Jackson Blvd,casual,5741,41.878556767534235,-87.6241455644588
Start,Michigan Ave & Jackson Blvd,member,4956,41.87855754131639,-87.62414520875241
Start,Michigan Ave & Lake St,casual,8862,41.886021966497175,-87.62439938650755
Start,Michigan Ave & Lake St,member,12261,41.886022228229585,-87.6244000589559
Start,Michigan Ave & Madison St,casual,2245,41.882128856771494,-87.625135783192
Start,Michigan Ave & Madison St,member,3820,41.88212442436937,-87.62514584654058
Start,Michigan Ave & Oak St,casual,21291,41.900960664863604,-87.62377613901334
Start,Michigan Ave & Oak St,member,13966,41.90096105366154,-87.62377561958772
Start,Michigan Ave & Pearson St,casual,3743,41.897659261216404,-87.62351005725861
Start,Michigan Ave & Pearson St,member,4093,41.89765608379754,-87.62350948209267
Start,Michigan Ave & Washington St,casual,7951,41.8839840325075,-87.62468366485906
Start,Michigan Ave & Washington St,member,11511,41.88398403502808,-87.62468352792881
Start,Midway Corral,casual,3,41.78675588066667,-87.73878441900001
Start,Midway Orange Line,casual,358,41.78691823668716,-87.73891911180725
Start,Midway Orange Line,member,226,41.78691817394248,-87.73892147445575
Start,Mies van der Rohe Way & Chestnut St,casual,4939,41.89858689460041,-87.62191431232047
Start,Mies van der Rohe Way & Chestnut St,member,9647,41.898587185900205,-87.62191394330526
Start,Mies van der Rohe Way & Chicago Ave,casual,3892,41.89694603181646,-87.62175832025551
Start,Mies van der Rohe Way & Chicago Ave,member,8395,41.89694695203068,-87.62175831297851
Start,Millard Ave & 26th St,casual,81,41.84453112462163,-87.71592199802399
Start,Millard Ave & 26th St,member,170,41.84453201122243,-87.71592378195297
Start,Millennium Park,casual,17414,41.881032815112555,-87.6240845419254
Start,Millennium Park,member,8623,41.88103383724632,-87.62408466058577
Start,Milwaukee Ave & Agatite Ave,casual,165,41.961499539351514,-87.75488979749092
Start,Milwaukee Ave & Agatite Ave,member,203,41.961500008463055,-87.7548902658473
Start,Milwaukee Ave & Ainslie St,casual,535,41.96860945049345,-87.76107950882992
Start,Milwaukee Ave & Ainslie St,member,1195,41.96860877533333,-87.76107936476542
Start,Milwaukee Ave & Armitage Ave,casual,1925,41.91770984956208,-87.68864010922078
Start,Milwaukee Ave & Armitage Ave,member,3441,41.91770994535891,-87.68864057888288
Start,Milwaukee Ave & Cuyler Ave,casual,214,41.95446806929906,-87.74959400841121
Start,Milwaukee Ave & Cuyler Ave,member,321,41.95446826682554,-87.74959417672585
Start,Milwaukee Ave & Diversey Ave,casual,379,41.93266046796042,-87.71222002563324
Start,Milwaukee Ave & Diversey Ave,member,501,41.9326607516487,-87.71222000694011
Start,Milwaukee Ave & Fullerton Ave,casual,2051,41.92469013032862,-87.70059990464895
Start,Milwaukee Ave & Fullerton Ave,member,3052,41.92469027116186,-87.70059928572476
Start,Milwaukee Ave & Grand Ave,casual,4628,41.89157789397019,-87.6483823179508
Start,Milwaukee Ave & Grand Ave,member,9540,41.89157819808148,-87.64838269235254
Start,Milwaukee Ave & Highland Ave,casual,142,41.99635989176057,-87.78674037868309
Start,Milwaukee Ave & Highland Ave,member,257,41.99635994180156,-87.78674021640467
Start,Milwaukee Ave & Rockwell St,casual,1625,41.920330237976614,-87.69308984942462
Start,Milwaukee Ave & Rockwell St,member,2484,41.920330166882444,-87.69309018195933
Start,Milwaukee Ave & The 606,casual,3390,41.91375530476283,-87.68266602371504
Start,Milwaukee Ave & The 606,member,8046,41.91375612193624,-87.68266622745226
Start,Milwaukee Ave & Wabansia Ave,casual,1356,41.912616340232304,-87.68146933104426
Start,Milwaukee Ave & Wabansia Ave,member,3220,41.912616675962425,-87.6814692220289
Start,Milwaukee Ave & Wolfram St,casual,418,41.93301044610766,-87.71427991483972
Start,Milwaukee Ave & Wolfram St,member,740,41.933010789225676,-87.71427959983244
Start,Monitor Ave & Division St,casual,47,41.901917766340425,-87.77177885923405
Start,Monitor Ave & Division St,member,38,41.90192,-87.77178
Start,Monitor Ave & Fullerton Ave,casual,39,41.92379,-87.77228
Start,Monitor Ave & Fullerton Ave,member,15,41.92378999999999,-87.77228
Start,Monticello Ave & Chicago Ave,casual,86,41.8958106363372,-87.7176298506279
Start,Monticello Ave & Chicago Ave,member,58,41.89581009262069,-87.71763001282758
Start,Monticello Ave & Diversey Ave,casual,306,41.93171757568627,-87.71846103589542
Start,Monticello Ave & Diversey Ave,member,566,41.93171955485335,-87.71845993767491
Start,Monticello Ave & Irving Park Rd,casual,604,41.95400480420059,-87.71912750486374
Start,Monticello Ave & Irving Park Rd,member,1541,41.95400475719842,-87.71912766348618
Start,Monticello Ave & Lawrence Ave,casual,291,41.96836333066283,-87.7188888162856
Start,Monticello Ave & Lawrence Ave,member,860,41.968404421123935,-87.71874127875462
Start,Montrose Harbor,casual,10144,41.963979952123026,-87.638181312632
Start,Montrose Harbor,member,7954,41.963981592224926,-87.6381811197986
Start,Morgan Ave & 14th Pl,casual,1161,41.862379008218774,-87.6510633317304
Start,Morgan Ave & 14th Pl,member,3329,41.86237909492971,-87.65106362482727
Start,Morgan St & 18th St,casual,1721,41.858085987651364,-87.65107340785649
Start,Morgan St & 18th St,member,3338,41.85808617772439,-87.65107432071859
Start,Morgan St & 31st St,casual,1028,41.83779991573054,-87.65114023421206
Start,Morgan St & 31st St,member,2260,41.837799733872124,-87.65114104194956
Start,Morgan St & Hubbard St,casual,536,41.89011975617911,-87.65251131430037
Start,Morgan St & Hubbard St,member,1067,41.89018675899626,-87.6525474548463
Start,Morgan St & Lake St,casual,2637,41.88549170626906,-87.65228927135468
Start,Morgan St & Lake St,member,5084,41.88549170626906,-87.65228927135468
Start,Morgan St & Lake St*,casual,1137,41.8854920621875,-87.65229114504784
Start,Morgan St & Lake St*,member,2999,41.885492078569,-87.65229202346222
Start,Morgan St & Pershing Rd,casual,100,41.823613,-87.650931
Start,Morgan St & Pershing Rd,member,83,41.82361300000001,-87.650931
Start,Morgan St & Polk St,casual,1950,41.87174020481077,-87.65102972439693
Start,Morgan St & Polk St,member,9909,41.87173925163693,-87.6510299106077
Start,Mozart St & 55th St,casual,3,41.79375,-87.69472
Start,Mozart St & 55th St,member,4,41.79375,-87.69472
Start,Mozart St & 79th St,casual,50,41.74969773138,-87.69391508216
Start,Mozart St & 79th St,member,2,41.749702,-87.693917
Start,Mozart St & Jackson Blvd,casual,128,41.87750003863281,-87.69740033972657
Start,Mozart St & Jackson Blvd,member,77,41.87749983503896,-87.69740147903896
Start,Mulligan Ave & Archer Ave,casual,71,41.79296,-87.78052
Start,Mulligan Ave & Archer Ave,member,22,41.79296,-87.78052
Start,Museum Campus Metra Station,casual,2605,41.86935016121073,-87.62216820087583
Start,Museum Campus Metra Station,member,1776,41.86934973755792,-87.62221626637512
Start,N Carpenter St & W Lake St,casual,263,41.88558870553613,-87.65318492693535
Start,N Carpenter St & W Lake St,member,931,41.885588959327606,-87.65318108066595
Start,N Damen Ave & W Chicago Ave,casual,89,41.89581099223596,-87.6785026593146
Start,N Damen Ave & W Chicago Ave,member,365,41.895812052684924,-87.67849049144108
Start,N Green St & W Lake St,casual,169,41.88557833811834,-87.64848416837869
Start,N Green St & W Lake St,member,312,41.88558006024359,-87.64847972111217
Start,N Paulina St & Lincoln Ave,casual,192,41.94383895803125,-87.67147257109896
Start,N Paulina St & Lincoln Ave,member,507,41.94383664709665,-87.67147418185995
Start,N Shore Channel Trail & Argyle St,casual,317,41.97220994142166,-87.70280415183491
Start,N Shore Channel Trail & Argyle St,member,664,41.97220680790663,-87.7027969967997
Start,N Southport Ave & W Newport Ave,casual,280,41.94402123331071,-87.66397733055715
Start,N Southport Ave & W Newport Ave,member,563,41.94401837867851,-87.66397564073002
Start,N Whipple St & Irving Park Rd,casual,10,41.954189,-87.70444799999999
Start,N Whipple St & Irving Park Rd,member,27,41.95419138451852,-87.70444136614815
Start,Nagle Ave & Belmont Ave,casual,60,41.938519140183324,-87.78734917543333
Start,Nagle Ave & Belmont Ave,member,24,41.93852,-87.78735
Start,Narragansett Ave & McLean Ave,casual,66,41.915900258166666,-87.78511047318182
Start,Narragansett Ave & McLean Ave,member,32,41.91589870309375,-87.7851111509375
Start,Narragansett Ave & Montrose Ave,casual,91,41.959978,-87.786928
Start,Narragansett Ave & Montrose Ave,member,181,41.95997797010497,-87.78692747472377
Start,Narragansett Ave & North Ave,casual,98,41.90950030903062,-87.78491027294896
Start,Narragansett Ave & North Ave,member,44,41.9095,-87.78491
Start,Narragansett Ave & School St,casual,41,41.940126025243906,-87.7864764797561
Start,Narragansett Ave & School St,member,15,41.940125333333334,-87.7864804
Start,Narragansett Ave & Wrightwood Ave,casual,185,41.92729,-87.78523
Start,Narragansett Ave & Wrightwood Ave,member,138,41.92729012498551,-87.78523035360145
Start,Navy Pier,casual,51740,41.892278,-87.612043
Start,Navy Pier,member,16290,41.89227959714935,-87.61204546410829
Start,Navy Pier Overflow Corral,casual,183,41.89231,-87.61217
Start,Navy Pier Overflow Corral,member,84,41.89231,-87.61217
Start,Navy Pier Public Rack - East,casual,1565,41.89093,-87.6096738
Start,Navy Pier Public Rack - East,member,225,41.89093,-87.6096738
Start,Navy Pier Public Rack - West,casual,1373,41.8909738,-87.6114815
Start,Navy Pier Public Rack - West,member,167,41.89097379999999,-87.6114815
Start,New England Ave & North Ave,casual,33,41.90929056581818,-87.79714898178788
Start,New England Ave & North Ave,member,21,41.90929,-87.79715
Start,New St & Illinois St,casual,9014,41.89084599332977,-87.618617335417
Start,New St & Illinois St,member,13286,41.89084225316537,-87.61862318911888
Start,Newcastle Ave & Irving Park Rd,casual,48,41.95256,-87.79755
Start,Newcastle Ave & Irving Park Rd,member,21,41.952562535,-87.79755046371429
Start,Noble St & Milwaukee Ave,casual,2226,41.90069978171054,-87.66260705991732
Start,Noble St & Milwaukee Ave,member,5916,41.90069957286128,-87.66260742842584
Start,Noble St & Ohio St,casual,1954,41.89242101893143,-87.66206076274206
Start,Noble St & Ohio St,member,4151,41.89242167231687,-87.66206091543057
Start,Noble St & Potomac Ave,casual,968,41.90550342323554,-87.66271953493595
Start,Noble St & Potomac Ave,member,2350,41.90549753151362,-87.66272729835731
Start,Nordica Ave & Medill Ave,casual,120,41.922270615416664,-87.80202082658334
Start,Nordica Ave & Medill Ave,member,82,41.9222715402439,-87.80202329642682
Start,Normal Ave & Archer Ave,casual,352,41.84952686759375,-87.64059093586933
Start,Normal Ave & Archer Ave,member,604,41.84952701302815,-87.64059099826491
Start,North Ave & New England Ave,casual,17,41.9092204,-87.7971406
Start,North Ave & New England Ave,member,3,41.9092204,-87.79714059999999
Start,North Ave Beach,casual,2814,41.91399,-87.62527
Start,North Ave Beach,member,1357,41.91399,-87.62527
Start,North Ave Beach Overflow Corral,casual,1096,41.91393209999999,-87.6252532
Start,North Ave Beach Overflow Corral,member,530,41.91393209999999,-87.6252532
Start,North Ave Beach Pedestrian Bridge,casual,1212,41.915633,-87.628214
Start,North Ave Beach Pedestrian Bridge,member,643,41.915633,-87.628214
Start,North Ave Beach Public Rack - 1,casual,8,41.922648,-87.629767
Start,North Ave Beach Public Rack - 1,member,2,41.922648,-87.629767
Start,North Ave Beach Public Rack - 2,casual,13,41.921984,-87.629547
Start,North Ave Beach Public Rack - 2,member,3,41.921984,-87.629547
Start,North Ave Beach Public Rack - 3,casual,7,41.92112960000001,-87.62930629999998
Start,North Ave Beach Public Rack - 3,member,4,41.9211296,-87.6293063
Start,North Ave Beach Public Rack - 4,casual,9,41.9206217,-87.6291956
Start,North Ave Beach Public Rack - 4,member,2,41.9206217,-87.6291956
Start,North Ave Public Rack - 1,casual,3,41.9211296,-87.6293063
Start,North Ave Public Rack - 1,member,2,41.9211296,-87.6293063
Start,North Ave Public Rack - 2,casual,9,41.9206217,-87.6291956
Start,North Ave Public Rack - 2,member,4,41.9206217,-87.6291956
Start,North Ave Public Rack - 3,casual,67,41.9195444,-87.6289383
Start,North Ave Public Rack - 3,member,20,41.91954439999999,-87.6289383
Start,North Ave Public Rack - 4,casual,37,41.9188083,-87.6287089
Start,North Ave Public Rack - 4,member,28,41.9188083,-87.6287089
Start,North Ave Public Rack - 5,casual,65,41.9177217,-87.62828820000001
Start,North Ave Public Rack - 5,member,50,41.9177217,-87.62828819999999
Start,North Ave Public Rack - 6,casual,19,41.9162904,-87.62745839999998
Start,North Ave Public Rack - 6,member,10,41.9162904,-87.6274584
Start,North Avenue Beach,casual,1694,41.91398999999999,-87.62527
Start,North Avenue Beach,member,623,41.91399,-87.62527
Start,North Avenue Beach Pedestrian Bridge,casual,472,41.91558908686441,-87.62824888135593
Start,North Avenue Beach Pedestrian Bridge,member,265,41.91555159245283,-87.62827866415094
Start,North Boundary Park,casual,176,42.013024593801134,-87.7089103838466
Start,North Boundary Park,member,402,42.01303,-87.70891
Start,North Branch St & Haines St,casual,278,41.90055668295324,-87.65078525195324
Start,North Branch St & Haines St,member,652,41.90055744354601,-87.65078567061964
Start,Northwestern Main Campus,casual,45,42.053906,-87.677688
Start,Northwestern Main Campus,member,47,42.053906,-87.67768799999999
Start,Noyes CTA,casual,116,42.0584715,-87.683518
Start,Noyes CTA,member,76,42.0584715,-87.683518
Start,Oak Park & Wellington,casual,12,41.934586,-87.7959613
Start,Oak Park & Wellington,member,67,41.934586418507465,-87.79595543919403
Start,Oak Park Ave & Wellington Ave,casual,39,41.93458999999999,-87.79586000000002
Start,Oak Park Ave & Wellington Ave,member,34,41.93459,-87.79586000000002
Start,Oak St Beach Public Rack - North,casual,488,41.902777799999996,-87.6235803
Start,Oak St Beach Public Rack - North,member,287,41.902777799999996,-87.6235803
Start,Oak St Beach Public Rack - South,casual,626,41.9018549,-87.6222465
Start,Oak St Beach Public Rack - South,member,187,41.9018549,-87.6222465
Start,Oakley Ave & Irving Park Rd,casual,496,41.95433898133355,-87.68608047354599
Start,Oakley Ave & Irving Park Rd,member,1722,41.954340302382,-87.68607998112584
Start,Oakley Ave & Lyndale St,casual,990,41.92261005385354,-87.68512992895657
Start,Oakley Ave & Lyndale St,member,2019,41.92260980372511,-87.68512990848488
Start,Oakley Ave & Touhy Ave,casual,218,42.012342,-87.688243
Start,Oakley Ave & Touhy Ave,member,365,42.012341825657536,-87.68824314927672
Start,Obama Presidential Center,casual,928,41.78641900000001,-87.586462
Start,Obama Presidential Center,member,320,41.786419,-87.58646200000001
Start,Oconto Ave & Belmont Ave,casual,32,41.93783,-87.80788
Start,Oconto Ave & Belmont Ave,member,32,41.93783,-87.80788
Start,Ogden Ave & Chicago Ave,casual,2887,41.89636231066124,-87.65406179072207
Start,Ogden Ave & Chicago Ave,member,7060,41.89636211952436,-87.65406215471216
Start,Ogden Ave & Congress Pkwy,casual,672,41.87500947917411,-87.67327782515477
Start,Ogden Ave & Congress Pkwy,member,2094,41.875009765476605,-87.6732789045258
Start,Ogden Ave & Race Ave,casual,1845,41.89179425213767,-87.65875394974742
Start,Ogden Ave & Race Ave,member,4552,41.89179389755272,-87.65875631107446
Start,Ogden Ave & Roosevelt Rd,casual,280,41.86650121679586,-87.68469236978214
Start,Ogden Ave & Roosevelt Rd,member,1586,41.86650151691418,-87.68469518980454
Start,Oglesby Ave & 100th St,casual,33,41.71339465647026,-87.56584534862878
Start,Oglesby Ave & 100th St,member,106,41.71339378513292,-87.56584287926489
Start,Oketo Ave & Addison St,casual,35,41.94496,-87.81189
Start,Oketo Ave & Addison St,member,14,41.94496,-87.81189000000002
Start,Olive Harvey College,casual,40,41.70958113526255,-87.59023368358612
Start,Olive Harvey College,member,4,41.70958113526255,-87.59023368358612
Start,Orange Ave & Addison St,casual,62,41.94485088535484,-87.82422896991935
Start,Orange Ave & Addison St,member,26,41.94485,-87.82423
Start,Oriole Ave & Irving Park Rd,casual,25,41.95224,-87.81697
Start,Oriole Ave & Irving Park Rd,member,9,41.95224,-87.81697
Start,Orleans St & Chestnut St (NEXT Apts),casual,2267,41.898201805382,-87.63753633155743
Start,Orleans St & Chestnut St (NEXT Apts),member,5313,41.89819999812724,-87.63753584111801
Start,Orleans St & Elm St,casual,1614,41.902923693351305,-87.63771579044301
Start,Orleans St & Elm St,member,4627,41.9029232866444,-87.63771683693581
Start,Orleans St & Hubbard St,casual,2612,41.89002194096133,-87.63661503915122
Start,Orleans St & Hubbard St,member,7535,41.890021739068835,-87.63662110804671
Start,Orleans St & Merchandise Mart Plaza,casual,5333,41.88823861363754,-87.63639506833397
Start,Orleans St & Merchandise Mart Plaza,member,13421,41.88823390916643,-87.63640088309013
Start,Orrington & Clark,casual,3,42.04121166666667,-87.68650233333334
Start,Orrington & Clark,member,1,42.050086,-87.679956
Start,Orrington Ave & Clark St,casual,125,42.048808095999995,-87.68089867200001
Start,Orrington Ave & Clark St,member,67,42.04968864179104,-87.68024911940299
Start,Overhill Ave & Belmont Ave,casual,42,41.93799,-87.81915
Start,Overhill Ave & Belmont Ave,member,63,41.937989129428566,-87.81915495341269
Start,Panama Ave & Grace St,casual,45,41.94766,-87.82925
Start,Panama Ave & Grace St,member,8,41.94766,-87.82925
Start,Parkside Ave & Armitage Ave,casual,30,41.91690700000001,-87.767173
Start,Parkside Ave & Armitage Ave,member,33,41.916906733454546,-87.76717764869697
Start,Parnell Ave & 127th St,casual,26,41.66338,-87.63429
Start,Parnell Ave & 127th St,member,3,41.66338,-87.63429000000001
Start,Parnell Ave & 31st St,casual,421,41.837911,-87.640279
Start,Parnell Ave & 31st St,member,542,41.8379110179059,-87.64027819793174
Start,Paulina Ave & 87th St,casual,18,41.735629,-87.66552
Start,Paulina Ave & 87th St,member,10,41.735629,-87.66552
Start,Paulina Ave & North Ave,casual,2104,41.90987774303325,-87.66993658882637
Start,Paulina Ave & North Ave,member,4507,41.90987208700547,-87.66993531122402
Start,Paulina St & 18th St,casual,1382,41.85790109756874,-87.66874452403763
Start,Paulina St & 18th St,member,3042,41.85790131671926,-87.66874438974294
Start,Paulina St & Adams St,casual,895,41.87862042966257,-87.66913081697095
Start,Paulina St & Adams St,member,1364,41.87862088277517,-87.66913163437512
Start,Paulina St & Cortland St,casual,1367,41.91625964889027,-87.67019092914265
Start,Paulina St & Cortland St,member,2766,41.91625951539226,-87.67019173954773
Start,Paulina St & Division St,casual,3685,41.9035531025696,-87.67042938158
Start,Paulina St & Division St,member,9292,41.903553245968,-87.67042935677777
Start,Paulina St & Flournoy St,casual,1564,41.87306112596035,-87.66913378596902
Start,Paulina St & Flournoy St,member,6030,41.87306188060657,-87.66913179906983
Start,Paulina St & Howard St,casual,1106,42.019158821718804,-87.67357303894123
Start,Paulina St & Howard St,member,1308,42.019158663750005,-87.67357271836927
Start,Paulina St & Lincoln Ave Public Rack,casual,593,41.94383717539123,-87.67146970671669
Start,Paulina St & Lincoln Ave Public Rack,member,1035,41.94383773359807,-87.67146973381836
Start,Paulina St & Montrose Ave,casual,1271,41.96150752129426,-87.67138854245083
Start,Paulina St & Montrose Ave,member,3467,41.96150732786645,-87.6713887555584
Start,Peoria St & Jackson Blvd,casual,4038,41.877641678621714,-87.6496164977936
Start,Peoria St & Jackson Blvd,member,9152,41.87764184575752,-87.64961475348886
Start,Peoria St & Kinzie St,casual,2536,41.888959878817424,-87.64972839129298
Start,Peoria St & Kinzie St,member,5558,41.88895955623767,-87.6497254282044
Start,Perry Ave & 69th St,casual,310,41.769292917543865,-87.62819598839936
Start,Perry Ave & 69th St,member,59,41.76929308994999,-87.6281959291
Start,Perry St & 119th St,casual,8,41.67785,-87.62519
Start,Pershing Rd & Sacramento Ave,casual,93,41.82237518505601,-87.6997518584132
Start,Pershing Rd & Sacramento Ave,member,48,41.8223772681012,-87.69975413003766
Start,Peterson/Ridge Metra,casual,1287,41.991800138376846,-87.67488973034189
Start,Peterson/Ridge Metra,member,2906,41.99180290965141,-87.67488711669066
Start,Phillips Ave & 79th St,casual,68,41.75181953800001,-87.56521076679412
Start,Phillips Ave & 79th St,member,144,41.75181992940972,-87.56521145157639
Start,Phillips Ave & 83rd St,casual,38,41.74453133660527,-87.56505923192105
Start,Phillips Ave & 83rd St,member,43,41.744531,-87.56506
Start,Pine Ave & Division St,casual,105,41.901900277409524,-87.76389103281905
Start,Pine Ave & Division St,member,88,41.9019,-87.76389
Start,Pine Grove Ave & Belmont Ave,casual,795,41.94002073157988,-87.64165977096982
Start,Pine Grove Ave & Belmont Ave,member,1205,41.940022107476345,-87.6416593291112
Start,Pine Grove Ave & Irving Park Rd,casual,4084,41.95436605518536,-87.64793287496818
Start,Pine Grove Ave & Irving Park Rd,member,10350,41.95436779230122,-87.64793748423907
Start,Pine Grove Ave & Waveland Ave,casual,4987,41.94946667876368,-87.64645091935455
Start,Pine Grove Ave & Waveland Ave,member,12974,41.949445003534905,-87.64645769351587
Start,Pine Grove Ave & Wellington Ave,casual,2139,41.936510821846035,-87.64120688216909
Start,Pine Grove Ave & Wellington Ave,member,4118,41.93651105989364,-87.6412087560335
Start,Ping Tom Park (East),casual,102,41.85800660256862,-87.63195085529412
Start,Ping Tom Park (East),member,113,41.85799827375221,-87.63194671023895
Start,Ping Tom Park East Public Rack,casual,120,41.85799833724166,-87.63194714693333
Start,Ping Tom Park East Public Rack,member,124,41.857995347884405,-87.6319468209785
Start,Portage Park,casual,227,41.95606963717181,-87.76471907015859
Start,Portage Park,member,162,41.956069428123456,-87.7647186974074
Start,Prairie Ave & 43rd St,casual,378,41.81665910875248,-87.61941312070583
Start,Prairie Ave & 43rd St,member,329,41.81665909754212,-87.61941269102188
Start,Prairie Ave & Garfield Blvd,casual,619,41.7948528634685,-87.61869182347012
Start,Prairie Ave & Garfield Blvd,member,815,41.794852488635584,-87.6186926790908
Start,Princeton Ave & 47th St,casual,252,41.809317910740155,-87.63344947435317
Start,Princeton Ave & 47th St,member,286,41.809318043068956,-87.63344960597551
Start,Princeton Ave & 95th St,casual,62,41.72174844201613,-87.63075130941937
Start,Princeton Ave & 95th St,member,11,41.72175,-87.63075
Start,Princeton Ave & Garfield Blvd,casual,153,41.79498107529411,-87.63312365775163
Start,Princeton Ave & Garfield Blvd,member,224,41.79498175141964,-87.63312406750447
Start,Prospect Sq & 91st St,casual,97,41.7282338,-87.6675239
Start,Prospect Sq & 91st St,member,44,41.7282338,-87.6675239
Start,Public Rack - 10101 S Stony Island Ave,member,1,41.70838,-87.581455
Start,Public Rack - 111th St - Morgan Park Metra,casual,3,41.69281471,-87.67059139233334
Start,Public Rack - 111th St - Morgan Park Metra,member,7,41.69280743,-87.67057365000001
Start,Public Rack - 2302 S Pulaski Rd,member,3,41.849437,-87.724879
Start,Public Rack - 4810 Keeler Ave,casual,7,41.9685781,-87.73303580000001
Start,Public Rack - 4810 Keeler Ave,member,13,41.96854950815385,-87.73303900992308
Start,Public Rack - 532 E 43rd St,casual,16,41.8168122081875,-87.61318528312499
Start,Public Rack - 532 E 43rd St,member,26,41.81683884992307,-87.61327096549999
Start,Public Rack - 56th St & Mulligan Ave,casual,3,41.7905068,-87.7799326
Start,Public Rack - 56th St & Mulligan Ave,member,1,41.7905068,-87.7799326
Start,Public Rack - 61st St & Melvina Ave,member,2,41.780658,-87.776651
Start,Public Rack - 63rd Pl & Narraganssett Ave,casual,10,41.776584788499996,-87.78207759930001
Start,Public Rack - 63rd Pl & Narraganssett Ave,member,3,41.7765858,-87.78207530000002
Start,Public Rack - 63rd St & Meade Ave,member,1,41.778672,-87.7748374
Start,Public Rack - 63rd St and Nagle Ave,casual,4,41.7776014,-87.7822158
Start,Public Rack - 63rd St and Nagle Ave,member,2,41.7776014,-87.7822158
Start,Public Rack - 63rd St and Natoma Ave,casual,1,41.777927,-87.7875789
Start,Public Rack - 63rd St and Natoma Ave,member,1,41.777927,-87.7875789
Start,Public Rack - 83rd Pl & Kedzie Ave N,casual,1,41.7417227,-87.702287
Start,Public Rack - 85th Pl & Pulaski Rd,casual,3,41.737389,-87.721334
Start,Public Rack - 85th Pl & Pulaski Rd,member,1,41.737389,-87.721334
Start,Public Rack - Ada St & 119th St,casual,1,41.677326,-87.654473
Start,Public Rack - Al Raby School,casual,2,41.886167,-87.714711
Start,Public Rack - Al Raby School,member,1,41.886167,-87.714711
Start,Public Rack - Albany Ave & 103rd St,casual,2,41.706747,-87.700047
Start,Public Rack - Albany Ave & 103rd St,member,1,41.706747,-87.700047
Start,Public Rack - Albany Ave & 63rd St,casual,2,41.778917736,-87.700646283
Start,Public Rack - Archer Park,casual,1,41.803822,-87.73551
Start,Public Rack - Ashland Ave & 45th St,casual,1,41.811958,-87.664862
Start,Public Rack - Ashland Ave & 45th St,member,1,41.811958,-87.664862
Start,Public Rack - Ashland Ave & 45th St  S,member,1,41.811169,-87.66474
Start,Public Rack - Ashland Ave & 46th St,casual,4,41.810537,-87.665404
Start,Public Rack - Ashland Ave & 46th St,member,2,41.810537,-87.665404
Start,Public Rack - Ashland Ave & 63rd St,casual,1,41.779127,-87.664039
Start,Public Rack - Ashland Ave & 63rd St,member,4,41.779127,-87.664039
Start,Public Rack - Ashland Ave & 71st St,casual,6,41.76577,-87.66433
Start,Public Rack - Ashland Ave & 71st St,member,3,41.76577,-87.66433
Start,Public Rack - Ashland Ave & 73rd St,casual,1,41.760817,-87.663499
Start,Public Rack - Ashland Ave & 73rd St,member,1,41.760817,-87.663499
Start,Public Rack - Ashland Ave & 74th St,casual,1,41.759735,-87.663736
Start,Public Rack - Ashland Ave & 76th St,casual,1,41.75596,-87.66391
Start,Public Rack - Ashland Ave & 76th St,member,2,41.75596,-87.66391
Start,Public Rack - Ashland Ave & 83rd St,casual,1,41.742715,-87.663551
Start,Public Rack - Ashland Ave & 83rd St,member,4,41.742715,-87.663551
Start,Public Rack - Ashland Ave & 91st St,member,1,41.728271,-87.662673
Start,Public Rack - Ashland Orange Line CTA,casual,110,41.839229139536364,-87.66564066406364
Start,Public Rack - Ashland Orange Line CTA,member,80,41.83922787235001,-87.6656416043875
Start,Public Rack - Austin & 62nd,member,1,41.77966,-87.771414
Start,Public Rack - Austin & Higgins,member,2,41.973152,-87.77791
Start,Public Rack - Austin Ave & Archer Ave,casual,1,41.794209,-87.7716154
Start,Public Rack - Austin Ave & Archer Ave,member,2,41.794248102500006,-87.77156455
Start,Public Rack - Austin Ave & Roscoe St,casual,5,41.942196,-87.77647199999998
Start,Public Rack - Austin Ave & Roscoe St,member,4,41.942196,-87.776472
Start,Public Rack - Austin Ave & Wellington Ave,casual,5,41.9352453,-87.776052
Start,Public Rack - Austin Ave & Wellington Ave,member,2,41.9352453,-87.776052
Start,Public Rack - Austin Ave & Wrightwood Ave,casual,1,41.927666,-87.775682
Start,Public Rack - Austin Ave & Wrightwood Ave,member,6,41.927666,-87.775682
Start,Public Rack - Austin Blvd & North Ave,casual,12,41.909281,-87.775613
Start,Public Rack - Austin Blvd & North Ave,member,5,41.909281,-87.775613
Start,Public Rack - Austin Branch Chicago Public Library,casual,1,41.889161,-87.765738
Start,Public Rack - Austin Branch Chicago Public Library,member,1,41.889161,-87.765738
Start,Public Rack - Ave N & 106th St,casual,3,41.70263926966667,-87.53887471466668
Start,Public Rack - Avenue M & 132nd St,casual,5,41.655692,-87.537595
Start,Public Rack - Avers & Granville,casual,3,41.993947,-87.725095
Start,Public Rack - Avers & Granville,member,8,41.993947,-87.725095
Start,Public Rack - Avers & Lawrence,casual,10,41.96842,-87.72446
Start,Public Rack - Avers & Lawrence,member,40,41.968408066325004,-87.7244649953
Start,Public Rack - Avers Ave & Irving Park Rd,casual,28,41.95377930132143,-87.72416938399999
Start,Public Rack - Avers Ave & Irving Park Rd,member,56,41.95378880530952,-87.72416947091071
Start,Public Rack - Avers Ave & Ogden Ave,casual,12,41.852642,-87.72103
Start,Public Rack - Avers Ave & Ogden Ave,member,6,41.852642,-87.72103
Start,Public Rack - Avondale Ave & Addison St,casual,47,41.94654839725532,-87.7198292636383
Start,Public Rack - Avondale Ave & Addison St,member,32,41.94655617459375,-87.71983857575
Start,Public Rack - Back of the Yards Park,casual,1,41.804381,-87.657742
Start,Public Rack - Baltimore Ave & 132nd St,casual,1,41.655201,-87.546942
Start,Public Rack - Bell Ave & 95th St,casual,1,41.721188,-87.678786
Start,Public Rack - Bell Ave & 95th St,member,2,41.721188,-87.678786
Start,Public Rack - Bensley Ave & 103rd St,casual,1,41.7084,-87.56319
Start,Public Rack - Bensley Ave & 103rd St,member,2,41.7084,-87.56319
Start,Public Rack - Bernard St & Foster Ave,casual,6,41.9756353,-87.71267619999999
Start,Public Rack - Bernard St & Foster Ave,member,17,41.9756353,-87.7126762
Start,Public Rack - Bishop St & 46th St,member,7,41.80994,-87.661522
Start,Public Rack - Bradley Park,member,1,41.718353,-87.564459
Start,Public Rack - Brandon Ave & 91st St,casual,1,41.730218,-87.546758
Start,Public Rack - Brandon Ave & 91st St,member,5,41.730218,-87.546758
Start,Public Rack - Brooks Park,casual,2,42.0044152,-87.8070628
Start,Public Rack - Brooks Park,member,1,42.0044152,-87.8070628
Start,Public Rack - Bryn Mawr Ave & Milwaukee Ave,casual,3,41.982934,-87.774434
Start,Public Rack - Bryn Mawr Ave & Milwaukee Ave,member,5,41.982934,-87.774434
Start,Public Rack - Bryn Mawr Ave & Spaulding Ave,casual,17,41.983093557529415,-87.71158429364705
Start,Public Rack - Bryn Mawr Ave & Spaulding Ave,member,54,41.98309099753704,-87.71158308083334
Start,Public Rack - Buffalo Ave & 89th St,member,1,41.73341,-87.54454
Start,Public Rack - Burling Ave & Armitage Ave,casual,77,41.91814237144156,-87.64712471906493
Start,Public Rack - Burling Ave & Armitage Ave,member,105,41.91814470795238,-87.64713989446666
Start,Public Rack - Burnham Shores Park,casual,8,42.040355900125,-87.670228717
Start,Public Rack - Burnham Shores Park,member,3,42.0403187,-87.6702221
Start,Public Rack - Burnside Academy,member,1,41.728525,-87.608231
Start,Public Rack - California & 71st,member,1,41.764618,-87.693452
Start,Public Rack - California & 82nd,member,1,41.745283,-87.692588
Start,Public Rack - California & 87th,casual,2,41.73569,-87.692172
Start,Public Rack - California & 87th,member,6,41.73569,-87.69217199999999
Start,Public Rack - California Ave & Cortez St,casual,100,41.90011524484001,-87.69681473424
Start,Public Rack - California Ave & Cortez St,member,196,41.90011325643367,-87.69681561086733
Start,Public Rack - California Ave & Devon Ave - NE,casual,5,41.99826,-87.69948100000002
Start,Public Rack - California Ave & Devon Ave - NE,member,26,41.99825669207693,-87.69951461365386
Start,Public Rack - California Ave & Devon Ave - NW,casual,6,41.998481,-87.69985000000001
Start,Public Rack - California Ave & Devon Ave - NW,member,12,41.998481,-87.69985000000001
Start,Public Rack - California Ave & Ogden Ave,casual,28,41.86085907075,-87.6956865245
Start,Public Rack - California Ave & Ogden Ave,member,13,41.86086024715384,-87.6956875436923
Start,Public Rack - California Ave & Pershing Rd,casual,12,41.822641900583335,-87.69501658033334
Start,Public Rack - California Ave & Pershing Rd,member,46,41.822632,-87.695024
Start,Public Rack - California Ave & Touhy Ave - NW,casual,4,42.012177,-87.699865
Start,Public Rack - California Ave & Touhy Ave - NW,member,3,42.012177,-87.699865
Start,Public Rack - California Ave & Touhy Ave - SW,casual,8,42.011867,-87.700407
Start,Public Rack - California Ave & Touhy Ave - SW,member,15,42.01186700000001,-87.700407
Start,Public Rack - California Ave & Touhy Ave - midblock,casual,2,42.012207,-87.700474
Start,Public Rack - California Ave & Touhy Ave - midblock,member,5,42.012207,-87.700474
Start,Public Rack - Calumet Ave & 51st St,casual,8,41.802221,-87.618457
Start,Public Rack - Calumet Ave & 51st St,member,8,41.802221,-87.618457
Start,Public Rack - Campbell Ave & Pratt Blvd,casual,28,42.005070377892864,-87.69263937853573
Start,Public Rack - Campbell Ave & Pratt Blvd,member,82,42.00507238858537,-87.69263920936586
Start,Public Rack - Canfield & Victoria,casual,6,41.985067,-87.823171
Start,Public Rack - Canfield & Victoria,member,3,41.985067,-87.823171
Start,Public Rack - Carpenter St & Madison St,casual,158,41.88161168708861,-87.65350628032911
Start,Public Rack - Carpenter St & Madison St,member,309,41.88161097160518,-87.65350981895469
Start,Public Rack - Centennial Park North,casual,64,42.048514092421875,-87.673624702
Start,Public Rack - Centennial Park North,member,21,42.04851308952381,-87.67362735685714
Start,Public Rack - Centennial Park South,casual,36,42.046487791222226,-87.67323779366667
Start,Public Rack - Centennial Park South,member,10,42.0464879,-87.6732393
Start,Public Rack - Central & Berteau,casual,1,41.95689,-87.767329
Start,Public Rack - Central & Berteau,member,2,41.95689,-87.767329
Start,Public Rack - Central & Leland,casual,22,41.96540559663636,-87.76733908045456
Start,Public Rack - Central & Leland,member,44,41.96540679634091,-87.76733779686364
Start,Public Rack - Central & Prescott,casual,16,41.9927972656875,-87.76559111225
Start,Public Rack - Central & Prescott,member,4,41.992797496,-87.76559172675
Start,Public Rack - Central Ave & Adams St,casual,1,41.878264,-87.764886
Start,Public Rack - Central Ave & Corcoran Pl,casual,7,41.887338828999994,-87.76510395857143
Start,Public Rack - Central Ave & Corcoran Pl,member,3,41.887342,-87.765041
Start,Public Rack - Central Ave & George St,casual,1,41.9326579,-87.7662058
Start,Public Rack - Central Ave & George St,member,2,41.9326579,-87.7662058
Start,Public Rack - Central Ave & Lawrence Ave,casual,20,41.96788170405,-87.7675960408
Start,Public Rack - Central Ave & Lawrence Ave,member,35,41.9678641,-87.7675931
Start,Public Rack - Central Ave & North Ave,casual,1,41.909414,-87.765817
Start,Public Rack - Central Ave & North Ave,member,6,41.909414,-87.76581700000001
Start,Public Rack - Central Ave & Pensacola Ave,casual,5,41.9600246,-87.7671371
Start,Public Rack - Central Ave & Pensacola Ave,member,18,41.960012447,-87.76714698500001
Start,Public Rack - Central Park & Bryn Mawr,casual,2,41.982873,-87.719594
Start,Public Rack - Central Park & Bryn Mawr,member,15,41.98286714093333,-87.71959335666666
Start,Public Rack - Central Park & Peterson,casual,11,41.990093,-87.718753
Start,Public Rack - Central Park & Peterson,member,56,41.990093,-87.718753
Start,Public Rack - Central Park Ave & 16th St,casual,1,41.858938,-87.7157269
Start,Public Rack - Central Park Ave & 16th St,member,2,41.858938,-87.7157269
Start,Public Rack - Central Park Ave & Fillmore St,casual,5,41.8680617,-87.7153897
Start,Public Rack - Central Park Ave & Fillmore St,member,8,41.8680617,-87.7153897
Start,Public Rack - Central Park Ave & Fulton Blvd,casual,5,41.8861512,-87.7155114
Start,Public Rack - Central Park Ave & Fulton Blvd,member,5,41.8861512,-87.7155114
Start,Public Rack - Central Park Ave & Ogden Ave,member,1,41.8543385,-87.7151584
Start,Public Rack - Champlain Ave & 65th St,casual,36,41.775904,-87.609301
Start,Public Rack - Champlain Ave & 65th St,member,13,41.775904,-87.60930099999999
Start,Public Rack - Chappel Ave & 71st St,casual,9,41.766366,-87.575287
Start,Public Rack - Chappel Ave & 71st St,member,1,41.766366,-87.575287
Start,Public Rack - Chase Ave & Touhy Ave - NE,casual,4,42.014539,-87.6901359
Start,Public Rack - Chase Ave & Touhy Ave - NE,member,11,42.014539000000006,-87.6901359
Start,Public Rack - Chase Ave & Touhy Ave - NW,casual,2,42.014271,-87.690408
Start,Public Rack - Chase Ave & Touhy Ave - NW,member,4,42.014271,-87.690408
Start,Public Rack - Chopin Park,casual,3,41.94271401933333,-87.76185524833333
Start,Public Rack - Chopin Park,member,2,41.942675,-87.761899
Start,Public Rack - Christiana & Lincoln,casual,7,41.99345999999999,-87.71273399999998
Start,Public Rack - Christiana & Lincoln,member,23,41.99346334043478,-87.712730252
Start,Public Rack - Christiana Ave & 111th St,member,1,41.69137,-87.704809
Start,Public Rack - Christiana Ave & 55th St,casual,8,41.793307,-87.707702
Start,Public Rack - Christiana Ave & 55th St,member,1,41.793307,-87.707702
Start,Public Rack - Christiana Ave & Archer Ave,casual,1,41.81175,-87.707577
Start,Public Rack - Christiana Ave & Belmont Ave,casual,169,41.93917045363313,-87.71169876597043
Start,Public Rack - Christiana Ave & Belmont Ave,member,224,41.939168819191956,-87.71170321285267
Start,Public Rack - Christiana Ave & Bryn Mawr Ave,casual,2,41.982838,-87.71233
Start,Public Rack - Christiana Ave & Bryn Mawr Ave,member,9,41.98286337277778,-87.71234672544443
Start,Public Rack - Christiana Ave & Lawrence Ave,casual,3,41.96848305966667,-87.71264188033332
Start,Public Rack - Christiana Ave & Lawrence Ave,member,7,41.968547,-87.712582
Start,Public Rack - Cicero & 64th,casual,7,41.77642039814286,-87.742398884
Start,Public Rack - Cicero & 64th,member,4,41.77643,-87.742389
Start,Public Rack - Cicero & Rosemont,casual,1,41.995567,-87.74864
Start,Public Rack - Cicero & Rosemont,member,2,41.995567,-87.74864
Start,Public Rack - Cicero Ave & Altgeld St,casual,1,41.925734,-87.746414
Start,Public Rack - Cicero Ave & Altgeld St,member,2,41.925742962499996,-87.7464499745
Start,Public Rack - Cicero Ave & Belle Plaine Ave,casual,63,41.9556330275873,-87.74751676487301
Start,Public Rack - Cicero Ave & Belle Plaine Ave,member,39,41.95563048510256,-87.74751661766666
Start,Public Rack - Cicero Ave & Cortland St - midblock,casual,1,41.91582,-87.746074
Start,Public Rack - Cicero Ave & Cortland St - midblock,member,10,41.91582,-87.746074
Start,Public Rack - Cicero Ave & North Ave,casual,7,41.90936325528571,-87.745835997
Start,Public Rack - Cicero Ave & North Ave,member,14,41.90934739635714,-87.74583968928572
Start,Public Rack - Cicero Ave & Roscoe St,casual,2,41.9424235,-87.74713
Start,Public Rack - Cicero Ave & Roscoe St,member,8,41.94244137675,-87.747138766375
Start,Public Rack - Cicero Ave & Wellington Ave,casual,2,41.935779,-87.746581
Start,Public Rack - Cicero Ave & Wellington Ave,member,2,41.935779,-87.746581
Start,Public Rack - Cicero Ave & Wrightwood Ave,member,6,41.927944,-87.7466394
Start,Public Rack - Clark Square Park,casual,7,42.03212052528571,-87.669982622
Start,Public Rack - Clark Square Park,member,4,42.0321198,-87.6699877
Start,Public Rack - Clark St & Diversey Pkwy (North 1),casual,214,41.933188326481314,-87.6452892542243
Start,Public Rack - Clark St & Diversey Pkwy (North 1),member,300,41.93318786950667,-87.64528887551333
Start,Public Rack - Clark St & Diversey Pkwy (North 2),casual,236,41.93333885145339,-87.64542213980509
Start,Public Rack - Clark St & Diversey Pkwy (North 2),member,565,41.93334036015221,-87.64542365499823
Start,Public Rack - Clark St & Diversey Pkwy (South),casual,229,41.93257066925764,-87.64478269344542
Start,Public Rack - Clark St & Diversey Pkwy (South),member,353,41.93256556597167,-87.64478412340604
Start,Public Rack - Clark St & Oak St,casual,66,41.90109512015152,-87.63147023993939
Start,Public Rack - Clark St & Oak St,member,167,41.90108835234131,-87.63147066411976
Start,Public Rack - Clifton Ave & Armitage Ave,casual,54,41.91800358,-87.65627483
Start,Public Rack - Clifton Ave & Armitage Ave,member,103,41.91800813283495,-87.65626770287379
Start,Public Rack - Clifton Ave & Webster Ave,casual,42,41.921536079999996,-87.65719604
Start,Public Rack - Clifton Ave & Webster Ave,member,60,41.92153681553334,-87.65719430971667
Start,Public Rack - Clybourn Ave & Dickens Ave,casual,104,41.91908042990384,-87.66107159872116
Start,Public Rack - Clybourn Ave & Dickens Ave,member,281,41.91907945518505,-87.66107405617082
Start,Public Rack - Clybourn Ave & Webster Ave,casual,489,41.92155270533742,-87.66449483800818
Start,Public Rack - Clybourn Ave & Webster Ave,member,461,41.92155299736876,-87.66449730484165
Start,Public Rack - Columbus & 79th,casual,1,41.749218,-87.704409
Start,Public Rack - Commercial Ave & 89th St,casual,1,41.733543,-87.551152
Start,Public Rack - Commercial Ave & 89th St,member,2,41.733543,-87.551152
Start,Public Rack - Corliss Ave & 103rd St,member,1,41.707622,-87.60355
Start,Public Rack - Cottage Grove & 84th St,casual,2,41.741957,-87.604839
Start,Public Rack - Cottage Grove & 85th St,casual,1,41.740086,-87.604743
Start,Public Rack - Cottage Grove & 86th St,member,5,41.7383621592,-87.6048042218
Start,Public Rack - Cottage Grove Ave & 75th St,member,1,41.758739,-87.605769
Start,Public Rack - Cottage Grove Ave & 87th St,casual,1,41.736448,-87.60616
Start,Public Rack - Cottage Grove Ave & 89th Pl,member,1,41.731767,-87.604899
Start,Public Rack - Cottage Grove Ave & 92nd St,casual,1,41.727319,-87.604787
Start,Public Rack - Cottage Grove Ave & 92nd St,member,4,41.727319,-87.604787
Start,Public Rack - Cottage Grove Ave & 98th St,casual,1,41.716172,-87.60435
Start,Public Rack - Cottage Grove Ave & 98th St,member,1,41.716172,-87.60435
Start,Public Rack - Crandon Ave & 80th St,member,1,41.749519,-87.568831
Start,Public Rack - Cumberland & Catherine,casual,2,41.977363,-87.836748
Start,Public Rack - Damen & 87th,member,1,41.736037,-87.672691
Start,Public Rack - Damen Ave & 47th St,casual,4,41.80885176,-87.67509871
Start,Public Rack - Damen Ave & 47th St,member,1,41.808884,-87.67513
Start,Public Rack - Damen Ave & Division St,casual,102,41.90328034686274,-87.6762257879902
Start,Public Rack - Damen Ave & Division St,member,191,41.903279322842934,-87.67622465043979
Start,Public Rack - Dawes Park North,casual,4,42.0447387,-87.6731301
Start,Public Rack - Dawes Park North,member,3,42.0447387,-87.6731301
Start,Public Rack - Dawes Park South,casual,12,42.0427478,-87.6717642
Start,Public Rack - Dawes Park South,member,10,42.0427478,-87.6717642
Start,Public Rack - Dearborn St & Jackson Ave,casual,114,41.87803472231579,-87.62939023900877
Start,Public Rack - Dearborn St & Jackson Ave,member,162,41.87803063188889,-87.6293999611605
Start,Public Rack - Dearborn St & Kinzie St 1,casual,571,41.88907880268827,-87.6294893102767
Start,Public Rack - Dearborn St & Kinzie St 1,member,669,41.88907288439013,-87.62950170064722
Start,Public Rack - Dearborn St & Kinzie St 2,casual,217,41.88931337549309,-87.62938800418893
Start,Public Rack - Dearborn St & Kinzie St 2,member,210,41.889318725914286,-87.62940216963968
Start,Public Rack - Dearborn St & Superior St,casual,147,41.89571925870522,-87.62953793919955
Start,Public Rack - Dearborn St & Superior St,member,261,41.895727176314175,-87.62953709880844
Start,Public Rack - Delphina & Foster,casual,5,41.9736068068,-87.8410920436
Start,Public Rack - Delphina & Foster,member,22,41.9736,-87.841098
Start,Public Rack - Desplaines St & Fulton St,casual,125,41.886889196432,-87.643416145816
Start,Public Rack - Desplaines St & Fulton St,member,382,41.88688855239442,-87.64340864879145
Start,Public Rack - Devon Ave & Central Ave,casual,2,41.997463,-87.764063
Start,Public Rack - Devon Ave & Central Ave,member,3,41.997463,-87.76406300000001
Start,Public Rack - Devon Ave & Kinzua Ave,member,1,41.997467875,-87.764668345
Start,Public Rack - Devon Ave & Minnehaha Ave (east),member,1,41.9974341,-87.7628164
Start,Public Rack - Devon Ave & Minnehaha Ave (west),casual,1,41.997384,-87.763064
Start,Public Rack - Division St & Christiana Ave,casual,7,41.90254,-87.71085000000001
Start,Public Rack - Division St & Christiana Ave,member,4,41.90254,-87.71085
Start,Public Rack - Drake Ave & Leland Ave,casual,32,41.96598518434375,-87.71688066315625
Start,Public Rack - Drake Ave & Leland Ave,member,234,41.96598601155983,-87.71687968646582
Start,Public Rack - DuSable Lake Shore Dr & Ontario St,casual,197,41.894347219538076,-87.61568626331471
Start,Public Rack - DuSable Lake Shore Dr & Ontario St,member,243,41.894345485,-87.61568704475307
Start,Public Rack - East End Ave & 75th St,member,1,41.75893,-87.582861
Start,Public Rack - East End Ave & 87th St,casual,2,41.737054,-87.583998
Start,Public Rack - East End Ave & 87th St,member,1,41.737054,-87.583998
Start,Public Rack - Eberhart Ave & 61st St,casual,25,41.783744999999996,-87.612919
Start,Public Rack - Eberhart Ave & 61st St,member,10,41.783745,-87.612919
Start,Public Rack - Eggleston Ave & 92nd St,member,1,41.726182,-87.63466
Start,Public Rack - Eli Whitney Public School,casual,3,41.840249,-87.72547200000001
Start,Public Rack - Eli Whitney Public School,member,3,41.840249,-87.72547200000001
Start,Public Rack - Elliott Park,casual,5,42.0377042,-87.6701174
Start,Public Rack - Elliott Park,member,2,42.0377042,-87.6701174
Start,Public Rack - Elston Ave & Gunnison St,casual,1,41.9685781,-87.7405685
Start,Public Rack - Elston Ave & Gunnison St,member,5,41.9685542344,-87.74054401819998
Start,Public Rack - Elston Ave & Kenneth Ave,member,4,41.9676176,-87.7395673
Start,Public Rack - Emerald Ave & 43rd St,casual,51,41.81642711741176,-87.64474900592157
Start,Public Rack - Emerald Ave & 43rd St,member,87,41.81643,-87.644754
Start,Public Rack - Emerald Ave & 45th St,casual,7,41.81238902528571,-87.64460398885714
Start,Public Rack - Emerald Ave & 45th St,member,18,41.812381,-87.644633
Start,Public Rack - Evans Ave & 63rd St,casual,11,41.780506,-87.607519
Start,Public Rack - Evans Ave & 63rd St,member,18,41.780506,-87.60751899999998
Start,Public Rack - Ewing Ave & 101st St,casual,1,41.7117328,-87.5350591
Start,Public Rack - Ewing Ave & 102nd St,casual,1,41.709948,-87.535365
Start,Public Rack - Ewing Ave & 106th St,casual,1,41.7024928,-87.5351313
Start,Public Rack - Ewing Ave & 107th St,casual,8,41.700378,-87.535276
Start,Public Rack - Ewing Ave & 112th St,casual,1,41.691979,-87.534912
Start,Public Rack - Ewing Ave & 99th St,casual,1,41.7159614,-87.5351111
Start,Public Rack - Ewing Ave & 99th St,member,5,41.7159614,-87.5351111
Start,Public Rack - Ewing Ave & Indianapolis Ave,casual,2,41.712353,-87.53545
Start,Public Rack - Ewing Ave & Indianapolis Ave,member,12,41.712353,-87.53545000000001
Start,Public Rack - Exchange Ave & 73rd Pl,casual,2,41.76261263,-87.56381871
Start,Public Rack - Exchange Ave & 73rd Pl,member,4,41.76261263,-87.56381871
Start,Public Rack - Fairfield Ave & 63rd St,casual,1,41.77926,-87.692703
Start,Public Rack - Ford City Mall,casual,11,41.75715400000001,-87.74140899999999
Start,Public Rack - Ford City Mall,member,3,41.757154,-87.74140900000002
Start,Public Rack - Forest Glen & Peterson,casual,2,41.98986,-87.742921
Start,Public Rack - Forest Glen & Peterson,member,4,41.98986,-87.742921
Start,Public Rack - Forest Glen Station ,casual,25,41.97870953204,-87.75552404612
Start,Public Rack - Forest Glen Station ,member,41,41.97870792919512,-87.75552826412195
Start,Public Rack - Forrestville Ave & 47th St,casual,2,41.809360375500006,-87.61291956950001
Start,Public Rack - Forrestville Ave & 47th St,member,6,41.809336232166665,-87.61290347616666
Start,Public Rack - Foster Ave & Drake Ave,casual,8,41.975568519625,-87.717401490875
Start,Public Rack - Foster Ave & Drake Ave,member,215,41.975563,-87.717352
Start,Public Rack - Francisco Ave & Touhy Ave,member,2,42.011865,-87.701317
Start,Public Rack - Franklin Park,member,1,41.861493,-87.733404
Start,Public Rack - Fullerton Ave & Lavergne Ave,casual,1,41.92398,-87.75195
Start,Public Rack - Fullerton Ave & Lavergne Ave,member,1,41.92398,-87.75195
Start,Public Rack - Fullerton Ave & Narragansett Ave,casual,10,41.923739,-87.78583499999999
Start,Public Rack - Fullerton Ave & Narragansett Ave,member,24,41.92374369652777,-87.78583245763889
Start,Public Rack - Garden Park,casual,5,42.0294792,-87.6688705
Start,Public Rack - Garden Park,member,13,42.0294792,-87.6688705
Start,Public Rack - Garfield Park Conservatory,casual,17,41.88658,-87.716646
Start,Public Rack - Garfield Park Conservatory,member,20,41.88658,-87.716646
Start,Public Rack - Grand Ave & North Ave,casual,1,41.909614,-87.734722
Start,Public Rack - Green St & 103rd St,casual,1,41.70665,-87.643422
Start,Public Rack - Greenwood Ave & Lake Park Ave,casual,20,41.8173548482,-87.59957031935001
Start,Public Rack - Greenwood Ave & Lake Park Ave,member,39,41.81734230225641,-87.59956860538462
Start,Public Rack - Haft Ave & Milwaukee Ave,casual,2,41.9955785,-87.7863994
Start,Public Rack - Haft Ave & Milwaukee Ave,member,2,41.9955785,-87.7863994
Start,Public Rack - Hale Ave & 111th St,casual,1,41.691801,-87.671351
Start,Public Rack - Hale Ave & 111th St,member,1,41.691801,-87.671351
Start,Public Rack - Halsted St & 102nd St,casual,7,41.70794,-87.643177
Start,Public Rack - Halsted St & 102nd St,member,2,41.70794,-87.643177
Start,Public Rack - Halsted St & 109th St,casual,2,41.695655,-87.642804
Start,Public Rack - Halsted St & 109th St,member,1,41.695655,-87.642804
Start,Public Rack - Halsted St & 111th St,casual,4,41.691838,-87.642747
Start,Public Rack - Halsted St & 113th St,casual,2,41.68851,-87.642512
Start,Public Rack - Halsted St & 41st St,casual,3,41.820147,-87.64568000000001
Start,Public Rack - Halsted St & 63rd St,casual,2,41.779945,-87.641378
Start,Public Rack - Halsted St & 63rd St,member,7,41.779945,-87.641378
Start,Public Rack - Halsted St & 64th St,member,2,41.777436,-87.644535
Start,Public Rack - Halsted St & 80th St,casual,1,41.748175,-87.644238
Start,Public Rack - Halsted St & 94th St,member,1,41.723442,-87.643612
Start,Public Rack - Halsted St & 95th St - SE,casual,3,41.721004,-87.643031
Start,Public Rack - Halsted St & 95th St - SE,member,3,41.721004,-87.643031
Start,Public Rack - Halsted St & 95th St - SW,casual,3,41.72085097466667,-87.64339833666666
Start,Public Rack - Halsted St & 95th St - SW,member,1,41.720964,-87.643447
Start,Public Rack - Halsted St & Fullerton Ave,casual,223,41.925544561170405,-87.64780898996412
Start,Public Rack - Halsted St & Fullerton Ave,member,296,41.92554425665203,-87.64781771210811
Start,Public Rack - Halsted St Metra Station,casual,140,41.860438045142864,-87.64682913353569
Start,Public Rack - Halsted St Metra Station,member,135,41.860438700681485,-87.64682663973333
Start,Public Rack - Hamilton Ave & 95th St,casual,5,41.720832,-87.676382
Start,Public Rack - Hamlin Ave & Chicago Ave,casual,3,41.895201,-87.721541
Start,Public Rack - Hamlin Ave & Chicago Ave,member,6,41.895201,-87.721541
Start,Public Rack - Hamlin Ave & Fullerton Ave,casual,109,41.924337429999994,-87.72143426465138
Start,Public Rack - Hamlin Ave & Fullerton Ave,member,149,41.924326880758386,-87.72143842486578
Start,Public Rack - Hamlin Ave & Grand Ave,casual,4,41.903738,-87.720287
Start,Public Rack - Hamlin Ave & Grand Ave,member,6,41.903728208666664,-87.720285683
Start,Public Rack - Hamlin Ave & Madison St,casual,4,41.880833,-87.720797
Start,Public Rack - Hamlin Ave & Madison St,member,7,41.880833,-87.72079700000002
Start,Public Rack - Hamlin Ave & Montrose Ave,casual,64,41.961214075468746,-87.72241723189062
Start,Public Rack - Hamlin Ave & Montrose Ave,member,225,41.961211604960006,-87.7224132111289
Start,Public Rack - Harlem & Palatine,casual,3,41.99552492633334,-87.80697829166667
Start,Public Rack - Harlem & Palatine,member,2,41.995502,-87.806967
Start,Public Rack - Harlem & Summerdale,casual,1,41.977814,-87.80681
Start,Public Rack - Harlem & Summerdale,member,9,41.977814,-87.80681
Start,Public Rack - Harlem and W. 59th,member,2,41.78495,-87.8011
Start,Public Rack - Harold Washington Park,casual,67,41.801078292238806,-87.58477463589551
Start,Public Rack - Harold Washington Park,member,102,41.80107873006862,-87.58477808080391
Start,Public Rack - Harper Ave & 63rd St,casual,2,41.780728,-87.587566
Start,Public Rack - Harper Ave & 63rd St,member,4,41.78067974575001,-87.58748115725
Start,Public Rack - Harriet E Sayre Public School,casual,1,41.913547,-87.79876
Start,Public Rack - Harriet E Sayre Public School,member,4,41.913547,-87.79876
Start,Public Rack - Harvard Ave & 119th St,casual,1,41.678227,-87.630775
Start,Public Rack - Hiawatha & Mendota,casual,30,42.006990590600005,-87.77800731096667
Start,Public Rack - Hiawatha & Mendota,member,26,42.00699604369231,-87.77800930750001
Start,Public Rack - Hiawatha Ave & Minnehaha Ave,casual,1,41.9995224,-87.7604899
Start,Public Rack - Hiawatha Ave & Minnehaha Ave,member,2,41.99951694,-87.76050130499999
Start,Public Rack - Hiawatha Park,member,1,41.944068,-87.827302
Start,Public Rack - Higgins Ave & Neva Ave,casual,1,41.980540752,-87.80603075
Start,Public Rack - Higgins Ave & Neva Ave,member,3,41.980602,-87.8060476
Start,Public Rack - Holbrook St & Milwaukee Ave,member,2,41.992273,-87.783303
Start,Public Rack - Hollywood Park,casual,17,41.98929,-87.71182
Start,Public Rack - Hollywood Park,member,65,41.98929050243077,-87.71181988863077
Start,Public Rack - Homan Ave & 111th St,member,1,41.691578,-87.705842
Start,Public Rack - Homan Ave & 26th St,casual,1,41.84456,-87.710058
Start,Public Rack - Homan Ave & 26th St,member,2,41.84456,-87.710058
Start,Public Rack - Homan Ave & 62nd Pl,member,1,41.779668,-87.707834
Start,Public Rack - Homan Ave & Lake St,casual,13,41.88475073723077,-87.71132256646155
Start,Public Rack - Homan Ave & Lake St,member,14,41.88476313435714,-87.7113325532143
Start,Public Rack - Homan Ave & Roosevelt,casual,3,41.86644085033333,-87.71089880166666
Start,Public Rack - Homan Ave & Roosevelt,member,4,41.86649,-87.710786
Start,Public Rack - Homewood Ave & Monterey Ave,casual,2,41.691721895499995,-87.670230444
Start,Public Rack - Houston Ave & 131st St,casual,9,41.656960999999995,-87.548521
Start,Public Rack - Houston Ave & 91st St,casual,13,41.729964,-87.549645
Start,Public Rack - Houston Ave & 91st St,member,11,41.72997127336364,-87.54962582418182
Start,Public Rack - Hoyne Ave & 110th Pl,casual,2,41.692316872999996,-87.6739813325
Start,Public Rack - Hoyne Ave & 110th Pl,member,2,41.692458,-87.674035
Start,Public Rack - Hoyne Ave & 51st St,casual,5,41.801001,-87.676773
Start,Public Rack - Hoyne Ave & 51st St,member,1,41.801001,-87.676773
Start,Public Rack - Hoyne Ave & Grand Ave,casual,36,41.890918362777775,-87.67929203652778
Start,Public Rack - Hoyne Ave & Grand Ave,member,93,41.89090643891756,-87.67929912545878
Start,Public Rack - Hoyne Ave & Walton St,casual,67,41.89850029501493,-87.67952121588058
Start,Public Rack - Hoyne Ave & Walton St,member,256,41.89849292748047,-87.67952178066015
Start,Public Rack - Hyde Park Blvd & 53rd St,casual,67,41.7994693931791,-87.58420507946268
Start,Public Rack - Hyde Park Blvd & 53rd St,member,132,41.79947487325,-87.58421185931817
Start,Public Rack - Hyde Park Blvd & 55th St,casual,165,41.795010853533334,-87.58411002209698
Start,Public Rack - Hyde Park Blvd & 55th St,member,380,41.79500950198421,-87.5841115426421
Start,Public Rack - Imlay & Milwaukee,casual,6,41.998987375333336,-87.78956196033333
Start,Public Rack - Imlay & Milwaukee,member,8,41.998983,-87.78956
Start,Public Rack - Independence Blvd & Roosevelt,casual,11,41.866208296454545,-87.71849839727274
Start,Public Rack - Independence Blvd & Roosevelt,member,9,41.8662123,-87.7184969
Start,Public Rack - Indiana Ave & 111th St,casual,2,41.692535,-87.617711
Start,Public Rack - Indiana Ave & 111th St,member,1,41.692535,-87.617711
Start,Public Rack - Irving Park Rd & Austin Ave,casual,6,41.95314389866667,-87.777131048
Start,Public Rack - Irving Park Rd & Austin Ave,member,3,41.953123684,-87.77710511466667
Start,Public Rack - Irving Park Rd & Leclaire Ave,casual,24,41.95341925733333,-87.75484185804167
Start,Public Rack - Irving Park Rd & Leclaire Ave,member,51,41.95341380027451,-87.75484432266667
Start,Public Rack - Irving Park Rd & Melvina Ave,member,2,41.952869,-87.780728
Start,Public Rack - Irving Park Rd & Menard Ave,casual,5,41.9532339,-87.7721894
Start,Public Rack - Irving Park Rd & Menard Ave,member,3,41.9532339,-87.7721894
Start,Public Rack - Irving Park Rd & Parkside Ave,casual,6,41.9530544,-87.688832
Start,Public Rack - Irving Park Rd & Parkside Ave,member,6,41.953097339833334,-87.68879922483335
Start,Public Rack - Jeffery Blvd & 67th St,casual,13,41.773259,-87.576664
Start,Public Rack - Jeffery Blvd & 67th St,member,6,41.773259,-87.576664
Start,Public Rack - Jeffery Blvd & 81st St,member,1,41.74927751,-87.57585394
Start,Public Rack - Jeffrey Blvd & 71st St,casual,6,41.766333,-87.57615400000002
Start,Public Rack - Jeffrey Blvd & 71st St,member,17,41.766333,-87.57615399999999
Start,Public Rack - Jensen Park,casual,51,41.964864054686274,-87.7207690852549
Start,Public Rack - Jensen Park,member,153,41.9648569426732,-87.7207746418366
Start,Public Rack - Jonathan Y Scammon Public School,casual,118,41.941628750703394,-87.73241026000848
Start,Public Rack - Jonathan Y Scammon Public School,member,216,41.94164777611574,-87.7324503211111
Start,Public Rack - Justine St & 87th St,casual,15,41.736019000000006,-87.66243000000001
Start,Public Rack - Justine St & 87th St,member,169,41.73601849927219,-87.66242775435504
Start,Public Rack - Karlov Ave & 26th St,casual,2,41.844287,-87.727078
Start,Public Rack - Karlov Ave & 26th St,member,1,41.844287,-87.727078
Start,Public Rack - Karlov Ave & Kamerling Ave,casual,43,41.90562091646511,-87.72864468686046
Start,Public Rack - Karlov Ave & Kamerling Ave,member,48,41.90561963264583,-87.72864059508333
Start,Public Rack - Karlov Ave & Lawrence Ave,member,10,41.9683053,-87.7300646
Start,Public Rack - Karlov Ave & Milwaukee Ave,casual,72,41.94268950975,-87.7299899197639
Start,Public Rack - Karlov Ave & Milwaukee Ave,member,107,41.94267618583177,-87.72996903399066
Start,Public Rack - Keating & Peterson,casual,18,41.990159,-87.747183
Start,Public Rack - Keating & Peterson,member,67,41.99015908443283,-87.7471801452836
Start,Public Rack - Kedvale Ave & 26th St,casual,1,41.844265,-87.728103
Start,Public Rack - Kedvale Ave & 26th St,member,2,41.844265,-87.728103
Start,Public Rack - Kedvale Ave & 63rd St E,casual,2,41.778768,-87.725957
Start,Public Rack - Kedvale Ave & 63rd St E,member,1,41.778768,-87.725957
Start,Public Rack - Kedvale Ave & 63rd St W,casual,21,41.77874936852381,-87.72687764842857
Start,Public Rack - Kedvale Ave & 63rd St W,member,120,41.77875655818334,-87.726892671225
Start,Public Rack - Kedvale Ave & Addison St,member,2,41.947174,-87.730837
Start,Public Rack - Kedvale Ave & Avondale Ave,casual,4,41.952874,-87.731229
Start,Public Rack - Kedvale Ave & Avondale Ave,member,6,41.95288231566667,-87.73120133466666
Start,Public Rack - Kedvale Ave & Peterson Ave,member,3,41.99023843366667,-87.73233763266667
Start,Public Rack - Kedzie & 103rd St - East,member,1,41.705444,-87.701232
Start,Public Rack - Kedzie & 103rd St - W,casual,1,41.705247,-87.701424
Start,Public Rack - Kedzie & 103rd St - W,member,1,41.705247,-87.701424
Start,Public Rack - Kedzie & 73rd,casual,2,41.760696,-87.70238
Start,Public Rack - Kedzie Ave & 54th St - SE,casual,5,41.794326,-87.703471
Start,Public Rack - Kedzie Ave & 54th St - SE,member,5,41.794326,-87.703471
Start,Public Rack - Kedzie Ave & 54th St - SW,casual,2,41.795222,-87.703719
Start,Public Rack - Kedzie Ave & 58th St,casual,5,41.788310581000005,-87.7035683166
Start,Public Rack - Kedzie Ave & 58th St,member,4,41.788263,-87.703576
Start,Public Rack - Kedzie Ave & 61st Pl W,casual,2,41.78201,-87.7034
Start,Public Rack - Kedzie Ave & 61st Pl W,member,1,41.78201,-87.7034
Start,Public Rack - Kedzie Ave & 62nd Pl,casual,3,41.780148,-87.70333799999999
Start,Public Rack - Kedzie Ave & 63rd St,casual,1,41.778865,-87.703029
Start,Public Rack - Kedzie Ave & 63rd St,member,1,41.778865,-87.703029
Start,Public Rack - Kedzie Ave & 64th St - SE,casual,4,41.776985,-87.702916
Start,Public Rack - Kedzie Ave & 64th St - SE,member,3,41.776985,-87.702916
Start,Public Rack - Kedzie Ave & 64th St - SW,casual,5,41.777031,-87.703223
Start,Public Rack - Kedzie Ave & 64th St - SW,member,14,41.77703100000001,-87.703223
Start,Public Rack - Kedzie Ave & Archer Ave,casual,2,41.81359,-87.70478
Start,Public Rack - Kedzie Ave & Argyle St,casual,90,41.972091904,-87.70858108806667
Start,Public Rack - Kedzie Ave & Argyle St,member,233,41.97208680408155,-87.708576617206
Start,Public Rack - Kedzie Ave & Arthington St,casual,2,41.8700949,-87.7062429
Start,Public Rack - Kedzie Ave & Arthington St,member,2,41.8700949,-87.7062429
Start,Public Rack - Kedzie Ave & Chicago Ave,casual,22,41.895559999999996,-87.70641
Start,Public Rack - Kedzie Ave & Chicago Ave,member,26,41.89556,-87.70641
Start,Public Rack - Kedzie Ave & Pershing Rd,casual,1,41.822897,-87.704154
Start,Public Rack - Kedzie Ave & Walnut St,casual,2,41.885891,-87.706425
Start,Public Rack - Kedzie Ave & Walnut St,member,8,41.885893513375,-87.70641876524999
Start,Public Rack - Keef Ave & South Chicago Ave,casual,1,41.7707,-87.611706
Start,Public Rack - Keeler Ave & 26th St,casual,3,41.844081456666665,-87.72986924533332
Start,Public Rack - Keeler Ave & 26th St,member,2,41.844058,-87.729873
Start,Public Rack - Keeler Ave & 55th St,member,1,41.79304,-87.728214
Start,Public Rack - Kenmore Ave & Armitage Ave,casual,77,41.91820787632468,-87.65452901876624
Start,Public Rack - Kenmore Ave & Armitage Ave,member,116,41.91821220592242,-87.65452999278449
Start,Public Rack - Kenneth & Carmen,casual,28,41.97267779325,-87.73923748964285
Start,Public Rack - Kenneth & Carmen,member,50,41.9726506953,-87.73923865577999
Start,Public Rack - Kenneth Ave & 63rd St E,casual,1,41.778411,-87.733387
Start,Public Rack - Kenton & Lawrence,casual,5,41.9679890174,-87.7430841956
Start,Public Rack - Kenton & Lawrence,member,10,41.9679858258,-87.7430624613
Start,Public Rack - Kenton Ave & Palmer St,casual,11,41.9206781,-87.7419523
Start,Public Rack - Kenton Ave & Palmer St,member,4,41.9206781,-87.7419523
Start,Public Rack - Keystone Ave & Irving Park Rd,casual,84,41.95345670101191,-87.72964037152381
Start,Public Rack - Keystone Ave & Irving Park Rd,member,90,41.953449458166666,-87.72967150057778
Start,Public Rack - Keystone Ave & North Ave,casual,14,41.90965091585714,-87.72795299957144
Start,Public Rack - Keystone Ave & North Ave,member,43,41.90962666006977,-87.72795234018605
Start,Public Rack - Kilbourn Ave & Fullerton Ave,casual,2,41.924447,-87.73998
Start,Public Rack - Kilbourn Ave & Fullerton Ave,member,1,41.924447,-87.73998
Start,Public Rack - Kildare Ave & 63rd St,member,1,41.778442,-87.73047
Start,Public Rack - Kildare Ave & North Ave,casual,1,41.909866,-87.73399
Start,Public Rack - Kildare Ave & North Ave,member,7,41.909866,-87.73399000000002
Start,Public Rack - Kildare Ave & Washignton Blvd,casual,3,41.881838,-87.733661
Start,Public Rack - Kildare Ave & Washignton Blvd,member,1,41.881838,-87.733661
Start,Public Rack - Kilpatrick & Elston,casual,5,41.970024,-87.74341
Start,Public Rack - Kilpatrick & Elston,member,36,41.97002180427778,-87.74340529430555
Start,Public Rack - Kimball & Ardmore,casual,12,41.98702637008333,-87.71397091933333
Start,Public Rack - Kimball & Ardmore,member,117,41.987023233555554,-87.71396710888035
Start,Public Rack - Kimball Ave & Carmen Ave,casual,10,41.973896,-87.713297
Start,Public Rack - Kimball Ave & Carmen Ave,member,19,41.973897526,-87.7132975086842
Start,Public Rack - Kimball Ave & Lawrence Ave,casual,46,41.96791614465217,-87.71343137854348
Start,Public Rack - Kimball Ave & Lawrence Ave,member,58,41.96792132227586,-87.71343007493104
Start,Public Rack - Kimbark Ave & 67th St,casual,67,41.77404520980597,-87.59432234289552
Start,Public Rack - Kimbark Ave & 67th St,member,28,41.77404525085715,-87.59432254375
Start,Public Rack - King Dr & 115th St,casual,5,41.685267029600006,-87.613383712
Start,Public Rack - King Dr & 115th St,member,3,41.685239,-87.61341799999998
Start,Public Rack - King Dr & 71st St,casual,2,41.765862,-87.614787
Start,Public Rack - King Dr & Oakwood Blvd,member,17,41.822827,-87.616486
Start,Public Rack - Kingsbury Ave & Blackhawk St,casual,393,41.90821777921629,-87.65166648816793
Start,Public Rack - Kingsbury Ave & Blackhawk St,member,769,41.90821382419246,-87.65167056185696
Start,Public Rack - Kingsbury Ave & Eastman St,casual,215,41.90687815418139,-87.6508815646279
Start,Public Rack - Kingsbury Ave & Eastman St,member,493,41.90687573231846,-87.65088060296146
Start,Public Rack - Kingston Ave & 75th St,member,7,41.75892293057143,-87.56218363171429
Start,Public Rack - Kinzua Ave & Devon Ave,member,3,41.9979207,-87.7653719
Start,Public Rack - Kolin Ave & Archer Ave,casual,4,41.8005057405,-87.73176832
Start,Public Rack - Komensky Ave & 26th St,member,2,41.844168,-87.726317
Start,Public Rack - Komensky Ave & 59th St,casual,9,41.786049,-87.723645
Start,Public Rack - Komensky Ave & 59th St,member,15,41.786049,-87.723645
Start,Public Rack - Komensky Ave & 63rd St,casual,7,41.77881256328572,-87.72360638485713
Start,Public Rack - Komensky Ave & 63rd St,member,10,41.77882000000001,-87.723599
Start,Public Rack - Kostner & Bryn Mawr,casual,5,41.982796193599995,-87.7375817826
Start,Public Rack - Kostner & Bryn Mawr,member,1,41.982741,-87.737548
Start,Public Rack - Kostner & Peterson,casual,3,41.98993,-87.73796699999998
Start,Public Rack - Kostner & Peterson,member,7,41.98993,-87.737967
Start,Public Rack - Kostner Ave & 16th St,casual,1,41.8588018,-87.7343019
Start,Public Rack - Kostner Ave & 16th St,member,2,41.8588018,-87.7343019
Start,Public Rack - Kostner Ave & Armitage Ave,casual,23,41.91721051004348,-87.73614098947826
Start,Public Rack - Kostner Ave & Armitage Ave,member,16,41.917211,-87.736136
Start,Public Rack - Kostner Ave & Diversey Ave,casual,5,41.931803,-87.737285
Start,Public Rack - Kostner Ave & Diversey Ave,member,5,41.931803,-87.737285
Start,Public Rack - Kostner Ave & North Ave,casual,20,41.908816,-87.736463
Start,Public Rack - Kostner Ave & North Ave,member,22,41.908810985045456,-87.73645925986364
Start,Public Rack - Kostner Ave & Wrightwood Ave,member,2,41.92786,-87.735756
Start,Public Rack - Lafayette Ave & 119th St,casual,1,41.677853,-87.623447
Start,Public Rack - Lafayette Ave & 87th St - NW,casual,2,41.736354,-87.626741
Start,Public Rack - Lafayette Ave & 87th St - NW,member,5,41.736354,-87.626741
Start,Public Rack - Lafayette Ave & 95th St,casual,25,41.72178699999999,-87.624939
Start,Public Rack - Lafayette Ave & 95th St,member,8,41.721787,-87.624939
Start,Public Rack - Laflin St & 79th St,casual,1,41.750326,-87.66168
Start,Public Rack - Laflin St &51st ST,member,1,41.801354,-87.662076
Start,Public Rack - Lake Shore Dr & Hayes Dr,casual,30,41.780589328666665,-87.57455762743334
Start,Public Rack - Lake Shore Dr & Hayes Dr,member,2,41.780581,-87.574562
Start,Public Rack - Langley Ave & 105th Pl,casual,4,41.702472,-87.606477
Start,Public Rack - Langley Ave & 49th St,casual,9,41.805218,-87.609076
Start,Public Rack - Langley Ave & 49th St,member,32,41.805208496187504,-87.60907549409376
Start,Public Rack - Langley Ave & 79th St,casual,1,41.751103,-87.607432
Start,Public Rack - Langley Ave & 79th St,member,3,41.751103,-87.607432
Start,Public Rack - Langley Ave & Oakwood Blvd,casual,24,41.82282702220834,-87.60953454233334
Start,Public Rack - Langley Ave & Oakwood Blvd,member,22,41.82283181440909,-87.60953190622728
Start,Public Rack - Laporte Ave & Armitage Ave,member,2,41.917047,-87.750008
Start,Public Rack - Laramie Ave & Belmont Ave,casual,5,41.9387139506,-87.7556349146
Start,Public Rack - Laramie Ave & Belmont Ave,member,9,41.93868549999999,-87.75563
Start,Public Rack - Laramie Ave & Fullerton Ave,casual,2,41.9240754,-87.7568589
Start,Public Rack - Laramie Ave & Fullerton Ave,member,1,41.9240754,-87.7568589
Start,Public Rack - Laramie Ave & Grand Ave,casual,4,41.917002,-87.755972
Start,Public Rack - Laramie Ave & Grand Ave,member,5,41.917002,-87.755972
Start,Public Rack - Laramie Ave & Warwick Ave,casual,3,41.948812,-87.75713
Start,Public Rack - Laramie Ave & Warwick Ave,member,1,41.948812,-87.75713
Start,Public Rack - Laramine Ave & Winnemac Ave,casual,27,41.97182378237038,-87.75756227274074
Start,Public Rack - Laramine Ave & Winnemac Ave,member,15,41.9718369688,-87.75756832793334
Start,Public Rack - Latrobe Ave & Lake St,member,2,41.887083,-87.756181
Start,Public Rack - Lavergne & Lawrence,casual,1,41.967912,-87.752496
Start,Public Rack - Lavergne & Lawrence,member,1,41.967912,-87.752496
Start,Public Rack - Lavergne Ave & Belle Plaine Ave,casual,11,41.9553053859091,-87.75178827354544
Start,Public Rack - Lavergne Ave & Belle Plaine Ave,member,25,41.955306567280005,-87.75179050292002
Start,Public Rack - Lawndale Ave & 23rd St,casual,2,41.849956,-87.716712
Start,Public Rack - Lawndale Ave & 23rd St,member,9,41.849948348111106,-87.71675494166666
Start,Public Rack - Lawndale Ave & 63rd St,casual,3,41.7787155,-87.7140552
Start,Public Rack - Lawndale Ave & 63rd St,member,2,41.7787155,-87.7140552
Start,Public Rack - Lawndale Ave & Diversey Ave,casual,23,41.931725907130435,-87.71925469743479
Start,Public Rack - Lawndale Ave & Diversey Ave,member,35,41.93170956911429,-87.71925203571429
Start,Public Rack - Lawndale Ave & Polk St,casual,3,41.8707651,-87.7183735
Start,Public Rack - Lawndale Ave & Polk St,member,3,41.8707651,-87.7183735
Start,Public Rack - Lawndale Ave & Roosevelt,casual,3,41.866225,-87.717918
Start,Public Rack - Lawndale Ave & Roosevelt,member,1,41.866225,-87.717918
Start,Public Rack - Lawrence Ave & Kimball Ave,casual,13,41.96827699999999,-87.712629
Start,Public Rack - Lawrence Ave & Kimball Ave,member,28,41.96828294182143,-87.71262312185715
Start,Public Rack - Leader & Caldwell,member,4,41.991492534749995,-87.7544683045
Start,Public Rack - Leamington & Elston,casual,36,41.977896255944444,-87.75631417466667
Start,Public Rack - Leamington & Elston,member,90,41.97789010266667,-87.7563155458889
Start,Public Rack - Leavitt St & Potomac Ave,casual,73,41.90497563723287,-87.68204891832876
Start,Public Rack - Leavitt St & Potomac Ave,member,128,41.9049808891875,-87.6820473105625
Start,Public Rack - Leclaire Ave & Division St,casual,1,41.90205,-87.75305
Start,Public Rack - Leclaire Ave & Division St,member,10,41.90205,-87.75305
Start,Public Rack - Lee Street Beach,casual,27,42.03627793611112,-87.67032988285185
Start,Public Rack - Lee Street Beach,member,25,42.03628532548,-87.67032745771999
Start,Public Rack - Legler Regional Library,casual,5,41.879312,-87.725428
Start,Public Rack - Legler Regional Library,member,2,41.8793053435,-87.7254504635
Start,Public Rack - Lemont Ave & Keating Ave,member,1,41.9912674,-87.7469243
Start,Public Rack - Leoti Ave & Central Ave (north),member,1,41.998262,-87.763663
Start,Public Rack - Leoti Ave & Central Ave (south),casual,7,41.99832399999999,-87.76338399999999
Start,Public Rack - Leoti Ave & Central Ave (south),member,2,41.998324,-87.763384
Start,Public Rack - Lighthouse Beach,casual,46,42.06474942708695,-87.67570456443478
Start,Public Rack - Lighthouse Beach,member,25,42.06474669999999,-87.6757017
Start,Public Rack - Lincoln Ave & Fullteron Ave (Northwest),casual,319,41.925828444909094,-87.64943255967084
Start,Public Rack - Lincoln Ave & Fullteron Ave (Northwest),member,336,41.9258301086369,-87.64943319141071
Start,Public Rack - Linder & 51st,casual,6,41.799981,-87.759999
Start,Public Rack - Linder & 51st,member,1,41.799981,-87.759999
Start,Public Rack - Linder & Elston,casual,5,41.983559,-87.76577
Start,Public Rack - Linder & Elston,member,5,41.983559,-87.76577
Start,Public Rack - Linder Ave & 64th Pl,casual,15,41.77551286193333,-87.75798937313333
Start,Public Rack - Linder Ave & 64th Pl,member,3,41.775524,-87.757972
Start,Public Rack - Linder Ave & Archer Ave,casual,6,41.796005,-87.759575
Start,Public Rack - Linder Ave & Archer Ave,member,1,41.796005,-87.759575
Start,Public Rack - Linder Ave & Belmont Ave,casual,3,41.938743,-87.763298
Start,Public Rack - Linder Ave & Belmont Ave,member,1,41.938743,-87.763298
Start,Public Rack - Lockwood & Archer,casual,12,41.79667912358334,-87.75516029583333
Start,Public Rack - Lockwood & Archer,member,6,41.79668,-87.75516
Start,Public Rack - Lockwood Ave & Diversey Ave,casual,5,41.931541,-87.75904
Start,Public Rack - Lockwood Ave & Diversey Ave,member,26,41.931541,-87.75904
Start,Public Rack - Loomis Blvd & 47th St,casual,4,41.80874483275,-87.6602955745
Start,Public Rack - Loomis Blvd & 47th St,member,15,41.8087580388,-87.66025809013333
Start,Public Rack - Loomis St & 87th St,member,4,41.735465,-87.657585
Start,Public Rack - Loomis St & Eleanor St,casual,78,41.84450208492308,-87.66012351605129
Start,Public Rack - Loomis St & Eleanor St,member,46,41.84450288,-87.66012478
Start,Public Rack - Lorel Ave & Chicago Ave,casual,2,41.89503,-87.759917
Start,Public Rack - Lorel Ave & Grand Ave,casual,1,41.9176685,-87.7595531
Start,Public Rack - Lorel Ave & Grand Ave,member,1,41.9176685,-87.7595531
Start,Public Rack - Lotus Ave & Lawrence Ave,casual,14,41.96765494085714,-87.763632243
Start,Public Rack - Lotus Ave & Lawrence Ave,member,18,41.96765640883333,-87.76363372
Start,Public Rack - Lowe Ave & 94th St,member,1,41.724234,-87.639453
Start,Public Rack - Lowe Ave & 98th St,casual,2,41.715887,-87.639228
Start,Public Rack - Lowe Ave & 98th St,member,1,41.715887,-87.639228
Start,Public Rack - Lowe Park,member,2,41.799605,-87.641464
Start,Public Rack - Lowell Ave & Elston Ave,casual,17,41.966126559705884,-87.73698579676471
Start,Public Rack - Lowell Ave & Elston Ave,member,24,41.96611082254167,-87.73699590075
Start,Public Rack - Lynch & Elston,member,3,41.980931,-87.761302
Start,Public Rack - Mackinaw Ave & 106th St,casual,2,41.702557,-87.542728
Start,Public Rack - Mackinaw Ave & 106th St,member,1,41.702557,-87.542728
Start,Public Rack - Mackinaw Ave & 108th St,casual,2,41.699008,-87.542833
Start,Public Rack - Mackinaw Ave & 108th St,member,2,41.699008,-87.542833
Start,Public Rack - Mango & Higgins,casual,13,41.97172110238461,-87.77228910415384
Start,Public Rack - Mango & Higgins,member,49,41.97172200000001,-87.772288
Start,Public Rack - Maplewood Ave & 63rd St,casual,1,41.779343,-87.686763
Start,Public Rack - Maplewood Ave & 63rd St,member,2,41.779343,-87.686763
Start,Public Rack - Maplewood Ave & Chicago Ave,casual,29,41.89248957010345,-87.69157367624138
Start,Public Rack - Maplewood Ave & Chicago Ave,member,60,41.89249199999999,-87.691574
Start,Public Rack - Marquette Ave & 79th St,casual,1,41.75163,-87.558707
Start,Public Rack - Marquette Rd & 67th St,casual,3,41.773095,-87.612886
Start,Public Rack - Marquette Rd & 67th St,member,16,41.773117367375,-87.6128890070625
Start,Public Rack - Marshfield Ave & 45th St,casual,1,41.812343,-87.666239
Start,Public Rack - Marshfield Ave & 87th St,casual,3,41.735527,-87.663867
Start,Public Rack - Martin Luther King Dr & 44th St,casual,2,41.814445,-87.616265
Start,Public Rack - Martin Luther King Dr & 44th St,member,11,41.814425613909094,-87.6162755390909
Start,Public Rack - Martin Luther King Dr & 69th St,casual,6,41.769234,-87.615206
Start,Public Rack - Martin Luther King Dr & 69th St,member,1,41.769236565,-87.615430951
Start,Public Rack - Maryland Ave & 87th ST,casual,2,41.736995,-87.603968
Start,Public Rack - Maryland Ave & 87th ST,member,3,41.736995,-87.603968
Start,Public Rack - Mason & Archer,casual,1,41.79456,-87.77092
Start,Public Rack - Mason Ave & Archer Ave,casual,1,41.794199,-87.771388
Start,Public Rack - Mason Ave & Milwaukee Ave,casual,8,41.985686005625,-87.77706245675
Start,Public Rack - Mason Ave & Milwaukee Ave,member,2,41.985683,-87.777065
Start,Public Rack - May St & 63rd St,member,1,41.77977,-87.652943
Start,Public Rack - May St & 87th St,casual,2,41.73556,-87.651701
Start,Public Rack - McVicker & 52nd,casual,1,41.797981,-87.773241
Start,Public Rack - McVicker & 52nd,member,1,41.797981,-87.773241
Start,Public Rack - McVicker Ave & Grand Ave,casual,1,41.921251,-87.776662
Start,Public Rack - McVicker Ave & Grand Ave,member,2,41.921251,-87.776662
Start,Public Rack - Meade Ave & Archer Ave,casual,2,41.79405,-87.774078
Start,Public Rack - Melvina & Foster,casual,9,41.97559567666667,-87.78347542822222
Start,Public Rack - Melvina & Foster,member,7,41.975596,-87.783484
Start,Public Rack - Melvina Ave & Belmont Ave,casual,5,41.9384207,-87.7813896
Start,Public Rack - Melvina Ave & Belmont Ave,member,3,41.93842612833333,-87.78134616599999
Start,Public Rack - Melvina Ave & Montrose Ave,casual,3,41.9588498,-87.7819167
Start,Public Rack - Melvina Ave & Montrose Ave,member,44,41.95885084252273,-87.78192297915908
Start,Public Rack - Menard Ave & Adams Blvd,casual,3,41.877684,-87.769356
Start,Public Rack - Menard Ave & Adams Blvd,member,1,41.877684,-87.769356
Start,Public Rack - Menard Ave & Agusta Blvd,casual,1,41.898333,-87.770501
Start,Public Rack - Menard Ave & Agusta Blvd,member,2,41.898333,-87.770501
Start,Public Rack - Menard Ave & Belmont Ave,casual,10,41.9384673583,-87.7710770679
Start,Public Rack - Menard Ave & Belmont Ave,member,10,41.9384705054,-87.77107681759999
Start,Public Rack - Menard Ave & Dakin St - midblock,casual,31,41.95173560448387,-87.77200369132257
Start,Public Rack - Menard Ave & Dakin St - midblock,member,6,41.951732,-87.772005
Start,Public Rack - Menard Ave & Grand Ave,casual,1,41.9197904,-87.7709818
Start,Public Rack - Miami Ave & Milwaukee Ave,member,4,41.991473,-87.782085
Start,Public Rack - Michele Clark Magnet High School,member,1,41.872849,-87.753432
Start,Public Rack - Michigan Ave & 107th St,casual,1,41.699671,-87.621034
Start,Public Rack - Michigan Ave & 119th St,casual,3,41.677934,-87.62075399999999
Start,Public Rack - Michigan Ave & 121st St,casual,1,41.67413,-87.620448
Start,Public Rack - Michigan Ave & 125th Pl,casual,2,41.666395,-87.619933
Start,Public Rack - Michigan Ave & 67th St,casual,5,41.7720393468,-87.62165388140001
Start,Public Rack - Michigan Ave & 67th St,member,2,41.772068,-87.621686
Start,Public Rack - Michigan Ave & 96th St,casual,1,41.718957,-87.62067
Start,Public Rack - Michigan Ave & Delaware Pl,casual,520,41.899153058219234,-87.62377435724422
Start,Public Rack - Michigan Ave & Delaware Pl,member,438,41.89915067734704,-87.62378037675113
Start,Public Rack - Michigan Ave & Wacker Dr (North),casual,463,41.88935928571922,-87.62397979429157
Start,Public Rack - Michigan Ave & Wacker Dr (North),member,221,41.88935519594118,-87.62397970626243
Start,Public Rack - Michigan Ave & Wacker Dr (South),casual,516,41.88813222066666,-87.62416907372092
Start,Public Rack - Michigan Ave & Wacker Dr (South),member,398,41.888133925175886,-87.6241650436985
Start,Public Rack - Midway Orange Line,casual,2,41.7857746895,-87.73807929450001
Start,Public Rack - Midway Orange Line,member,4,41.7858248975,-87.73806623375
Start,Public Rack - Milwaukee Ave & Addison St,casual,15,41.946512458,-87.73575072973333
Start,Public Rack - Milwaukee Ave & Addison St,member,39,41.94650252823077,-87.73574491441025
Start,Public Rack - Milwaukee Ave & Catalpa Ave,casual,7,41.977269535714285,-87.76901838571429
Start,Public Rack - Milwaukee Ave & Catalpa Ave,member,33,41.97723029106061,-87.76897400345455
Start,Public Rack - Milwaukee Ave & Culyer Ave,casual,15,41.95468299979999,-87.74941551326667
Start,Public Rack - Milwaukee Ave & Culyer Ave,member,10,41.95468070649999,-87.7494253958
Start,Public Rack - Milwaukee Ave & Diversey Ave,casual,47,41.93123547638298,-87.71148764612767
Start,Public Rack - Milwaukee Ave & Diversey Ave,member,128,41.931249230492185,-87.7114766191875
Start,Public Rack - Milwaukee Ave & Haussen Ct,casual,174,41.937749599758625,-87.72162577897126
Start,Public Rack - Milwaukee Ave & Haussen Ct,member,209,41.937747237813404,-87.72163858741625
Start,Public Rack - Milwaukee Ave & Higgins Ave,casual,39,41.968596395384616,-87.76121285702564
Start,Public Rack - Milwaukee Ave & Higgins Ave,member,73,41.96859266279452,-87.76121570764383
Start,Public Rack - Milwaukee Ave & Kennedy Expy,casual,39,41.97127134874359,-87.76388779707692
Start,Public Rack - Milwaukee Ave & Kennedy Expy,member,48,41.971268044458334,-87.76387824670833
Start,Public Rack - Milwaukee Ave & Lawrence Ave,casual,9,41.9673857,-87.7601699
Start,Public Rack - Milwaukee Ave & Lawrence Ave,member,7,41.967368196,-87.760229307
Start,Public Rack - Milwaukee Ave & Leland Ave,casual,12,41.9661124,-87.7593376
Start,Public Rack - Milwaukee Ave & Leland Ave,member,7,41.9661124,-87.7593376
Start,Public Rack - Milwaukee Ave & Pensacola Ave,casual,11,41.95951013954545,-87.75340230154546
Start,Public Rack - Milwaukee Ave & Pensacola Ave,member,12,41.9595136615,-87.75339515358333
Start,Public Rack - Milwaukee Ave & School St,casual,27,41.9406297785926,-87.72609136374075
Start,Public Rack - Milwaukee Ave & School St,member,40,41.940627339925,-87.726078665725
Start,Public Rack - Milwaukee Ave & Sunnyside Ave,casual,9,41.9625222,-87.7560059
Start,Public Rack - Milwaukee Ave & Sunnyside Ave,member,5,41.962551457400004,-87.7560144526
Start,Public Rack - Milwaukee Ave & Warner Ave,casual,9,41.95623396355555,-87.75075958233333
Start,Public Rack - Milwaukee Ave & Warner Ave,member,12,41.9562573145,-87.75076792141665
Start,Public Rack - Milwaukee Ave & Waveland Ave,casual,3,41.947472,-87.73787499999999
Start,Public Rack - Milwaukee Ave & Waveland Ave,member,3,41.947490549,-87.73786013333334
Start,Public Rack - Minnehaha Ave & Devon Ave,casual,1,41.997464895,-87.761884689
Start,Public Rack - Minnehaha Ave & Devon Ave,member,4,41.9974483295,-87.76191392175
Start,Public Rack - Minuteman Park,casual,29,41.785335409896554,-87.76260392458622
Start,Public Rack - Minuteman Park,member,36,41.78533300000001,-87.76260150000002
Start,Public Rack - Mobile Ave & Archer Ave,casual,2,41.792853128,-87.7804444085
Start,Public Rack - Mobile Ave & Archer Ave,member,1,41.7929013,-87.7802444
Start,Public Rack - Mont Clare Ave & Higgins Ave,casual,8,41.980602,-87.804963
Start,Public Rack - Mont Clare Ave & Higgins Ave,member,16,41.980602,-87.804963
Start,Public Rack - Monticello & Lawrence,casual,7,41.968214,-87.719541
Start,Public Rack - Monticello & Lawrence,member,23,41.96820824108696,-87.71954223269566
Start,Public Rack - Monticello Ave & Belmont Ave,casual,138,41.9394663269058,-87.71842703111594
Start,Public Rack - Monticello Ave & Belmont Ave,member,239,41.93945795020781,-87.7184385475746
Start,Public Rack - Montrose Ave & Lavergne Ave,casual,10,41.9606226335,-87.7516633888
Start,Public Rack - Montrose Ave & Lavergne Ave,member,5,41.960607,-87.7516346
Start,Public Rack - Morgan St & 87th St,casual,1,41.73577,-87.648133
Start,Public Rack - Morgan St & Madison St,casual,79,41.88178963386076,-87.65177335821518
Start,Public Rack - Morgan St & Madison St,member,204,41.88178296503922,-87.65179698287255
Start,Public Rack - Mozart & 79th,member,1,41.749713,-87.693932
Start,Public Rack - Mozart Elementary School,casual,8,41.921312553625,-87.72231835024999
Start,Public Rack - Mozart Elementary School,member,19,41.921316313210525,-87.72232762115789
Start,Public Rack - Mt Greenwood Library - South,casual,2,41.692883,-87.701048
Start,Public Rack - Mt Greenwood Library N,member,1,41.693027,-87.701054
Start,Public Rack - Mulligan & Northwest Hwy,casual,9,41.98536395333334,-87.78672420344444
Start,Public Rack - Mulligan & Northwest Hwy,member,4,41.985317,-87.786721
Start,Public Rack - Mulligan Ave & 56th St,casual,1,41.790399,-87.780044
Start,Public Rack - Mulligan Ave & 56th St,member,1,41.790399,-87.780044
Start,Public Rack - N Narragansett Ave & Grand Ave,casual,8,41.922587965000005,-87.78498273612499
Start,Public Rack - N Narragansett Ave & Grand Ave,member,4,41.9225804,-87.7849799
Start,Public Rack - N Sayre Ave & W Belden Ave,member,2,41.9214020445,-87.800812304
Start,Public Rack - N. Oakview and W. Gregory St,casual,15,41.9801,-87.84396
Start,Public Rack - N. Oakview and W. Gregory St,member,9,41.98012369477778,-87.84399351344445
Start,Public Rack - Nagel & Higgins,casual,24,41.9763119935,-87.78763545312499
Start,Public Rack - Nagel & Higgins,member,38,41.976312,-87.78764
Start,Public Rack - Nagle Ave & Belmont Ave,casual,3,41.938201,-87.787415
Start,Public Rack - Nagle Ave & Belmont Ave,member,1,41.938201,-87.787415
Start,Public Rack - Narragansett Ave & Fullerton Ave,casual,6,41.92378,-87.7843998
Start,Public Rack - Narragansett Ave & Fullerton Ave,member,3,41.92378,-87.7843998
Start,Public Rack - Nashotah & Northwest Hwy,casual,41,41.988138631829266,-87.79143141507318
Start,Public Rack - Nashotah & Northwest Hwy,member,27,41.98814135985185,-87.7914302492963
Start,Public Rack - Natoma Ave & 61st St,casual,8,41.780894143,-87.78763321925001
Start,Public Rack - Natoma Ave & 61st St,member,28,41.78092627621429,-87.78763146175001
Start,Public Rack - Natoma Ave & Bryn Mawr Ave,casual,5,41.98288599999999,-87.790461
Start,Public Rack - Natoma Ave & Bryn Mawr Ave,member,3,41.98289973433334,-87.79058865466668
Start,Public Rack - Neenah & Archer,casual,3,41.792142,-87.78540600000001
Start,Public Rack - Neenah & Archer,member,1,41.792142,-87.785406
Start,Public Rack - Neenah & Dakin,casual,7,41.951705848428574,-87.79073705557143
Start,Public Rack - Neenah & Dakin,member,30,41.951708,-87.790746
Start,Public Rack - Neola & Northwest Hwy,casual,2,41.990251838999995,-87.7952313845
Start,Public Rack - Neola & Northwest Hwy,member,3,41.990327,-87.79535600000001
Start,Public Rack - Neva & Foster,casual,7,41.974822857,-87.80608044214286
Start,Public Rack - Neva & Foster,member,14,41.974849,-87.806023
Start,Public Rack - Neva Ave & Grand Ave,casual,6,41.923604000000005,-87.804659
Start,Public Rack - Neva Ave & Grand Ave,member,4,41.923604,-87.804659
Start,Public Rack - Newcastle & Archer,casual,1,41.792309,-87.792879
Start,Public Rack - Newcastle & Archer,member,2,41.792290784,-87.79288477450001
Start,Public Rack - Newcastle Ave & Belden Ave,casual,1,41.921017,-87.797388
Start,Public Rack - Newcastle Ave & Belden Ave,member,4,41.920969669499996,-87.797346643
Start,Public Rack - Newcastle Ave & Belmont Ave,casual,3,41.938022,-87.79609999999998
Start,Public Rack - Newcastle Ave & Belmont Ave,member,5,41.938022,-87.7961
Start,Public Rack - Newcastle Ave & Wellington Ave,member,1,41.934997,-87.795777
Start,Public Rack - Newland Ave & Diversey Ave,casual,1,41.93098,-87.79944
Start,Public Rack - Newland Ave & Diversey Ave,member,2,41.93098,-87.79944
Start,Public Rack - Nina Ave & Avondale Ave,casual,1,41.9911458,-87.7991043
Start,Public Rack - Nina Ave & Avondale Ave,member,4,41.9911458,-87.7991043
Start,Public Rack - Nordica & Archer,casual,8,41.792222566125,-87.797665832125
Start,Public Rack - Nordica & Archer,member,1,41.792212,-87.797662
Start,Public Rack - Nordica Ave & Addison St,casual,4,41.945428,-87.803458
Start,Public Rack - Nordica Ave & Addison St,member,2,41.9454097085,-87.803464723
Start,Public Rack - Nordica Ave & Higgins Ave,casual,2,41.980143188,-87.80209712999999
Start,Public Rack - Nordica Ave & Higgins Ave,member,4,41.98012149,-87.80211339
Start,Public Rack - Normal Ave & 111th St,casual,1,41.692303,-87.635478
Start,Public Rack - Normal Blvd & 61st Pl,casual,1,41.782314,-87.637358
Start,Public Rack - Normal Blvd & 61st Pl,member,2,41.782314,-87.637358
Start,Public Rack - Normandy Ave & Archer Ave,member,2,41.7923026,-87.7887886
Start,Public Rack - Northwest Hwy & Bryn Mawr,casual,1,41.983008,-87.782634
Start,Public Rack - Northwest Hwy & Bryn Mawr,member,5,41.983008,-87.782634
Start,Public Rack - Northwest Hwy & Highland Ave,casual,2,41.995867,-87.805223
Start,Public Rack - Northwest Hwy & Highland Ave,member,1,41.995867,-87.805223
Start,Public Rack - Northwest Hwy & Neva Ave,casual,14,41.995854599999994,-87.8050971
Start,Public Rack - Northwest Hwy & Neva Ave,member,9,41.99585265466666,-87.805099564
Start,Public Rack - Northwest Hwy & Overhill Ave,member,1,42.0114922,-87.8126378
Start,Public Rack - Northwest Hwy & Raven St,casual,2,41.9927877,-87.799284
Start,Public Rack - Northwest Hwy & Raven St,member,2,41.9927877,-87.799284
Start,Public Rack - Norwood Park,casual,7,41.986604,-87.79394
Start,Public Rack - Norwood Park,member,3,41.986604,-87.79394
Start,Public Rack - Norwood Park Station ,casual,12,41.99192471333333,-87.79915494383333
Start,Public Rack - Norwood Park Station ,member,18,41.9919,-87.79916
Start,Public Rack - Oak Park & Higgins,casual,13,41.97889765215385,-87.79623290392307
Start,Public Rack - Oak Park & Higgins,member,4,41.978888,-87.796235
Start,Public Rack - Oak Park Ave & Foster Ave,casual,8,41.9746022,-87.8119558
Start,Public Rack - Oak Park Ave & Foster Ave,member,9,41.9746022,-87.81195580000002
Start,Public Rack - Oakley & 79th Pl,member,1,41.749095,-87.679637
Start,Public Rack - Oakley Blvd & Grand Ave,casual,89,41.890657500483144,-87.68410025526966
Start,Public Rack - Oakley Blvd & Grand Ave,member,96,41.890654080041664,-87.68409454806249
Start,Public Rack - Octavia Ave & Touhy Ave,member,1,42.01173846,-87.80832137
Start,Public Rack - Odell & Talcott,casual,8,41.98731,-87.81023
Start,Public Rack - Odell & Talcott,member,2,41.98731,-87.81023
Start,Public Rack - Ogden Ave & Monroe St,casual,185,41.8800162416973,-87.66761562204864
Start,Public Rack - Ogden Ave & Monroe St,member,135,41.88001489119259,-87.6676206430889
Start,Public Rack - Oglesby Ave & 105th St,member,1,41.704672,-87.565519
Start,Public Rack - Oglesby Ave & 95th St,member,6,41.722484,-87.565738
Start,Public Rack - Oketo & Northwest Hwy,casual,7,42.000329178428565,-87.81244333171428
Start,Public Rack - Oketo & Northwest Hwy,member,3,42.00033226866666,-87.81245258666667
Start,Public Rack - Oketo & Talcott,casual,8,41.988596,-87.812525
Start,Public Rack - Oketo & Talcott,member,5,41.988596,-87.812525
Start,Public Rack - Oketo Ave & Belmont Ave,casual,1,41.938117,-87.811862
Start,Public Rack - Oketo Ave & Belmont Ave,member,2,41.938117,-87.811862
Start,Public Rack - Oleander Ave & Addison St,casual,1,41.944983,-87.815865
Start,Public Rack - Olmstead Ave & Oliphant Ave,casual,29,42.002314828689656,-87.81709665165516
Start,Public Rack - Olmstead Ave & Oliphant Ave,member,17,42.00231173641176,-87.8170976812353
Start,Public Rack - Orleans St & Chicago Ave,casual,31,41.89644355006451,-87.63797616387097
Start,Public Rack - Orleans St & Chicago Ave,member,48,41.896452329437494,-87.63795722233334
Start,Public Rack - Orleans St & Grand Ave,casual,168,41.89164000771429,-87.63680295375596
Start,Public Rack - Orleans St & Grand Ave,member,409,41.89164014777017,-87.63680637639364
Start,Public Rack - Orleans St & Ontario St,casual,61,41.893075378754105,-87.63872821191804
Start,Public Rack - Orleans St & Ontario St,member,192,41.893084419817704,-87.63874067539062
Start,Public Rack - Orville T Bright School,member,1,41.700168,-87.562148
Start,Public Rack - Osceola Ave & Touhy Ave,member,2,42.0119959275,-87.81264972400001
Start,Public Rack - Ottowa Ave & Touhy Ave,casual,2,42.0114922,-87.8182017
Start,Public Rack - Ottowa Ave & Touhy Ave,member,3,42.0114922,-87.81820169999999
Start,Public Rack - Overhill Ave & Touhy Ave,casual,11,42.0114627,-87.81900973
Start,Public Rack - Overhill Ave & Touhy Ave,member,2,42.0114627,-87.81900973
Start,Public Rack - Ozanam Ave & Devon Ave,casual,1,41.9969968,-87.8213419
Start,Public Rack - Ozanam Ave & Devon Ave,member,2,41.9969968,-87.8213419
Start,Public Rack - Ozark Ave & Addison St,casual,1,41.945075,-87.820037
Start,Public Rack - Ozark Ave & Addison St,member,1,41.945075,-87.820037
Start,Public Rack - Ozman & Talcott,casual,8,41.993028,-87.821659
Start,Public Rack - Ozman & Talcott,member,5,41.993028,-87.821659
Start,Public Rack - Panama Ave & Forest Preserve Ave,member,1,41.943162,-87.82909
Start,Public Rack - Parkside & 63rd,casual,21,41.778132,-87.763036
Start,Public Rack - Parkside & 63rd,member,13,41.77813936969231,-87.76302429092308
Start,Public Rack - Parkside & Archer,casual,8,41.795696,-87.763475
Start,Public Rack - Parkside & Archer,member,1,41.795696,-87.763475
Start,Public Rack - Parkside & Elston,casual,7,41.98545548171428,-87.76954222857141
Start,Public Rack - Parkside & Elston,member,5,41.985467,-87.769583
Start,Public Rack - Parnell Ave & 98th St,member,1,41.715983,-87.637067
Start,Public Rack - Paxton Ave & 79th St,member,1,41.75167773,-87.57045748
Start,Public Rack - Penn Elementary School / KIPP Ascend Middle School,casual,6,41.8586742,-87.72238350000002
Start,Public Rack - Penn Elementary School / KIPP Ascend Middle School,member,26,41.8586742,-87.72238349999999
Start,Public Rack - Peoria St & 60th St,casual,7,41.784881766,-87.64746628671428
Start,Public Rack - Peoria St & 60th St,member,1,41.784872,-87.647482
Start,Public Rack - Peterson Ave & Bernard Ave,member,2,41.990234,-87.715634
Start,Public Rack - Peterson Ave & Drake Ave,casual,2,41.990119,-87.717337
Start,Public Rack - Peterson Ave & Drake Ave,member,21,41.990119,-87.717337
Start,Public Rack - Peterson Ave & Milwaukee Ave,member,8,41.989824430875004,-87.78092392975
Start,Public Rack - Peterson Park,casual,24,41.978708049875,-87.75552231291668
Start,Public Rack - Peterson Park,member,45,41.978708584244444,-87.75553516506668
Start,Public Rack - Piotrowski Park,casual,2,41.836682,-87.73083
Start,Public Rack - Piotrowski Park,member,2,41.836682,-87.73083
Start,Public Rack - Plainfield Ave & Irving Park Rd,casual,9,41.95214263611111,-87.83384925333333
Start,Public Rack - Plainfield Ave & Irving Park Rd,member,6,41.952133,-87.833817
Start,Public Rack - Prairie Ave & 47th St ,casual,33,41.80948823981818,-87.61899678484848
Start,Public Rack - Prairie Ave & 47th St ,member,62,41.809484963580644,-87.6190029583387
Start,Public Rack - Prairie Ave & Garfield Blvd N,casual,15,41.79480875,-87.61890696
Start,Public Rack - Prairie Ave & Garfield Blvd N,member,19,41.79480875,-87.61890696
Start,Public Rack - Prairie Ave & Garfield Blvd S,casual,4,41.794344,-87.619062
Start,Public Rack - Prairie Ave & Garfield Blvd S,member,4,41.794344,-87.619062
Start,Public Rack - Pratt Ave & Odell Ave,casual,1,42.0044152,-87.8110539
Start,Public Rack - Pratt Ave & Odell Ave,member,4,42.0044152,-87.8110539
Start,Public Rack - Princeton Ave & 43rd St,casual,27,41.815883,-87.63371800000002
Start,Public Rack - Princeton Ave & 43rd St,member,3,41.815883,-87.633718
Start,Public Rack - Pulaski & 52nd,member,2,41.797244,-87.723377
Start,Public Rack - Pulaski & 74th,casual,2,41.757262,-87.722366
Start,Public Rack - Pulaski & 84th,member,2,41.739387,-87.721373
Start,Public Rack - Pulaski & Ardmore,casual,11,41.985797,-87.728336
Start,Public Rack - Pulaski & Ardmore,member,30,41.985797,-87.728336
Start,Public Rack - Pulaski & Rosemont,casual,1,41.995191,-87.728989
Start,Public Rack - Pulaski & Rosemont,member,9,41.995191328666664,-87.72898345066666
Start,Public Rack - Pulaski Rd & 15th St,member,1,41.8603966,-87.7250977
Start,Public Rack - Pulaski Rd & 40th St,member,1,41.81864,-87.72428
Start,Public Rack - Pulaski Rd & 41st,casual,1,41.81791,-87.72413
Start,Public Rack - Pulaski Rd & 41st,member,2,41.81791,-87.72413
Start,Public Rack - Pulaski Rd & 44th St,casual,9,41.8129,-87.7225
Start,Public Rack - Pulaski Rd & 44th St,member,115,41.8129,-87.7225
Start,Public Rack - Pulaski Rd & 51st Rd,member,1,41.800111,-87.723537
Start,Public Rack - Pulaski Rd & 65th St,casual,1,41.773551,-87.722805
Start,Public Rack - Pulaski Rd & 65th St,member,2,41.773551,-87.722805
Start,Public Rack - Pulaski Rd & 85th St,casual,1,41.7381,-87.721721
Start,Public Rack - Pulaski Rd & Armitage Ave,casual,11,41.91702,-87.727096
Start,Public Rack - Pulaski Rd & Armitage Ave,member,21,41.917022882000005,-87.72709898976191
Start,Public Rack - Pulaski Rd & Flournoy St,casual,1,41.8724252,-87.7253448
Start,Public Rack - Pulaski Rd & Flournoy St,member,1,41.8724252,-87.7253448
Start,Public Rack - Pulaski Rd & Fullerton Ave,casual,15,41.924618,-87.727398
Start,Public Rack - Pulaski Rd & Fullerton Ave,member,15,41.9246220936,-87.7274271478
Start,Public Rack - Pulaski Rd & Grenshaw St,member,1,41.8670279,-87.7254644
Start,Public Rack - Pulaski Rd & Lake St,casual,16,41.885577,-87.72605999999999
Start,Public Rack - Pulaski Rd & Lake St,member,3,41.885577,-87.72606
Start,Public Rack - Pulaski Rd & Polk St,casual,1,41.8703637,-87.7252556
Start,Public Rack - Pulaski Rd & Roosevelt Rd,casual,4,41.866103,-87.724463
Start,Public Rack - Pulaski Rd & Roosevelt Rd,member,1,41.866103,-87.724463
Start,Public Rack - Pulaski Rd & Stevens Ave,casual,1,41.9910862,-87.729231
Start,Public Rack - Pulaski Rd & Stevens Ave,member,2,41.9910862,-87.729231
Start,Public Rack - Pullman - Planet Fitness,casual,9,41.69780339188889,-87.59779434511113
Start,Public Rack - Pullman - Ross Dress for Less,casual,1,41.69868,-87.597
Start,Public Rack - Pullman - Walmart,casual,5,41.69696,-87.59829
Start,Public Rack - Pullman - Walmart,member,1,41.69696,-87.59829
Start,Public Rack - Pullman Community Center,casual,1,41.70428,-87.59313
Start,Public Rack - Racine Ave & 109th Pl,casual,7,41.694835,-87.653041
Start,Public Rack - Racine Ave & 74th St,casual,3,41.759439,-87.65414600000001
Start,Public Rack - Racine Ave & 74th St,member,2,41.759439,-87.654146
Start,Public Rack - Racine Ave & 76th,casual,1,41.755786,-87.654054
Start,Public Rack - Racine Ave & 76th,member,1,41.755807996,-87.653986216
Start,Public Rack - Racine Ave & 83rd St,casual,2,41.743367,-87.653661
Start,Public Rack - Racine Ave & 83rd St,member,1,41.743367,-87.653661
Start,Public Rack - Racine Ave & Armitage Ave,casual,124,41.91814930465323,-87.6583022548145
Start,Public Rack - Racine Ave & Armitage Ave,member,202,41.91814975402475,-87.6582984166386
Start,Public Rack - Racine Ave & Nelson St,casual,684,41.937259718305555,-87.65897955966373
Start,Public Rack - Racine Ave & Nelson St,member,681,41.937258348883994,-87.65898235655213
Start,Public Rack - Rhodes Ave & 79th St,casual,1,41.750913501,-87.611403823
Start,Public Rack - Richard Daley College,casual,14,41.75486,-87.72364
Start,Public Rack - Richard Daley College,member,5,41.75486,-87.72364
Start,Public Rack - Richmond St & Thorndale Ave,casual,4,41.988931,-87.702785
Start,Public Rack - Richmond St & Thorndale Ave,member,1,41.988931,-87.702785
Start,Public Rack - Rockwell & 111th St,casual,5,41.691359,-87.68572
Start,Public Rack - Rockwell & 111th St,member,2,41.691359,-87.68572
Start,Public Rack - Rockwell & Division,casual,66,41.902827708196966,-87.6923939239091
Start,Public Rack - Rockwell & Division,member,134,41.902836267246265,-87.69238705292537
Start,Public Rack - Rockwell Ave & 71st St,casual,5,41.764753,-87.688641
Start,Public Rack - Rockwell Ave & Touhy Ave ,casual,10,42.012344,-87.69538300000002
Start,Public Rack - Rockwell Ave & Touhy Ave ,member,16,42.012344,-87.695383
Start,Public Rack - Rockwell St & Chicago Ave,casual,142,41.895853036950705,-87.6918537651338
Start,Public Rack - Rockwell St & Chicago Ave,member,211,41.895853252473934,-87.69184916818956
Start,Public Rack - Roscoe St & Osceola Ave,member,1,41.942201,-87.813168
Start,Public Rack - Roswell B. Mason Elementary School,casual,1,41.8560219,-87.7298436
Start,Public Rack - Roswell B. Mason Elementary School,member,1,41.8560219,-87.7298436
Start,Public Rack - Rush St & Oak St,casual,633,41.900695119353344,-87.62768621048394
Start,Public Rack - Rush St & Oak St,member,1017,41.90069736796985,-87.62768852417732
Start,Public Rack - Rush St & Ohio St,casual,288,41.89258882032638,-87.62585527659375
Start,Public Rack - Rush St & Ohio St,member,232,41.89258535588362,-87.6258504007069
Start,Public Rack - Rush St & Ontario St,casual,338,41.89310535680769,-87.62536043357002
Start,Public Rack - Rush St & Ontario St,member,307,41.89310770038111,-87.62536310642345
Start,Public Rack - Rutherford & 53rd,casual,1,41.795118,-87.790519
Start,Public Rack - Rutherford Ave & Belmont Ave,casual,8,41.938308273125,-87.793882773875
Start,Public Rack - Rutherford Ave & Belmont Ave,member,3,41.938283421,-87.79390463700001
Start,Public Rack - S Kostner Ave & W 18th Pl,casual,1,41.8551905,-87.7345547
Start,Public Rack - S Kostner Ave & W 18th Pl,member,1,41.8551905,-87.7345547
Start,Public Rack - S Menard & W 63rd,member,1,41.77707,-87.76664
Start,Public Rack - S. Kilpatrick and W. 79th,casual,10,41.74929999999999,-87.73958
Start,Public Rack - S. Kilpatrick and W. 79th,member,4,41.74930876275,-87.73958829375
Start,Public Rack - S. New England/ W. 65th,member,5,41.77391,-87.79348
Start,Public Rack - Sacramento Ave & Devon Ave,casual,20,41.997575,-87.704649
Start,Public Rack - Sacramento Ave & Devon Ave,member,20,41.997575,-87.70464899999999
Start,Public Rack - Sacramento Ave & Greenleaf Ave,member,3,42.009458,-87.70466600000002
Start,Public Rack - Sacramento Blvd & Washington Blvd,casual,4,41.8830735265,-87.70001827975
Start,Public Rack - Sacramento Blvd & Washington Blvd,member,8,41.882994,-87.700036
Start,Public Rack - Sangamon St & 87th St,member,1,41.73582,-87.646896
Start,Public Rack - Sangamon St & Fulton St,casual,204,41.88692684630882,-87.6511007052206
Start,Public Rack - Sangamon St & Fulton St,member,355,41.88692988302253,-87.65109940825353
Start,Public Rack - Sawyer Ave & 111th St,casual,1,41.691484213,-87.70227325
Start,Public Rack - Sawyer Ave & 111th St,member,3,41.69141581433333,-87.70228640333335
Start,Public Rack - Sawyer Ave & Bryn Mawr Ave - SE,casual,14,41.9830174,-87.7096999
Start,Public Rack - Sawyer Ave & Bryn Mawr Ave - SE,member,41,41.98301957992683,-87.70970577753658
Start,Public Rack - Sawyer Ave & Bryn Mawr Ave - SW,casual,1,41.982879,-87.710534
Start,Public Rack - Sawyer Ave & Bryn Mawr Ave - SW,member,14,41.982899212,-87.71051245385715
Start,Public Rack - Sawyer Ave & Chicago Ave,casual,1,41.8954597,-87.7080933
Start,Public Rack - Sawyer Ave & Chicago Ave,member,30,41.895459699999996,-87.7080933
Start,Public Rack - Sawyer Ave & Lawrence Ave,casual,9,41.9683,-87.709435
Start,Public Rack - Sawyer Ave & Lawrence Ave,member,42,41.9682941452381,-87.70943907460317
Start,Public Rack - Sayer & Northwest Hwy,casual,7,41.99434,-87.802532
Start,Public Rack - Sayer & Northwest Hwy,member,8,41.99437046575,-87.80253636075
Start,Public Rack - Sayre Ave & 59th St,member,1,41.7846778,-87.7958126
Start,"Public Rack - Senka ""Edward Duke"" Park",member,1,41.790565,-87.710992
Start,Public Rack - Sheffield Ave & Belden Ave,casual,45,41.923356485822225,-87.65362698597778
Start,Public Rack - Sheffield Ave & Belden Ave,member,74,41.92336332928378,-87.65363199924325
Start,Public Rack - Sheffield Ave & Dickens Ave,casual,64,41.91999188359375,-87.653570857625
Start,Public Rack - Sheffield Ave & Dickens Ave,member,63,41.919987463428576,-87.65357162868254
Start,Public Rack - South Boulevard Beach,casual,27,42.027305000000005,-87.6683105
Start,Public Rack - South Boulevard Beach,member,21,42.027305,-87.6683105
Start,Public Rack - South Shore Dr & 71st St,casual,84,41.766196073059525,-87.56278788695238
Start,Public Rack - South Shore Dr & 71st St,member,166,41.766206,-87.562789
Start,Public Rack - Southport Ave & Fullteron Ave,casual,205,41.92509707993171,-87.66323680990733
Start,Public Rack - Southport Ave & Fullteron Ave,member,321,41.92509600230218,-87.6632406958754
Start,Public Rack - Southport Ave & Webster Ave,casual,177,41.92156003728249,-87.66337373125424
Start,Public Rack - Southport Ave & Webster Ave,member,177,41.921557230875706,-87.66336623466665
Start,Public Rack - Spaulding Ave & Bryn Mawr Ave,casual,5,41.982964,-87.711441
Start,Public Rack - Spaulding Ave & Bryn Mawr Ave,member,50,41.982962409680006,-87.71143624595999
Start,Public Rack - Spaulding Ave & Evergreen Ave,casual,91,41.905328653120876,-87.70950856518681
Start,Public Rack - Spaulding Ave & Evergreen Ave,member,236,41.9053401260805,-87.7094959425339
Start,Public Rack - Spaulding Ave & Foster Ave,casual,1,41.975921,-87.710415
Start,Public Rack - Spaulding Ave & Foster Ave,member,4,41.97589168325,-87.71041583600001
Start,Public Rack - Spaulding Ave & North Ave,casual,92,41.91011385646739,-87.70954444851087
Start,Public Rack - Spaulding Ave & North Ave,member,152,41.91012802408553,-87.70954462917763
Start,Public Rack - Spencer Elementary Technology Academy,casual,2,41.884655,-87.750498
Start,Public Rack - Springfield & 71st,member,1,41.764196,-87.720111
Start,Public Rack - Springfield & 79th,casual,6,41.749641915,-87.72098850766668
Start,Public Rack - Springfield & 79th,member,1,41.749649,-87.721001
Start,Public Rack - Springfield Ave & Lawrence Ave,casual,55,41.968391199290906,-87.72568567532727
Start,Public Rack - Springfield Ave & Lawrence Ave,member,67,41.96839744041791,-87.72568676646269
Start,Public Rack - St Clair St & Ontario St,casual,72,41.893666444361116,-87.62266898040279
Start,Public Rack - St Clair St & Ontario St,member,87,41.8936653700115,-87.62267022357472
Start,Public Rack - St Clair St & Superior St,casual,214,41.89570560874299,-87.62330944603272
Start,Public Rack - St Clair St & Superior St,member,127,41.89570636184252,-87.62331042226772
Start,Public Rack - St Louis & 83rd,casual,1,41.742321,-87.70967
Start,Public Rack - St Louis & Lincoln,casual,5,41.995652,-87.716328
Start,Public Rack - St Louis & Lincoln,member,35,41.9956478856,-87.71633683725715
Start,Public Rack - St Louis Ave & Berteau Ave,casual,21,41.958373,-87.715685
Start,Public Rack - St Louis Ave & Berteau Ave,member,28,41.958376332535714,-87.71566990832142
Start,Public Rack - St Louis Ave & Flournoy St,casual,2,41.8727811,-87.7131562
Start,Public Rack - St Louis Ave & Flournoy St,member,2,41.8727811,-87.7131562
Start,Public Rack - State ST & 42nd St,casual,15,41.81907818993333,-87.62642165460001
Start,Public Rack - State ST & 42nd St,member,14,41.819067000000004,-87.62641700000002
Start,Public Rack - State St & 47th st,casual,1,41.809085,-87.627384
Start,Public Rack - State St & 47th st,member,2,41.809085,-87.627384
Start,Public Rack - Stewart Ave & 123rd St,casual,2,41.670563,-87.632188
Start,Public Rack - Stony Is Ave & 73rd St,casual,1,41.762265,-87.585469
Start,Public Rack - Stony Is Ave & 73rd St,member,1,41.762452602,-87.585533142
Start,Public Rack - Stony Island & 87th St,casual,2,41.7367,-87.585815
Start,Public Rack - Stony Island & 87th St,member,5,41.7367,-87.585815
Start,Public Rack - Stony Island & 95th St,casual,1,41.72228,-87.584943
Start,Public Rack - Stony Island & 95th St,member,1,41.72228,-87.584943
Start,Public Rack - Strohacker Park,casual,12,41.794822251,-87.73211892825002
Start,Public Rack - Strohacker Park,member,1,41.79482,-87.732112
Start,Public Rack - Talman Ave & 51st St,casual,5,41.800908,-87.690802
Start,Public Rack - Talman Ave & 51st St,member,2,41.800908,-87.690802
Start,Public Rack - Talman Ave & Pershing Rd,casual,2,41.822592,-87.690725
Start,Public Rack - Talman Ave & Pershing Rd,member,3,41.822592,-87.690725
Start,Public Rack - The Montessori School of Englewood,casual,2,41.76766,-87.66781
Start,Public Rack - Throop St & 58th St,casual,5,41.788541,-87.65621
Start,Public Rack - Throop St & 58th St,member,1,41.788541,-87.65621
Start,Public Rack - Torrence Ave  & 106th St,member,1,41.702566,-87.559923
Start,Public Rack - Torrence Ave & 103rd St,casual,3,41.70843,-87.56026000000001
Start,Public Rack - Torrence Ave & 103rd St,member,2,41.70843,-87.56026
Start,Public Rack - Torrence Ave & 98th St,casual,2,41.7171304145,-87.560052457
Start,Public Rack - Torrence Ave & 98th St,member,4,41.717059,-87.559986
Start,Public Rack - Touhy Ave & Oconto Ave,casual,11,42.0117739,-87.8076646
Start,Public Rack - Touhy Ave & Oconto Ave,member,8,42.0117739,-87.8076646
Start,Public Rack - Trader Joe's Clybourn Ave,casual,114,41.914681144342104,-87.6549186402807
Start,Public Rack - Trader Joe's Clybourn Ave,member,419,41.9146752325895,-87.65490542115752
Start,Public Rack - Trebes Park,casual,31,41.922373297645166,-87.6582550909355
Start,Public Rack - Trebes Park,member,37,41.92239012529729,-87.65825010256756
Start,Public Rack - Tripp Ave & North Ave,casual,24,41.909948198291666,-87.73273235254167
Start,Public Rack - Tripp Ave & North Ave,member,10,41.909950278500006,-87.7327381662
Start,Public Rack - Troy & 71st,casual,2,41.76433,-87.70193
Start,Public Rack - Trumbull Ave & 111th St,casual,1,41.691596,-87.707397
Start,Public Rack - Trumbull Ave & 111th St,member,1,41.691596,-87.707397
Start,Public Rack - Vincennes Ave & 77th St,casual,2,41.7571156765,-87.564885648
Start,Public Rack - Vincennes Ave & 77th St,member,2,41.75702837,-87.56497151
Start,Public Rack - Vincennes Ave & 87th St,casual,4,41.735607,-87.645345
Start,Public Rack - Vincennes Ave & 91st St,casual,1,41.728122,-87.648524
Start,Public Rack - Vincennes Ave & 91st St,member,1,41.728122,-87.648524
Start,Public Rack - W. Talcott & N. Oriole,casual,1,41.990637,-87.816938
Start,Public Rack - W. Talcott & N. Oriole,member,1,41.990637,-87.816938
Start,Public Rack - Wabash Ave & 87th St,casual,3,41.736063,-87.622952
Start,Public Rack - Wabash Ave & 87th St,member,2,41.736063,-87.622952
Start,Public Rack - Wabash Ave & Balbo Dr,casual,162,41.8731892147963,-87.62620443064198
Start,Public Rack - Wabash Ave & Balbo Dr,member,106,41.873182731971696,-87.62619862178302
Start,Public Rack - Wabash Ave & Chicago Ave,casual,118,41.89678951418644,-87.62643454005932
Start,Public Rack - Wabash Ave & Chicago Ave,member,175,41.896780079131425,-87.62644139899999
Start,Public Rack - Wacker Dr & Adams St,casual,135,41.87941143747407,-87.6371891531037
Start,Public Rack - Wacker Dr & Adams St,member,352,41.879415343440336,-87.63719035313636
Start,Public Rack - Wacker Dr & Madison St (East),casual,77,41.8818565001039,-87.63651314963636
Start,Public Rack - Wacker Dr & Madison St (East),member,131,41.88185533619847,-87.6365063745878
Start,Public Rack - Wacker Dr & Madison St (West),casual,63,41.88199190000001,-87.63729759
Start,Public Rack - Wacker Dr & Madison St (West),member,138,41.881982095065226,-87.63729950400726
Start,Public Rack - Walden Pkwy & 103rd St,casual,19,41.706205,-87.668965
Start,Public Rack - Walden Pkwy & 103rd St,member,2,41.706205,-87.668965
Start,Public Rack - Walden Pkwy & 99th St,casual,4,41.71397,-87.667798
Start,Public Rack - Walden Pkwy & 99th St,member,2,41.71397,-87.667798
Start,Public Rack - Wallace St & 112 St,casual,1,41.690092,-87.637636
Start,Public Rack - Waller Ave & Chicago Ave,casual,17,41.894681,-87.768156
Start,Public Rack - Waller Ave & Chicago Ave,member,4,41.894681,-87.768156
Start,Public Rack - Washington Park Ct & 51st St,casual,13,41.80219424269231,-87.61514081238462
Start,Public Rack - Washington Park Ct & 51st St,member,21,41.80220085728571,-87.6151459954762
Start,Public Rack - Washtenaw Ave & Devon Ave,casual,50,41.997759757839994,-87.69722631524
Start,Public Rack - Washtenaw Ave & Devon Ave,member,298,41.99776257768456,-87.69722240466778
Start,Public Rack - Washtenaw Ave & Superior St,casual,277,41.8947434242515,-87.695159607787
Start,Public Rack - Washtenaw Ave & Superior St,member,525,41.89474060137015,-87.69518127191746
Start,Public Rack - Webster Ave & Halsted St,casual,340,41.92188636670295,-87.64847936335882
Start,Public Rack - Webster Ave & Halsted St,member,435,41.921889227303446,-87.64847185526206
Start,Public Rack - Wells St & Grand Ave,casual,95,41.89102514446316,-87.63415337015789
Start,Public Rack - Wells St & Grand Ave,member,159,41.89103303425157,-87.63414792574214
Start,Public Rack - Wells St & Lake St,casual,185,41.885671823059454,-87.63375275522704
Start,Public Rack - Wells St & Lake St,member,290,41.88567880771724,-87.63375785346206
Start,Public Rack - Wells St & Monroe St,casual,89,41.88060564848314,-87.6335772617528
Start,Public Rack - Wells St & Monroe St,member,176,41.88060804973295,-87.63357364048296
Start,Public Rack - Wells St & North Ave,casual,501,41.91095811183633,-87.6346172552056
Start,Public Rack - Wells St & North Ave,member,605,41.91095968792121,-87.63461790705784
Start,Public Rack - Wells St & Ontario St,casual,72,41.893377406986104,-87.634018727625
Start,Public Rack - Wells St & Ontario St,member,138,41.89337328483333,-87.63403229916666
Start,Public Rack - Wells St & Schiller St,casual,229,41.90755756358952,-87.63451782650654
Start,Public Rack - Wells St & Schiller St,member,353,41.90755521822096,-87.63451677441643
Start,Public Rack - Wells St & Scott St,casual,614,41.90478214046091,-87.63458808563679
Start,Public Rack - Wells St & Scott St,member,1055,41.90478102631248,-87.63458792895764
Start,Public Rack - Wells St & Wacker Dr,casual,184,41.886632548027166,-87.63405977964673
Start,Public Rack - Wells St & Wacker Dr,member,313,41.886626549541,-87.63405000363686
Start,Public Rack - Wentworth Ave & 103rd St,casual,4,41.707257,-87.627826
Start,Public Rack - Wentworth Ave & 103rd St,member,1,41.707257,-87.627826
Start,Public Rack - Wentworth Park,casual,6,41.78878,-87.77964000000001
Start,Public Rack - Wentworth Park,member,4,41.78878,-87.77964
Start,Public Rack - Western & 74th,casual,2,41.759297,-87.683342
Start,Public Rack - Western & 79th,casual,5,41.750806,-87.682722
Start,Public Rack - Western & 79th,member,2,41.750806,-87.682722
Start,Public Rack - Western & 83rd,member,1,41.74385,-87.682864
Start,Public Rack - Western Ave & 100th St,casual,11,41.71167539472727,-87.68195841281818
Start,Public Rack - Western Ave & 100th St,member,4,41.711666,-87.681963
Start,Public Rack - Western Ave & 104th St - East,casual,1,41.704424858,-87.681740522
Start,Public Rack - Western Ave & 104th St - East,member,1,41.704366,-87.681733
Start,Public Rack - Western Ave & 104th St - West,casual,5,41.703952,-87.681953
Start,Public Rack - Western Ave & 104th St - West,member,1,41.703952,-87.681953
Start,Public Rack - Western Ave & 105th St,casual,9,41.702609,-87.681492
Start,Public Rack - Western Ave & 105th St,member,4,41.702609,-87.681492
Start,Public Rack - Western Ave & 106th St - East,casual,2,41.700576,-87.681294
Start,Public Rack - Western Ave & 106th St - East,member,1,41.700576,-87.681294
Start,Public Rack - Western Ave & 107th Pl,casual,1,41.698022,-87.681175
Start,Public Rack - Western Ave & 107th Pl,member,1,41.698022,-87.681175
Start,Public Rack - Western Ave & 107th St,casual,5,41.698728,-87.681558
Start,Public Rack - Western Ave & 107th St,member,1,41.698728,-87.681558
Start,Public Rack - Western Ave & 110th St,casual,1,41.69442,-87.681547
Start,Public Rack - Western Ave & 110th St,member,1,41.69442,-87.681547
Start,Public Rack - Western Ave & 111th St - NW,casual,2,41.69197,-87.681659
Start,Public Rack - Western Ave & 111th St - SE,member,1,41.691665,-87.681022
Start,Public Rack - Western Ave & 116th St,casual,1,41.6824,-87.681048
Start,Public Rack - Western Ave & 116th St,member,1,41.6824,-87.681048
Start,Public Rack - Western Ave & 118th St,casual,1,41.678349,-87.680919
Start,Public Rack - Western Ave & 118th St,member,1,41.678349,-87.680919
Start,Public Rack - Western Ave & 47th Pl,casual,7,41.80804370442858,-87.68472178271428
Start,Public Rack - Western Ave & 47th Pl,member,90,41.80803867014445,-87.68471078577778
Start,Public Rack - Western Ave & 92nd Pl,casual,10,41.725538,-87.681968
Start,Public Rack - Western Ave & 92nd Pl,member,34,41.72553236955883,-87.68196979088235
Start,Public Rack - Western Ave & 96th St,casual,1,41.718621,-87.681516
Start,Public Rack - Western Ave & 96th St,member,15,41.7186061714,-87.6815373578
Start,Public Rack - Western Ave & 98th St,member,1,41.71525,-87.681698
Start,Public Rack - Western Ave & Chicago Ave,casual,32,41.8958223668125,-87.68712922725
Start,Public Rack - Western Ave & Chicago Ave,member,57,41.89581678675439,-87.68710704921052
Start,Public Rack - Western Ave & Devon Ave,casual,37,41.9975732317027,-87.68971694362162
Start,Public Rack - Western Ave & Devon Ave,member,87,41.99757209333333,-87.68971450727585
Start,Public Rack - Western Ave & Jarvis Ave,casual,10,42.016398,-87.690376
Start,Public Rack - Western Ave & Jarvis Ave,member,67,42.016398,-87.69037600000001
Start,Public Rack - Western Blvd & 49th St,casual,46,41.80478,-87.683749
Start,Public Rack - Western Blvd & 49th St,member,39,41.80478614417949,-87.6837582901795
Start,Public Rack - Whipple St & 26th St,member,1,41.843636,-87.701931
Start,Public Rack - Whipple St & 63rd St,casual,10,41.77888,-87.699811
Start,Public Rack - Whipple St & 63rd St,member,27,41.778879999999994,-87.69981099999998
Start,Public Rack - Wilbur Wright College North,casual,1,41.95904,-87.78966
Start,Public Rack - Wilbur Wright College South,member,3,41.95830494366667,-87.78743575966666
Start,Public Rack - William J Onahan Public School,member,5,41.993771,-87.7925631
Start,Public Rack - Winona St & Elston Ave,casual,12,41.9743427,-87.75038739999998
Start,Public Rack - Winona St & Elston Ave,member,55,41.97434238145455,-87.75038851894544
Start,Public Rack - Wolcott Ave & 56th St,casual,1,41.791198,-87.671949
Start,Public Rack - Wolcott Ave & 61st St,casual,2,41.782378,-87.671719
Start,Public Rack - Wood St & 103rd St,casual,1,41.706498,-87.667091
Start,Public Rack - Wood St & 47th St,casual,2,41.80864,-87.669974
Start,Public Rack - Wood St & 47th St,member,2,41.80864,-87.669974
Start,Public Rack - Woodlawn Ave & 63rd St N,casual,111,41.78062440085586,-87.5960463756036
Start,Public Rack - Woodlawn Ave & 63rd St N,member,258,41.780622192108524,-87.59603615934884
Start,Public Rack - Woodlawn Ave & 63rd St S,casual,12,41.779560550666666,-87.59603667500001
Start,Public Rack - Woodlawn Ave & 63rd St S,member,34,41.77950094020588,-87.59602845055883
Start,Public Rack - Wrightwood Metra Station,casual,3,41.74891,-87.70369999999998
Start,Public Rack - Yates Ave & 100th St,casual,1,41.713480115,-87.564418435
Start,Public Rack - Yates Ave & 100th St,member,8,41.713437,-87.564405
Start,Public Rack - Zapata Academy,member,1,41.841655,-87.734366
Start,Pulaski Rd & 51st St,casual,402,41.80043362922637,-87.72474986339802
Start,Pulaski Rd & 51st St,member,279,41.8004333400466,-87.72475081007168
Start,Pulaski Rd & 54th St,casual,85,41.79499136474118,-87.72360694608236
Start,Pulaski Rd & 54th St,member,29,41.79499,-87.72361
Start,Pulaski Rd & 60th Pl,casual,12,41.78315,-87.72257
Start,Pulaski Rd & 60th Pl,member,14,41.78315,-87.72257
Start,Pulaski Rd & 60th St,casual,10,41.784186,-87.722564
Start,Pulaski Rd & 60th St,member,25,41.78418624816,-87.72256408988
Start,Pulaski Rd & 68th St,casual,25,41.76949140000001,-87.722842
Start,Pulaski Rd & 68th St,member,11,41.76949727272728,-87.72280181818182
Start,Pulaski Rd & 75th St,casual,51,41.75725,-87.72247
Start,Pulaski Rd & 75th St,member,19,41.75725,-87.72247
Start,Pulaski Rd & 84th St,casual,31,41.740407,-87.721907
Start,Pulaski Rd & 84th St,member,21,41.740407,-87.721907
Start,Pulaski Rd & Ann Lurie Pl,casual,33,41.81643902424242,-87.72480049460606
Start,Pulaski Rd & Ann Lurie Pl,member,145,41.81644014286207,-87.72479992094482
Start,Pulaski Rd & Congress Pkwy,casual,142,41.87441021003816,-87.72609159350395
Start,Pulaski Rd & Congress Pkwy,member,61,41.87441021003816,-87.72609159350395
Start,Pulaski Rd & Eddy St,casual,361,41.94626486092243,-87.73102559221606
Start,Pulaski Rd & Eddy St,member,451,41.94626551893126,-87.73102643251883
Start,Pulaski Rd & Lake St,casual,111,41.88540844152253,-87.72649270951351
Start,Pulaski Rd & Lake St,member,73,41.88540855252055,-87.72649343445204
Start,Racine Ave & 115th St,casual,43,41.68475942830232,-87.65195979520931
Start,Racine Ave & 115th St,member,13,41.684758457461534,-87.65195701176923
Start,Racine Ave & 13th St,casual,362,41.865054002038676,-87.65695939284807
Start,Racine Ave & 13th St,member,970,41.86505365669175,-87.65695916193197
Start,Racine Ave & 15th St,casual,1080,41.86126612426296,-87.65662205051112
Start,Racine Ave & 15th St,member,1956,41.861265974321064,-87.65662103733997
Start,Racine Ave & 18th St,casual,1943,41.858399723577975,-87.65642328621513
Start,Racine Ave & 18th St,member,3584,41.858400010239116,-87.6564252346836
Start,Racine Ave & 35th St,casual,366,41.83068885876155,-87.65621101530384
Start,Racine Ave & 35th St,member,487,41.83068880713045,-87.65621088270925
Start,Racine Ave & 57th St,casual,27,41.789696880483376,-87.65469789505005
Start,Racine Ave & 57th St,member,21,41.789696880483376,-87.65469789505005
Start,Racine Ave & 61st St,casual,8,41.783189,-87.654372
Start,Racine Ave & 61st St,member,15,41.783189,-87.654372
Start,Racine Ave & 65th St,casual,33,41.77539530527273,-87.654308442
Start,Racine Ave & 65th St,member,11,41.775393,-87.654308
Start,Racine Ave & Belmont Ave,casual,4064,41.939741917278795,-87.65886541643873
Start,Racine Ave & Belmont Ave,member,6817,41.9397413347008,-87.65886554397346
Start,Racine Ave & Broadway,casual,1806,41.96823486636822,-87.65965390711129
Start,Racine Ave & Broadway,member,4266,41.96823528978457,-87.65965331235115
Start,Racine Ave & Congress Pkwy,casual,1463,41.87463995520962,-87.65703046005173
Start,Racine Ave & Congress Pkwy,member,4373,41.874639859770255,-87.65703033421877
Start,Racine Ave & Fullerton Ave,casual,2798,41.92556790685633,-87.65841675444854
Start,Racine Ave & Fullerton Ave,member,5580,41.92556827736524,-87.65841699506667
Start,Racine Ave & Garfield Blvd,casual,55,41.794227880018184,-87.65507432081817
Start,Racine Ave & Garfield Blvd,member,41,41.794228,-87.655073
Start,Racine Ave & Randolph St,casual,1404,41.88408140350045,-87.65692154653803
Start,Racine Ave & Randolph St,member,2917,41.884081657389935,-87.65692248703786
Start,Racine Ave & Washington Blvd,casual,1276,41.88307280425079,-87.656953936058
Start,Racine Ave & Washington Blvd,member,3746,41.88307237770956,-87.65695746988415
Start,Racine Ave & Webster Ave,casual,1580,41.92160057276646,-87.65831747053545
Start,Racine Ave & Webster Ave,member,2494,41.92160547830888,-87.65834458306242
Start,Racine Ave & Wrightwood Ave,casual,2112,41.928887034356535,-87.65897149741429
Start,Racine Ave & Wrightwood Ave,member,4266,41.92888720901384,-87.65897179901499
Start,Racine/Eddy Corral,casual,867,41.94633999479584,-87.65910366002306
Start,Racine/Eddy Corral,member,738,41.946340884162595,-87.6591039415298
Start,Racine/Lake Corral,casual,92,41.88568238379348,-87.65689257471739
Start,Racine/Lake Corral,member,159,41.8856797402956,-87.65689342337735
Start,Rainbow Beach,casual,71,41.757873104472644,-87.54918654641604
Start,Rainbow Beach,member,105,41.75787158297356,-87.54918363968012
Start,Ravenswood Ave & Berteau Ave,casual,1219,41.95792096566858,-87.67356711011239
Start,Ravenswood Ave & Berteau Ave,member,3517,41.957921086713675,-87.6735672162107
Start,Ravenswood Ave & Grace St,casual,319,41.95051044066771,-87.6740694405768
Start,Ravenswood Ave & Grace St,member,671,41.95051048693592,-87.67406964699404
Start,Ravenswood Ave & Irving Park Rd,casual,1736,41.954689223496544,-87.67392992233353
Start,Ravenswood Ave & Irving Park Rd,member,3499,41.954688429555304,-87.67392958060732
Start,Ravenswood Ave & Lawrence Ave,casual,4732,41.96845736313948,-87.6742330537576
Start,Ravenswood Ave & Lawrence Ave,member,14413,41.96845372561184,-87.67423038374336
Start,Ravenswood Ave & Roscoe St,casual,19,41.94334,-87.67383
Start,Ravenswood Ave & Roscoe St,member,33,41.94334,-87.67383
Start,Ravenswood Ave & Sunnyside Ave,casual,22,41.96328,-87.67425
Start,Ravenswood Ave & Sunnyside Ave,member,24,41.96328,-87.67424999999999
Start,Rhodes Ave & 32nd St,casual,671,41.83622160513561,-87.61352981667511
Start,Rhodes Ave & 32nd St,member,2151,41.836213533804276,-87.61353168341516
Start,Rhodes Ave & 71st St,casual,14,41.766,-87.611726
Start,Rhodes Ave & 71st St,member,10,41.766,-87.611726
Start,Richmond St & 59th St,casual,42,41.78649393019048,-87.69732796771429
Start,Richmond St & 59th St,member,82,41.78649,-87.69733
Start,Richmond St & Diversey Ave,casual,1150,41.93190241020953,-87.70119591334749
Start,Richmond St & Diversey Ave,member,1700,41.93190239859524,-87.70119626804365
Start,Richmond St & Lincoln Ave,casual,103,41.98811954339806,-87.70317447228156
Start,Richmond St & Lincoln Ave,member,162,41.9881245078642,-87.70317155213581
Start,Ridge Blvd & Howard St,casual,259,42.01927593105019,-87.68452012705792
Start,Ridge Blvd & Howard St,member,555,42.01927555463784,-87.68452054136577
Start,Ridge Blvd & Touhy Ave,casual,317,42.01213237534713,-87.68291301871483
Start,Ridge Blvd & Touhy Ave,member,569,42.012131720527876,-87.68291339283023
Start,Riley O'Neil Memorial Station at City Hall,casual,587,41.88323509999999,-87.6321117
Start,Riley O'Neil Memorial Station at City Hall,member,1196,41.8832351,-87.63211169999998
Start,Ritchie Ct & Banks St,casual,3510,41.90686383667293,-87.62621647594473
Start,Ritchie Ct & Banks St,member,7813,41.90686087830317,-87.62621549626746
Start,Riverside Plaza & Adams St,casual,2079,41.87926,-87.63879
Start,Riverside Plaza & Adams St,member,4951,41.87926,-87.63879
Start,Robert Crown Community Center,casual,35,42.034189,-87.697676
Start,Robert Crown Community Center,member,48,42.034189,-87.697676
Start,Rockwell Ave & Logan Blvd,casual,658,41.92810907463677,-87.69268039605471
Start,Rockwell Ave & Logan Blvd,member,1212,41.92810533346205,-87.69268101099999
Start,Rockwell St & 47th St,casual,78,41.808530427589744,-87.68941901097435
Start,Rockwell St & 47th St,member,57,41.8085287395614,-87.68941867952631
Start,Rockwell St & 57th St,casual,93,41.79031522349462,-87.68888149793548
Start,Rockwell St & 57th St,member,34,41.79031,-87.68888
Start,Rockwell St & 63rd St,casual,31,41.77879022580645,-87.68858424516128
Start,Rockwell St & 63rd St,member,37,41.778789812972974,-87.68858108116216
Start,Rockwell St & Archer Ave,casual,258,41.82271992778294,-87.68981968983333
Start,Rockwell St & Archer Ave,member,315,41.82272022722539,-87.68982007055237
Start,Rockwell St & Cermak Rd,casual,227,41.85164497536564,-87.69062110535683
Start,Rockwell St & Cermak Rd,member,432,41.85164570018982,-87.69062148250924
Start,Rockwell St & Division St,casual,1012,41.90275003597925,-87.69201938596443
Start,Rockwell St & Division St,member,1427,41.90275056117776,-87.69201879420181
Start,Rockwell St & Eastwood Ave,casual,861,41.965899678789505,-87.6936389182561
Start,Rockwell St & Eastwood Ave,member,2363,41.96589946497632,-87.69363915577719
Start,Rockwell St & Fletcher St,casual,872,41.93884273661124,-87.69298931380963
Start,Rockwell St & Fletcher St,member,1402,41.93884502601784,-87.69298963388587
Start,Rockwell/Irving Park Hub,casual,169,41.954221358863904,-87.69317039001774
Start,Rockwell/Irving Park Hub,member,392,41.954213332007654,-87.69317024454847
Start,Roscoe & Harlem,casual,11,41.941609213727276,-87.80728354581818
Start,Roscoe & Harlem,member,7,41.94160620000001,-87.80729640000001
Start,Rush St & Cedar St,casual,3802,41.90230961342047,-87.62769353493898
Start,Rush St & Cedar St,member,8430,41.90231082256384,-87.62770051154172
Start,Rush St & Hubbard St,casual,2608,41.89017451034778,-87.62618526086042
Start,Rush St & Hubbard St,member,6342,41.890175685538416,-87.62618603813618
Start,Rush St & Illinois St,casual,3104,41.89087020596145,-87.62584096595404
Start,Rush St & Illinois St,member,3533,41.89087234110831,-87.62584450452808
Start,Rush St & Superior St,casual,3964,41.895761583474716,-87.62591434773545
Start,Rush St & Superior St,member,9218,41.895761584679,-87.62592900903162
Start,S Aberdeen St & W 106th St,casual,7,41.701217,-87.649345
Start,S Michigan Ave & E 118th St,casual,25,41.67980749955999,-87.62082732527999
Start,S Michigan Ave & E 118th St,member,1,41.679804,-87.620843
Start,S Wentworth Ave & W 111th St,casual,10,41.6926176,-87.6280518
Start,S Wentworth Ave & W 111th St,member,2,41.6926176,-87.6280518
Start,SCOOTERS CLASSIC - 2132 W Hubbard ST,member,17,41.88996749470834,-87.6801560819149
Start,STAFF & VISITORS @ West Chicago Warehouse,casual,2,41.894966,-87.731052
Start,STAFF & VISITORS @ West Chicago Warehouse,member,7,41.894966000000004,-87.73105199999999
Start,Sacramento Ave & 25th St,casual,58,41.84658270212069,-87.70012518160345
Start,Sacramento Ave & 25th St,member,91,41.846558752956035,-87.70012909581318
Start,Sacramento Ave & 51st St,casual,25,41.80068017808,-87.69895097484
Start,Sacramento Ave & 51st St,member,22,41.80068,-87.69895
Start,Sacramento Ave & Linden Pl,casual,1230,41.92575012451301,-87.70258063098373
Start,Sacramento Ave & Linden Pl,member,1846,41.92575034068364,-87.70258183598213
Start,Sacramento Ave & Lunt Ave,casual,95,42.0082,-87.70460999999999
Start,Sacramento Ave & Lunt Ave,member,165,42.00819959384243,-87.7046099572485
Start,Sacramento Ave & Lyndale St,casual,600,41.92235009222,-87.70241282562166
Start,Sacramento Ave & Lyndale St,member,1260,41.92235185093254,-87.70241901313095
Start,Sacramento Ave & Polk St,casual,9,41.87096113877778,-87.70030749455555
Start,Sacramento Ave & Polk St,member,1,41.87096,-87.7003
Start,Sacramento Ave & Pratt Blvd,casual,95,42.00404,-87.70473000000001
Start,Sacramento Ave & Pratt Blvd,member,205,42.00403983663903,-87.7047304744244
Start,Sacramento Blvd & Addison St,casual,366,41.946090056860655,-87.7029830727896
Start,Sacramento Blvd & Addison St,member,599,41.94609025402838,-87.70298312618364
Start,Sacramento Blvd & Franklin Blvd,casual,110,41.890469176470994,-87.70260834260613
Start,Sacramento Blvd & Franklin Blvd,member,155,41.89047140615633,-87.70260880762311
Start,Sacramento Blvd & Fulton Ave,casual,51,41.88652877196078,-87.70167118939214
Start,Sacramento Blvd & Fulton Ave,member,157,41.88652720026114,-87.70166945058173
Start,Sacramento Blvd & Fulton St,casual,127,41.886530147417325,-87.70164984192127
Start,Sacramento Blvd & Fulton St,member,132,41.88652971742424,-87.70165097822726
Start,Sacramento Blvd & Polk St,casual,24,41.870959,-87.700259
Start,Sacramento Blvd & Polk St,member,12,41.870959401,-87.70025849091667
Start,Sangamon St & Adams St,casual,1349,41.87909036053818,-87.65128135063603
Start,Sangamon St & Adams St,member,4092,41.87909040578658,-87.6512825078291
Start,Sangamon St & Lake St,casual,3122,41.88577997904113,-87.65102534549706
Start,Sangamon St & Lake St,member,7433,41.885781117188074,-87.65102703341924
Start,Sangamon St & Washington Blvd,casual,2208,41.88316066726223,-87.65110109474321
Start,Sangamon St & Washington Blvd,member,5115,41.88315625002189,-87.65110108133138
Start,Sawyer Ave & Fullerton Ave,casual,496,41.92447825202621,-87.70920035798386
Start,Sawyer Ave & Fullerton Ave,member,938,41.92447631667129,-87.70919988044811
Start,Sawyer Ave & Irving Park Rd,casual,445,41.953600296089895,-87.70930985177303
Start,Sawyer Ave & Irving Park Rd,member,1116,41.953601122573474,-87.70930846680287
Start,Sayre Ave & Diversey Ave,casual,104,41.93098032636538,-87.80106023575
Start,Sayre Ave & Diversey Ave,member,61,41.93098302942623,-87.80106156345903
Start,Scottsdale Park,casual,33,41.74196686390909,-87.73616482821213
Start,Scottsdale Park,member,28,41.741966,-87.736179
Start,Sedgwick St & Chicago Ave,casual,1133,41.89676983303619,-87.63860058993116
Start,Sedgwick St & Chicago Ave,member,2790,41.89676939238542,-87.63860159131971
Start,Sedgwick St & Huron St,casual,3011,41.89466471080173,-87.63843127530521
Start,Sedgwick St & Huron St,member,10588,41.89466136740067,-87.63842112479502
Start,Sedgwick St & North Ave,casual,4203,41.91099594190007,-87.63852982762052
Start,Sedgwick St & North Ave,member,9016,41.91100393618988,-87.63853468336592
Start,Sedgwick St & Schiller St,casual,1540,41.90762882904113,-87.63855764723051
Start,Sedgwick St & Schiller St,member,3397,41.90762686839682,-87.63856244964408
Start,Sedgwick St & Webster Ave,casual,3797,41.922168338186204,-87.63888952735185
Start,Sedgwick St & Webster Ave,member,8417,41.922168626852844,-87.63889022655471
Start,Seeley Ave & Garfield Blvd,casual,31,41.794087839999996,-87.67547663041935
Start,Seeley Ave & Garfield Blvd,member,54,41.794087,-87.675478
Start,Seeley Ave & Roscoe St,casual,1661,41.943402899080674,-87.67961860610536
Start,Seeley Ave & Roscoe St,member,3405,41.94340292564171,-87.67961864769899
Start,Seminary Ave & Belden Ave,casual,940,41.92338820367765,-87.65599143481809
Start,Seminary Ave & Belden Ave,member,1862,41.92338831934532,-87.6559911192739
Start,Shabbona Park,casual,119,41.9448,-87.79932000000001
Start,Shabbona Park,member,33,41.9448,-87.79932
Start,Shedd Aquarium,casual,16608,41.86722668531461,-87.61536022386674
Start,Shedd Aquarium,member,3738,41.867227442449554,-87.61536673215815
Start,Sheffield Ave & Addison St,casual,3344,41.947016444948865,-87.6544170608744
Start,Sheffield Ave & Addison St,member,3788,41.9470165933548,-87.654416947992
Start,Sheffield Ave & Addison St ,casual,2330,41.94701676131331,-87.65441725715452
Start,Sheffield Ave & Addison St ,member,3093,41.9470164986893,-87.65441557786745
Start,Sheffield Ave & Armitage Ave Public Rack,casual,1317,41.91780644068565,-87.65344698188078
Start,Sheffield Ave & Armitage Ave Public Rack,member,1906,41.917808701645335,-87.65344504518782
Start,Sheffield Ave & Fletcher St,casual,1133,41.93900953394087,-87.65321161113239
Start,Sheffield Ave & Fletcher St,member,2334,41.939009609480294,-87.6532130011681
Start,Sheffield Ave & Fullerton Ave,casual,4960,41.925616251094155,-87.6536581301881
Start,Sheffield Ave & Fullerton Ave,member,11161,41.92561638350085,-87.65365847391034
Start,Sheffield Ave & Kingsbury St,casual,3092,41.910523912969275,-87.65310846612482
Start,Sheffield Ave & Kingsbury St,member,9845,41.91052394119204,-87.65310873440565
Start,Sheffield Ave & School St,casual,1502,41.942359230815576,-87.65426934096804
Start,Sheffield Ave & School St,member,1825,41.9423594776,-87.65426949545754
Start,Sheffield Ave & Waveland Ave,casual,5354,41.949396771858986,-87.6545277355424
Start,Sheffield Ave & Waveland Ave,member,6502,41.94939384722839,-87.65452657565332
Start,Sheffield Ave & Webster Ave,casual,3789,41.92154139871153,-87.6538179126057
Start,Sheffield Ave & Webster Ave,member,8259,41.9215426169305,-87.65381811706273
Start,Sheffield Ave & Wellington Ave,casual,4247,41.936253816009554,-87.65266180452483
Start,Sheffield Ave & Wellington Ave,member,8573,41.93625403083661,-87.65266198569067
Start,Sheffield Ave & Willow St,casual,2225,41.91368912998607,-87.65285470203821
Start,Sheffield Ave & Willow St,member,6447,41.91368986005087,-87.65285458749656
Start,Sheffield Ave & Wrightwood Ave,casual,5002,41.928711190497204,-87.6538330687671
Start,Sheffield Ave & Wrightwood Ave,member,8912,41.9287111547427,-87.6538331586718
Start,Sheffield/Cornelia Corral,casual,614,41.94528801359772,-87.65422346111727
Start,Sheffield/Cornelia Corral,member,642,41.94528818641433,-87.65422182039254
Start,Sheffield/Newport Corral,casual,1696,41.944609768101806,-87.65420210841233
Start,Sheffield/Newport Corral,member,1497,41.9446093732004,-87.65420385607503
Start,Sheridan Rd & Argyle St,casual,2424,41.97328709368947,-87.65475632129763
Start,Sheridan Rd & Argyle St,member,5259,41.97328251563522,-87.65475506097069
Start,Sheridan Rd & Arthur Ave,casual,202,42.00046,-87.66057999999998
Start,Sheridan Rd & Arthur Ave,member,183,42.00046,-87.66058
Start,Sheridan Rd & Berwyn Ave,casual,1443,41.97827975517464,-87.65528992782951
Start,Sheridan Rd & Berwyn Ave,member,3217,41.97827944074044,-87.65528981186725
Start,Sheridan Rd & Buena Ave,casual,2878,41.95848100371057,-87.65505791058582
Start,Sheridan Rd & Buena Ave,member,6809,41.9584810030304,-87.6550577448521
Start,Sheridan Rd & Columbia Ave,casual,848,42.004582847208724,-87.66140689412383
Start,Sheridan Rd & Columbia Ave,member,2543,42.00458286407943,-87.66140758738891
Start,Sheridan Rd & Greenleaf Ave,casual,644,42.01058655511552,-87.66241249378571
Start,Sheridan Rd & Greenleaf Ave,member,1728,42.010586835703194,-87.66241270665572
Start,Sheridan Rd & Irving Park Rd,casual,4428,41.954244823401986,-87.65440603080984
Start,Sheridan Rd & Irving Park Rd,member,9838,41.95424497265674,-87.65440604231256
Start,Sheridan Rd & Lawrence Ave,casual,1509,41.9695161414122,-87.65469150060768
Start,Sheridan Rd & Lawrence Ave,member,3635,41.96951578164769,-87.65469178164851
Start,Sheridan Rd & Loyola Ave,casual,1132,42.001044625039206,-87.66119896311274
Start,Sheridan Rd & Loyola Ave,member,2392,42.00104479524463,-87.66119916085695
Start,Sheridan Rd & Montrose Ave,casual,3353,41.96166759873944,-87.65463939436793
Start,Sheridan Rd & Montrose Ave,member,7913,41.96166645883824,-87.65463899867753
Start,Sheridan Rd & Noyes St (NU),casual,3575,42.05823898660336,-87.67743289424587
Start,Sheridan Rd & Noyes St (NU),member,3746,42.058239128952486,-87.67743386259316
Start,Shields Ave & 28th Pl,casual,485,41.842734640698964,-87.6354915331567
Start,Shields Ave & 28th Pl,member,1035,41.84273470969372,-87.63549158102609
Start,Shields Ave & 31st St,casual,771,41.83846378812063,-87.63540586290274
Start,Shields Ave & 31st St,member,2137,41.83846395061629,-87.63540605626206
Start,Shields Ave & 43rd St,casual,71,41.81620767856,-87.6348193497
Start,Shields Ave & 43rd St,member,88,41.81620767856,-87.6348193497
Start,Shields Ave & 57th St,casual,11,41.790760729727275,-87.63450024081818
Start,Shields Ave & 57th St,member,6,41.79076,-87.6345
Start,Shore Dr & 53rd St,casual,759,41.79944943149538,-87.5823699726324
Start,Shore Dr & 53rd St,member,1072,41.79944957324347,-87.58237016632182
Start,Shore Dr & 55th St,casual,4502,41.79521206681564,-87.58071907030275
Start,Shore Dr & 55th St,member,7082,41.79521192712567,-87.5807182600874
Start,Smith Park,casual,635,41.89204755697481,-87.68939726528346
Start,Smith Park,member,1264,41.89204691545728,-87.68939747966614
Start,South Boulevard CTA,casual,22,42.0274991,-87.6781649
Start,South Boulevard CTA,member,46,42.02749909999999,-87.6781649
Start,South Chicago Ave & 83rd St,casual,39,41.74391945746154,-87.57522495097436
Start,South Chicago Ave & 83rd St,member,27,41.743921,-87.57522499999999
Start,South Chicago Ave & Elliot Ave,casual,30,41.74736299999999,-87.580046
Start,South Chicago Ave & Elliot Ave,member,5,41.747363,-87.580046
Start,South Shore Dr & 67th St,casual,498,41.773643550937756,-87.56751304706225
Start,South Shore Dr & 67th St,member,340,41.77364367347941,-87.56751094162352
Start,South Shore Dr & 71st St,casual,480,41.76640944229125,-87.56568919248458
Start,South Shore Dr & 71st St,member,686,41.76640943654286,-87.56568798024023
Start,South Shore Dr & 74th St,casual,205,41.762190094769565,-87.55927341114635
Start,South Shore Dr & 74th St,member,292,41.762189429534935,-87.55927418434591
Start,Southport Ave & Belmont Ave,casual,3178,41.939476897627245,-87.66374769951335
Start,Southport Ave & Belmont Ave,member,6769,41.939476650440255,-87.6637478560881
Start,Southport Ave & Clark St,casual,1405,41.95708150441281,-87.66419928564697
Start,Southport Ave & Clark St,member,2525,41.957081811938224,-87.66419950913162
Start,Southport Ave & Clybourn Ave,casual,1755,41.92074626873049,-87.66369488732934
Start,Southport Ave & Clybourn Ave,member,4637,41.92074922513975,-87.66370488755855
Start,Southport Ave & Diversey Pkwy,casual,1493,41.932660195115204,-87.6634703768915
Start,Southport Ave & Diversey Pkwy,member,2523,41.93266050950363,-87.66347065472758
Start,Southport Ave & Grace St,casual,1065,41.95155085017652,-87.66404083097746
Start,Southport Ave & Grace St,member,2296,41.951551083841025,-87.66404166457185
Start,Southport Ave & Irving Park Rd,casual,2343,41.95417611913459,-87.66435569089684
Start,Southport Ave & Irving Park Rd,member,4331,41.95417627512861,-87.66435612102909
Start,Southport Ave & Newport Ave Public Rack,casual,846,41.94401800122813,-87.66397529479313
Start,Southport Ave & Newport Ave Public Rack,member,1377,41.94401896173348,-87.66397504086346
Start,Southport Ave & Roscoe St,casual,4817,41.943738094391115,-87.66402514409756
Start,Southport Ave & Roscoe St,member,9992,41.94373863004614,-87.6640198926414
Start,Southport Ave & Waveland Ave,casual,4919,41.948224743228295,-87.66407079601159
Start,Southport Ave & Waveland Ave,member,11651,41.94822476747369,-87.66407076123045
Start,Southport Ave & Wellington Ave,casual,4244,41.93577450060302,-87.66360015150399
Start,Southport Ave & Wellington Ave,member,7479,41.93577377273257,-87.6635989605906
Start,Southport Ave & Wrightwood Ave,casual,2933,41.92877314436208,-87.66391249211046
Start,Southport Ave & Wrightwood Ave,member,6231,41.92877376072059,-87.66391217484706
Start,Spaulding Ave & 16th St,casual,60,41.859066679983336,-87.70789497406668
Start,Spaulding Ave & 16th St,member,48,41.8590732,-87.7078929
Start,Spaulding Ave & 63rd,casual,35,41.77916694091429,-87.7056379308
Start,Spaulding Ave & 63rd,member,17,41.7791655,-87.7056392
Start,Spaulding Ave & Armitage Ave,casual,1718,41.917108450642885,-87.71022209705414
Start,Spaulding Ave & Armitage Ave,member,2876,41.917108301524465,-87.71022274239965
Start,Spaulding Ave & Division St,casual,836,41.90270654859225,-87.70921988633255
Start,Spaulding Ave & Division St,member,1323,41.90270678664142,-87.7092203865223
Start,Spaulding Ave & Milwaukee Ave,casual,998,41.93088922568637,-87.71072127396492
Start,Spaulding Ave & Milwaukee Ave,member,2075,41.93088897003422,-87.71072116362265
Start,Springfield Ave & 47th St,casual,54,41.80807067407408,-87.72122491851852
Start,Springfield Ave & 47th St,member,47,41.80807071914894,-87.72122457872341
Start,Springfield Ave & 71st St,casual,26,41.764484,-87.72002799999999
Start,Springfield Ave & 71st St,member,11,41.764484,-87.720028
Start,Springfield Ave & 80th St,casual,29,41.74762487810345,-87.71945000810345
Start,Springfield Ave & 80th St,member,4,41.74763,-87.71945
Start,Springfield Ave & 81st PL,casual,4,41.74501,-87.71906
Start,Springfield Ave & North Ave,casual,218,41.91015835377982,-87.72383106750918
Start,Springfield Ave & North Ave,member,238,41.910158730747895,-87.7238321694958
Start,St Clair St & Ohio St,casual,2780,41.89237907611547,-87.6226429941608
Start,St Clair St & Ohio St,member,4774,41.89237816618175,-87.62265101583704
Start,St Louis Ave & 51st St,casual,34,41.80095,-87.71104
Start,St Louis Ave & 51st St,member,6,41.80095,-87.71103999999998
Start,St Louis Ave & 59th St,casual,9,41.78589,-87.71057
Start,St Louis Ave & 59th St,member,24,41.78589,-87.71057
Start,St Louis Ave & Armitage Ave,casual,248,41.91716938347984,-87.71357951481048
Start,St Louis Ave & Armitage Ave,member,306,41.917165967852945,-87.71357588855881
Start,St Louis Ave & Foster Ave,casual,122,41.97598436508197,-87.71598367601638
Start,St Louis Ave & Foster Ave,member,740,41.975984007683785,-87.71598398730946
Start,St Louis Ave & Norman Bobbins Pl,casual,87,41.79439,-87.71132
Start,St Louis Ave & Norman Bobbins Pl,member,16,41.79439,-87.71132
Start,St. Clair St & Erie St,casual,1497,41.89435006418175,-87.62280508184229
Start,St. Clair St & Erie St,member,3318,41.89435411904083,-87.62281014256705
Start,St. Clair St & Erie St 1,casual,2099,41.89439895120105,-87.62285923216437
Start,St. Clair St & Erie St 1,member,3735,41.894400176057566,-87.62285906670897
Start,St. Clair St & Erie St 2,casual,2561,41.89445,-87.62268
Start,St. Clair St & Erie St 2,member,6363,41.89445,-87.62268000000002
Start,St. Louis & 71st St,casual,19,41.764354846,-87.71011941010526
Start,St. Louis & 71st St,member,6,41.764354,-87.710121
Start,St. Louis Ave & 59th St,casual,37,41.78589,-87.71057
Start,St. Louis Ave & 59th St,member,14,41.78589,-87.71057
Start,St. Louis Ave & 71st St,casual,30,41.764354,-87.710121
Start,St. Louis Ave & 71st St,member,5,41.764354,-87.710121
Start,St. Louis Ave & Balmoral Ave,casual,185,41.98039355251081,-87.71611576433513
Start,St. Louis Ave & Balmoral Ave,member,1223,41.98039336629967,-87.71611548767457
Start,St. Louis Ave & Fullerton Ave,casual,733,41.92481822918954,-87.71449558845197
Start,St. Louis Ave & Fullerton Ave,member,1608,41.92481751296383,-87.71449538991166
Start,State St & 111th St,casual,61,41.692534884147534,-87.62282922
Start,State St & 111th St,member,11,41.6925224,-87.62284985454545
Start,State St & 123rd St,casual,25,41.67064383687979,-87.62258648872375
Start,State St & 123rd St,member,2,41.67064383687979,-87.62258648872375
Start,State St & 127th St,casual,27,41.66388,-87.622
Start,State St & 19th St,casual,938,41.85658923796162,-87.627548567
Start,State St & 19th St,member,1717,41.856590657649974,-87.62754606049332
Start,State St & 29th St,casual,230,41.841708697021744,-87.62690502986958
Start,State St & 29th St,member,301,41.84171153151828,-87.6269004729834
Start,State St & 33rd St,casual,1001,41.83473389703996,-87.6258130876873
Start,State St & 33rd St,member,2862,41.83473387574493,-87.62581301205556
Start,State St & 35th St,casual,914,41.83103666961,-87.62679915381187
Start,State St & 35th St,member,1536,41.831036700984036,-87.62679854827034
Start,State St & 45th St,casual,111,41.81312981566667,-87.62585090466668
Start,State St & 45th St,member,66,41.81312948554545,-87.6258505340606
Start,State St & 54th St,casual,76,41.79664036728947,-87.62592217278947
Start,State St & 54th St,member,196,41.796642,-87.62592299999999
Start,State St & 76th St,casual,32,41.756971,-87.624621
Start,State St & 76th St,member,30,41.756971,-87.624621
Start,State St & 79th St,casual,117,41.750794034076925,-87.6244244471282
Start,State St & 79th St,member,92,41.75079397077174,-87.62442420970653
Start,State St & 95th St,casual,274,41.72184357497811,-87.62285312706204
Start,State St & 95th St,member,75,41.72183706452,-87.62285339130666
Start,State St & Chicago Ave,casual,7795,41.89661679138861,-87.62857931478395
Start,State St & Chicago Ave,member,22126,41.896617325839905,-87.62857976779148
Start,State St & Harrison St,casual,2895,41.874052108316754,-87.62771633939067
Start,State St & Harrison St,member,4838,41.87405111197892,-87.62771635778009
Start,State St & Kinzie St,casual,4768,41.889371846952436,-87.62707957560391
Start,State St & Kinzie St,member,9776,41.88936895497003,-87.62708233495582
Start,State St & Pearson St,casual,2085,41.89744757860975,-87.62872330851862
Start,State St & Pearson St,member,5506,41.89744421984035,-87.6287260787539
Start,State St & Pershing Rd,casual,85,41.823015773427294,-87.6265685816
Start,State St & Pershing Rd,member,55,41.823015569144,-87.62656832954545
Start,State St & Randolph St,casual,4515,41.8846219699035,-87.62783859520972
Start,State St & Randolph St,member,7219,41.884621849706775,-87.62784007692791
Start,State St & Van Buren St,casual,2742,41.87718105831692,-87.62784429093544
Start,State St & Van Buren St,member,4313,41.87718080299799,-87.62784447814923
Start,Stave St & Armitage Ave,casual,1188,41.9177409725564,-87.69139361991834
Start,Stave St & Armitage Ave,member,2514,41.917740810873504,-87.69139359838199
Start,Steelworkers Park,casual,96,41.73793,-87.53091
Start,Steelworkers Park,member,44,41.73793,-87.53091
Start,Steelworkers Park (Updated),casual,13,41.73794805961539,-87.53083122138462
Start,Steelworkers Park (Updated),member,1,41.737948,-87.530836
Start,Steelworkers Park Public Rack,casual,21,41.737946771047625,-87.5308334505238
Start,Steelworkers Park Public Rack,member,3,41.737948,-87.53083599999998
Start,Stetson Ave & South Water St,casual,3203,41.88683418832345,-87.62232491328504
Start,Stetson Ave & South Water St,member,6838,41.88683360556406,-87.62233400322063
Start,Stewart Ave & 123rd St,casual,83,41.6706,-87.63244
Start,Stewart Ave & 123rd St,member,1,41.6706,-87.63244
Start,Stewart Ave & 63rd St,casual,37,41.779835,-87.634774
Start,Stewart Ave & 63rd St,member,29,41.779835,-87.634774
Start,Stewart Ave & 83rd St,casual,19,41.743717,-87.634088
Start,Stewart Ave & 83rd St,member,35,41.743717,-87.634088
Start,Stockton Dr & Wrightwood Ave,casual,4186,41.93131989670266,-87.63874099004553
Start,Stockton Dr & Wrightwood Ave,member,7917,41.93131984326323,-87.63873996207577
Start,Stony Island Ave & 57th St,casual,374,41.79161,-87.58748
Start,Stony Island Ave & 57th St,member,631,41.791610044966724,-87.58748003109191
Start,Stony Island Ave & 63rd St,casual,464,41.78050934402371,-87.58683858360129
Start,Stony Island Ave & 63rd St,member,373,41.78050708638606,-87.58684834395443
Start,Stony Island Ave & 64th St,casual,152,41.77888116064474,-87.58664927269737
Start,Stony Island Ave & 64th St,member,147,41.778881211517,-87.58664977656463
Start,Stony Island Ave & 67th St,casual,216,41.773458601320556,-87.58533912437176
Start,Stony Island Ave & 67th St,member,113,41.77345875233876,-87.58533924091239
Start,Stony Island Ave & 71st St,casual,120,41.766493392774166,-87.5864607653875
Start,Stony Island Ave & 71st St,member,153,41.766493406071895,-87.5864606903268
Start,Stony Island Ave & 75th St,casual,89,41.75867015330562,-87.58688306475281
Start,Stony Island Ave & 75th St,member,142,41.75866969855212,-87.58688303525352
Start,Stony Island Ave & 82nd St,casual,39,41.746559,-87.586005
Start,Stony Island Ave & 82nd St,member,22,41.746559,-87.586005
Start,Stony Island Ave & 90th St,casual,27,41.73139137818006,-87.58573892381759
Start,Stony Island Ave & 90th St,member,26,41.73139494330236,-87.58574366569519
Start,Stony Island Ave & South Chicago Ave,casual,27,41.75117300000001,-87.585337
Start,Stony Island Ave & South Chicago Ave,member,21,41.751173,-87.585337
Start,Summit Ave & 86th St,casual,3,41.73784847673341,-87.64489978551863
Start,Summit Ave & 86th St,member,1,41.73784847673341,-87.64489978551863
Start,Talman Ave & Addison St,casual,1060,41.946636012345664,-87.6946149071151
Start,Talman Ave & Addison St,member,2232,41.94663601744346,-87.69461493152687
Start,The Salt Shed,casual,2161,41.90689015137621,-87.65978029234752
Start,The Salt Shed,member,2542,41.906890206051926,-87.65978059654643
Start,Theater on the Lake,casual,15112,41.926276712721545,-87.63083482139054
Start,Theater on the Lake,member,11771,41.92627673004477,-87.63083493039537
Start,Theater on the Lake Overflow Corral,casual,526,41.92621,-87.63109
Start,Theater on the Lake Overflow Corral,member,188,41.92621,-87.63109
Start,Theater on the Lake Public Rack - East,casual,237,41.9269768,-87.6301854
Start,Theater on the Lake Public Rack - East,member,106,41.9269768,-87.6301854
Start,Theater on the Lake Public Rack - North ,casual,86,41.9275216,-87.6307031
Start,Theater on the Lake Public Rack - North ,member,41,41.9275216,-87.6307031
Start,Theater on the Lake Public Rack - South,casual,152,41.9265258,-87.6306173
Start,Theater on the Lake Public Rack - South,member,69,41.9265258,-87.6306173
Start,Throop St & 52nd St,casual,65,41.799659000000005,-87.657195
Start,Throop St & 52nd St,member,15,41.799659,-87.657195
Start,Throop St & 99th St,casual,33,41.71414,-87.6547
Start,Throop St & 99th St,member,13,41.71414,-87.65470000000002
Start,Throop St & Taylor St,casual,1515,41.86896588968119,-87.65914058230496
Start,Throop St & Taylor St,member,3784,41.86896299214482,-87.65913982116227
Start,Torrence Ave & 106th St,casual,23,41.70280085022591,-87.55972623825073
Start,Torrence Ave & 106th St,member,9,41.70280085022591,-87.55972623825073
Start,Torrence Ave & 126th Pl,casual,57,41.66631200825726,-87.55721569061278
Start,Torrence Ave & 126th Pl,member,1,41.66631200825726,-87.55721569061278
Start,Tripp Ave & 15th St,casual,42,41.860771452595245,-87.73135978230951
Start,Tripp Ave & 15th St,member,92,41.86077,-87.73136
Start,Tripp Ave & 31st St,casual,27,41.836966,-87.730502
Start,Tripp Ave & 31st St,member,20,41.83697070469999,-87.73049965800001
Start,Tripp Ave & 65th St,casual,90,41.774910069600004,-87.72882941674445
Start,Tripp Ave & 65th St,member,30,41.77490934873333,-87.72882497063333
Start,Troy Ave & 27th St,casual,19,41.84265233694737,-87.7040057026842
Start,Troy Ave & 27th St,member,6,41.84265,-87.70401
Start,Troy St & 27th St,casual,27,41.842659999999995,-87.70405
Start,Troy St & 27th St,member,16,41.84266,-87.70405
Start,Troy St & Elston Ave,casual,629,41.94524296867186,-87.70665001705564
Start,Troy St & Elston Ave,member,1714,41.945243344533,-87.70664988982749
Start,Troy St & Grace St,casual,271,41.95024224080443,-87.70636175700369
Start,Troy St & Grace St,member,608,41.95024181888651,-87.70637504470065
Start,Troy St & Jackson Blvd,casual,23,41.877507255,-87.70484777291304
Start,Troy St & Jackson Blvd,member,68,41.877506056294116,-87.70484946294117
Start,Troy St & North Ave,casual,1068,41.90977067052283,-87.70528288090084
Start,Troy St & North Ave,member,1227,41.909770949190786,-87.70528324962348
Start,Union Ave & Root St,casual,116,41.819102722870696,-87.64327866594826
Start,Union Ave & Root St,member,81,41.819102,-87.643278
Start,University Ave & 57th St,casual,5142,41.79147787607857,-87.59986224786776
Start,University Ave & 57th St,member,16244,41.79147796008464,-87.59986209678935
Start,University Ave & 59th St,casual,1575,41.78787774506222,-87.59890794825144
Start,University Ave & 59th St,member,4804,41.78787786419796,-87.59890703321669
Start,University Ave & 65th St,casual,406,41.77693999876847,-87.598420097601
Start,University Ave & 65th St,member,394,41.776940070982235,-87.59842015182741
Start,University Library (NU),casual,1080,42.05293894262685,-87.67344605643704
Start,University Library (NU),member,1426,42.052939017888505,-87.67344317968863
Start,Valli Produce - Evanston Plaza,casual,321,42.03974157841122,-87.69941295582866
Start,Valli Produce - Evanston Plaza,member,381,42.03974160381102,-87.69941304006562
Start,Vernon Ave & 107th St,casual,26,41.70012408069123,-87.61226239570809
Start,Vernon Ave & 107th St,member,56,41.70012137923887,-87.61225998401642
Start,Vernon Ave & 75th St,casual,32,41.758361,-87.614138
Start,Vernon Ave & 75th St,member,269,41.75836104442379,-87.61413777013382
Start,Vernon Ave & 79th St,casual,38,41.750938972342105,-87.61379077357894
Start,Vernon Ave & 79th St,member,97,41.75094,-87.61379
Start,Vincennes Ave & 104th St,casual,65,41.70492556499764,-87.65686810958869
Start,Vincennes Ave & 104th St,member,35,41.70492582645485,-87.65687002688615
Start,Vincennes Ave & 107th St,casual,61,41.69922,-87.65868999999999
Start,Vincennes Ave & 107th St,member,28,41.699218392857134,-87.65869030567858
Start,Vincennes Ave & 75th St,casual,22,41.75797,-87.63121
Start,Vincennes Ave & 75th St,member,9,41.75797,-87.63121
Start,Vincennes Ave & 79th St,casual,39,41.75059855015384,-87.6340966271282
Start,Vincennes Ave & 79th St,member,76,41.7506,-87.63409
Start,Vincennes Ave & 95th St,casual,36,41.72126,-87.65005
Start,Vincennes Ave & 95th St,member,71,41.72126024109859,-87.65004982432394
Start,Virginia Ave & Catalpa Ave,casual,110,41.981240863390916,-87.70493801750908
Start,Virginia Ave & Catalpa Ave,member,256,41.98124165534766,-87.70492844378515
Start,W 103rd St & S Avers Ave,casual,16,41.705846,-87.717074
Start,W 103rd St & S Avers Ave,member,14,41.705846,-87.717074
Start,W Armitage Ave & N Sheffield Ave,casual,488,41.91780716565574,-87.65344616312295
Start,W Armitage Ave & N Sheffield Ave,member,1035,41.91780983981062,-87.6534443107459
Start,W Washington Blvd & N Peoria St,casual,148,41.88304524930406,-87.64993387364864
Start,W Washington Blvd & N Peoria St,member,396,41.88305265961364,-87.64994138743938
Start,Wabash Ave & 16th St,casual,2589,41.86038464735123,-87.62581262380287
Start,Wabash Ave & 16th St,member,5940,41.86038471200146,-87.62581279262491
Start,Wabash Ave & 49th St,casual,69,41.805810984405795,-87.62449995905797
Start,Wabash Ave & 49th St,member,35,41.80581,-87.6245
Start,Wabash Ave & 59th St,casual,88,41.78705410722876,-87.62402782650143
Start,Wabash Ave & 59th St,member,29,41.787052970257335,-87.62402973196657
Start,Wabash Ave & 83rd St,casual,6,41.74335609354437,-87.62284771599097
Start,Wabash Ave & 83rd St,member,33,41.74335976225324,-87.62284398078917
Start,Wabash Ave & 87th St,casual,68,41.7365549255161,-87.6226449635053
Start,Wabash Ave & 87th St,member,86,41.736553545688,-87.62264427438947
Start,Wabash Ave & 9th St,casual,4214,41.87076854069792,-87.62573408774585
Start,Wabash Ave & 9th St,member,8212,41.870766879193624,-87.6257376272623
Start,Wabash Ave & Adams St,casual,2547,41.879472711450546,-87.62569029785226
Start,Wabash Ave & Adams St,member,4930,41.8794724503523,-87.62569048621154
Start,Wabash Ave & Cermak Rd,casual,1602,41.85261854011423,-87.62649054756116
Start,Wabash Ave & Cermak Rd,member,1859,41.8526186233007,-87.62649051236095
Start,Wabash Ave & Grand Ave,casual,8133,41.891465721478795,-87.62676075721875
Start,Wabash Ave & Grand Ave,member,13176,41.89146509237568,-87.62676093605047
Start,Wabash Ave & Jackson Blvd,casual,1998,41.8780097823003,-87.62599333624625
Start,Wabash Ave & Jackson Blvd,member,3434,41.87800984200292,-87.62599341929995
Start,Wabash Ave & Roosevelt Rd,casual,5886,41.86722619091607,-87.62596142090334
Start,Wabash Ave & Roosevelt Rd,member,12480,41.867225855172116,-87.62596115352868
Start,Wabash Ave & Wacker Pl,casual,1653,41.886872137378106,-87.62603077471809
Start,Wabash Ave & Wacker Pl,member,2125,41.88687271925177,-87.62603023882399
Start,Wabash Ave & Washington St,casual,4516,41.883200180414526,-87.62661986245195
Start,Wabash Ave & Washington St,member,7784,41.88320035831051,-87.62661970157336
Start,Wacker Dr & Randolph St,casual,1803,41.88453895881587,-87.63732020699943
Start,Wacker Dr & Randolph St,member,4823,41.88453584269003,-87.6373196300906
Start,Wacker Dr & Washington St,casual,1691,41.88314285327006,-87.6372415270068
Start,Wacker Dr & Washington St,member,6624,41.88314593952345,-87.63724304370021
Start,Wacker Dr & Washington St Corral,casual,203,41.883164397674875,-87.63736014670444
Start,Wacker Dr & Washington St Corral,member,873,41.883164730773196,-87.63736337863116
Start,Walden Pkwy & 100th St,casual,153,41.71216628366083,-87.6677338188791
Start,Walden Pkwy & 100th St,member,69,41.712166273566204,-87.66773253592439
Start,Wallace St & 28th St,casual,307,41.843511326371335,-87.64189961872638
Start,Wallace St & 28th St,member,604,41.84351151012251,-87.64189926298842
Start,Wallace St & 35th St,casual,620,41.8307056431287,-87.64125619290327
Start,Wallace St & 35th St,member,757,41.830706332105784,-87.6412558861701
Start,Wallace St & Pershing Rd,casual,58,41.82368715517242,-87.64019853448276
Start,Wallace St & Pershing Rd,member,75,41.823640226666676,-87.64035353333334
Start,Walsh Park,casual,1904,41.91460871140178,-87.66796806975788
Start,Walsh Park,member,3116,41.91460841182799,-87.66796824899005
Start,Warren Park East,casual,280,42.00454976968793,-87.6806647463975
Start,Warren Park East,member,481,42.00454954015647,-87.68066590025136
Start,Warren Park West,casual,269,42.001785434888475,-87.68882825157993
Start,Warren Park West,member,768,42.001785088579425,-87.68882898551823
Start,Washington Blvd & Peoria St Public Rack,casual,187,41.883045853550804,-87.64993255759892
Start,Washington Blvd & Peoria St Public Rack,member,386,41.883052600860104,-87.64993722357514
Start,Washington/Green (Green Side) Corral,casual,70,41.8833012,-87.6486656
Start,Washington/Green (Green Side) Corral,member,96,41.88330686177083,-87.64866044131251
Start,Washington/Green (Washington Side) Corral,casual,39,41.8831974,-87.6487729
Start,Washington/Green (Washington Side) Corral,member,70,41.88319768137143,-87.64877251591429
Start,Washtenaw Ave & Lawrence Ave,casual,774,41.96873241370413,-87.69625894699873
Start,Washtenaw Ave & Lawrence Ave,member,2163,41.96873129491123,-87.69625934304901
Start,Washtenaw Ave & Ogden Ave,casual,208,41.8619307752991,-87.69345082800879
Start,Washtenaw Ave & Ogden Ave,member,438,41.86193050819365,-87.69345353945073
Start,Washtenaw Ave & Peterson Ave,casual,95,41.99070895281053,-87.69705730641053
Start,Washtenaw Ave & Peterson Ave,member,214,41.99070488973364,-87.69705750547196
Start,Washtenaw Ave & Polk St,casual,365,41.8711211151315,-87.6937253717178
Start,Washtenaw Ave & Polk St,member,207,41.871128177173915,-87.69374277447825
Start,Waveland/Racine Corral,casual,1371,41.94882203996499,-87.65928201583807
Start,Waveland/Racine Corral,member,1125,41.94882419348504,-87.65928042199496
Start,Waveland/Wilton Corral,casual,168,41.94890845245833,-87.65314660058928
Start,Waveland/Wilton Corral,member,160,41.94891659827708,-87.65316675817292
Start,Wellington Ave & Mulligan Ave,casual,48,41.93472926597917,-87.78435695129167
Start,Wellington Ave & Mulligan Ave,member,26,41.934729999999995,-87.78436
Start,Wells St & 19th St,casual,1161,41.85680196093454,-87.63387845530661
Start,Wells St & 19th St,member,573,41.85680227501047,-87.63387892021291
Start,Wells St & Concord Ln,casual,9381,41.91213203671069,-87.63465663700258
Start,Wells St & Concord Ln,member,19398,41.91213062408195,-87.63465773784056
Start,Wells St & Elm St,casual,8165,41.90322187550374,-87.63432986813571
Start,Wells St & Elm St,member,19639,41.90321949501638,-87.63434032661814
Start,Wells St & Evergreen Ave,casual,5716,41.906723896527986,-87.63483659016951
Start,Wells St & Evergreen Ave,member,10439,41.90672453861663,-87.63484425953382
Start,Wells St & Hubbard St,casual,7891,41.88990699504043,-87.6342670212238
Start,Wells St & Hubbard St,member,17523,41.88990820594737,-87.63426808124682
Start,Wells St & Huron St,casual,7414,41.894793054496446,-87.63437714038658
Start,Wells St & Huron St,member,17923,41.89479077206276,-87.6343798907359
Start,Wells St & Institute Pl,casual,2450,41.897383012517764,-87.6344407594932
Start,Wells St & Institute Pl,member,6051,41.89735964302826,-87.63445253788443
Start,Wells St & Madison St,casual,1806,41.88199070842581,-87.63417931417996
Start,Wells St & Madison St,member,4004,41.88198977481502,-87.63417700828214
Start,Wells St & Ohio St,casual,1944,41.892811330880654,-87.63420947631789
Start,Wells St & Ohio St,member,3327,41.89281271793136,-87.6342085272116
Start,Wells St & Polk St,casual,3875,41.87273320193972,-87.63352126461513
Start,Wells St & Polk St,member,8061,41.872733655604776,-87.63352337730703
Start,Wells St & Randolph St,casual,3620,41.884294404293094,-87.63396228868812
Start,Wells St & Randolph St,member,7790,41.88429170960801,-87.63396042238035
Start,Wells St & Randolph St Corral,casual,138,41.8843741142029,-87.63396206654349
Start,Wells St & Randolph St Corral,member,341,41.88437205882404,-87.63395672557478
Start,Wells St & Walton St,casual,4175,41.89993102281293,-87.63443007901029
Start,Wells St & Walton St,member,10336,41.89993251216682,-87.6344301331755
Start,Wells St & Washington St,casual,1329,41.88300117434086,-87.63395804656284
Start,Wells St & Washington St,member,3162,41.88300061739658,-87.6339530616072
Start,Wentworth Ave & 104th St,casual,16,41.705315326060806,-87.62919205425803
Start,Wentworth Ave & 104th St,member,3,41.705307996998194,-87.62921690940857
Start,Wentworth Ave & 107th St,casual,37,41.69989,-87.62785
Start,Wentworth Ave & 107th St,member,6,41.69989,-87.62785000000001
Start,Wentworth Ave & 111th St,casual,30,41.69259,-87.62825
Start,Wentworth Ave & 111th St,member,26,41.69259,-87.62825
Start,Wentworth Ave & 24th St,casual,929,41.85008370222035,-87.63214073075889
Start,Wentworth Ave & 24th St,member,970,41.85008358979904,-87.63214072750934
Start,Wentworth Ave & 33rd St,casual,806,41.83452992698713,-87.63182295690993
Start,Wentworth Ave & 33rd St,member,1311,41.83453041557784,-87.63182296992143
Start,Wentworth Ave & 35th St,casual,1334,41.830777522470015,-87.63250377655922
Start,Wentworth Ave & 35th St,member,1264,41.83077716597152,-87.6325040112049
Start,Wentworth Ave & 63rd St,casual,137,41.780079615022196,-87.62974629484818
Start,Wentworth Ave & 63rd St,member,63,41.78008022208,-87.6297473406381
Start,Wentworth Ave & 92nd St,casual,29,41.727140000000006,-87.62885999999999
Start,Wentworth Ave & 92nd St,member,49,41.72714,-87.62885999999999
Start,Wentworth Ave & Cermak Rd*,casual,3400,41.85321380939494,-87.63187208901478
Start,Wentworth Ave & Cermak Rd*,member,3035,41.85321379974222,-87.63187204597493
Start,Western Ave & 101st St,casual,94,41.71010992082979,-87.68198016881914
Start,Western Ave & 101st St,member,15,41.71011,-87.68198
Start,Western Ave & 104th St,casual,53,41.70458710218908,-87.68120348453522
Start,Western Ave & 104th St,member,24,41.70458710218908,-87.68120348453522
Start,Western Ave & 111th St,casual,59,41.691212065778295,-87.68129670114394
Start,Western Ave & 111th St,member,14,41.691211034981045,-87.68129736185074
Start,Western Ave & 21st St,casual,393,41.854107918043255,-87.68583815823665
Start,Western Ave & 21st St,member,892,41.85410828243498,-87.68583803690247
Start,Western Ave & 24th St,casual,375,41.848469677610666,-87.68510978099998
Start,Western Ave & 24th St,member,473,41.848469502325585,-87.68510994928752
Start,Western Ave & 28th St,casual,72,41.84151770807,-87.6851314409
Start,Western Ave & 28th St,member,128,41.84151738829547,-87.68513291409687
Start,Western Ave & 43rd St,casual,89,41.81574,-87.68489
Start,Western Ave & 43rd St,member,135,41.81574009874074,-87.68489156873333
Start,Western Ave & 62nd St,casual,23,41.780980908869566,-87.6833984103913
Start,Western Ave & 62nd St,member,23,41.78098086956521,-87.68338702608696
Start,Western Ave & 79th St,casual,65,41.750843,-87.682701
Start,Western Ave & 79th St,member,34,41.750843,-87.682701
Start,Western Ave & 81st St,casual,16,41.746423436125,-87.6831173370625
Start,Western Ave & 81st St,member,15,41.746426,-87.683123
Start,Western Ave & Ardmore Ave,casual,163,41.986657614435586,-87.68973249517177
Start,Western Ave & Ardmore Ave,member,332,41.98666880588253,-87.68974724039155
Start,Western Ave & Berteau Ave,casual,473,41.95773977343129,-87.68827327376322
Start,Western Ave & Berteau Ave,member,1442,41.957739398877024,-87.6882740874133
Start,Western Ave & Congress Pkwy,casual,733,41.87474798701,-87.6864451878798
Start,Western Ave & Congress Pkwy,member,1465,41.874745184032335,-87.68644340999549
Start,Western Ave & Division St,casual,1645,41.90289354819635,-87.6872772275915
Start,Western Ave & Division St,member,2825,41.90289389256,-87.68727945541947
Start,Western Ave & Fillmore St,casual,468,41.86856408300854,-87.68623411457905
Start,Western Ave & Fillmore St,member,1921,41.86856432364133,-87.68623417978553
Start,Western Ave & Grace St,casual,523,41.95035158472275,-87.68808396171893
Start,Western Ave & Grace St,member,1394,41.95035171442109,-87.68808007814563
Start,Western Ave & Granville Ave,casual,452,41.99416113347093,-87.68943798888274
Start,Western Ave & Granville Ave,member,1143,41.99416131924096,-87.6894386872161
Start,Western Ave & Gunnison St,casual,407,41.96966003238329,-87.68952763785013
Start,Western Ave & Gunnison St,member,1228,41.96966072798914,-87.68952969840717
Start,Western Ave & Howard St,casual,431,42.01890119082366,-87.69004810533178
Start,Western Ave & Howard St,member,690,42.01890093014782,-87.69004810630436
Start,Western Ave & Lake St,casual,279,41.8847823755233,-87.68656884524015
Start,Western Ave & Lake St,member,289,41.88479352938408,-87.68660843202767
Start,Western Ave & Leland Ave,casual,1652,41.96572004107627,-87.6884404592028
Start,Western Ave & Leland Ave,member,4435,41.96572000635332,-87.6884403702354
Start,Western Ave & Lunt Ave,casual,181,42.00859466060663,-87.6904914937188
Start,Western Ave & Lunt Ave,member,1228,42.0085943922342,-87.69049190888087
Start,Western Ave & Lyndale St,casual,643,41.92260047991291,-87.68771927882271
Start,Western Ave & Lyndale St,member,1286,41.922600638593835,-87.68771888463426
Start,Western Ave & Monroe St,casual,430,41.881426234916276,-87.6866310679445
Start,Western Ave & Monroe St,member,723,41.88142707290595,-87.6866300843798
Start,Western Ave & Roscoe St,casual,975,41.94303475770563,-87.6872883642123
Start,Western Ave & Roscoe St,member,2065,41.94303438608023,-87.68728849662469
Start,Western Ave & Wabansia Ave,casual,926,41.912080023551844,-87.68752153484881
Start,Western Ave & Wabansia Ave,member,1917,41.91208050164423,-87.68752197805323
Start,Western Ave & Walton St,casual,1719,41.89841811133351,-87.68659589421675
Start,Western Ave & Walton St,member,3451,41.89841900361915,-87.68659561951024
Start,Western Ave & Winnebago Ave,casual,2095,41.91552075860382,-87.68702328030501
Start,Western Ave & Winnebago Ave,member,4255,41.91552122124607,-87.68702390302727
Start,Western Blvd & 48th Pl,casual,262,41.805661,-87.683392
Start,Western Blvd & 48th Pl,member,256,41.80566105387109,-87.68339155641016
Start,Whipple St & Irving Park Rd,casual,171,41.954219571228066,-87.7044393941696
Start,Whipple St & Irving Park Rd,member,303,41.95421938519472,-87.7044399059175
Start,Whipple St & Roosevelt Rd,casual,57,41.866552053614036,-87.7015536770351
Start,Whipple St & Roosevelt Rd,member,41,41.86655174209756,-87.70163627807317
Start,Whipple/Irving Park,casual,114,41.95418812121052,-87.70444835382455
Start,Whipple/Irving Park,member,212,41.95418886086321,-87.7044465006698
Start,Wilton Ave & Addison St,casual,2356,41.94745921883574,-87.65321523321761
Start,Wilton Ave & Addison St,member,3761,41.94745927197315,-87.65321421565727
Start,Wilton Ave & Belmont Ave,casual,6186,41.94023017463993,-87.65294415826307
Start,Wilton Ave & Belmont Ave,member,12630,41.940229870212946,-87.65294416468008
Start,Wilton Ave & Diversey Pkwy,casual,4647,41.93241779691048,-87.65270493805981
Start,Wilton Ave & Diversey Pkwy,member,10742,41.93241793392394,-87.65270501103947
Start,Wilton Ave & Diversey Pkwy*,casual,448,41.93241765100223,-87.65270515265401
Start,Wilton Ave & Diversey Pkwy*,member,1341,41.93241788776883,-87.65270493375913
Start,Winchester (Ravenswood) Ave & Balmoral Ave,casual,529,41.97976274967864,-87.67753147249907
Start,Winchester (Ravenswood) Ave & Balmoral Ave,member,1516,41.979762345209764,-87.67753063952375
Start,Winchester Ave & Elston Ave,casual,983,41.92409046684763,-87.67645962726786
Start,Winchester Ave & Elston Ave,member,1942,41.92408840869414,-87.6764585413364
Start,Winthrop Ave & Bryn Mawr Ave,casual,632,41.98384133990981,-87.65805998768037
Start,Winthrop Ave & Bryn Mawr Ave,member,936,41.983841336813036,-87.6580598503718
Start,Winthrop Ave & Lawrence Ave,casual,1593,41.96881384237978,-87.65765916282359
Start,Winthrop Ave & Lawrence Ave,member,3236,41.968814763186955,-87.65765913489153
Start,Winthrop Ave & Sheridan Rd,casual,386,41.99814023972798,-87.65885016352073
Start,Winthrop Ave & Sheridan Rd,member,512,41.99814015190625,-87.65884970241015
Start,Wolcott (Ravenswood) Ave & Montrose Ave,casual,1823,41.96140647932967,-87.67616982141416
Start,Wolcott (Ravenswood) Ave & Montrose Ave,member,4082,41.96140676315458,-87.67617087865433
Start,Wolcott Ave & Fargo Ave,casual,135,42.01697600694815,-87.67772476473333
Start,Wolcott Ave & Fargo Ave,member,496,42.01697616972379,-87.67772511560685
Start,Wolcott Ave & Polk St,casual,1346,41.871262850924964,-87.6736881502303
Start,Wolcott Ave & Polk St,member,6662,41.871262897190334,-87.6736882845162
Start,Wood St & 33rd St,casual,140,41.83427047684285,-87.67059980240714
Start,Wood St & 33rd St,member,120,41.834270239424995,-87.67059936809166
Start,Wood St & 35th St,casual,223,41.830104554256685,-87.67030110747355
Start,Wood St & 35th St,member,539,41.830105308135735,-87.67030049163711
Start,Wood St & 84th St,casual,39,41.74119227992308,-87.66812708166665
Start,Wood St & 84th St,member,12,41.741192,-87.66810600000001
Start,Wood St & Augusta Blvd,casual,1495,41.89918097672374,-87.67220025668495
Start,Wood St & Augusta Blvd,member,5042,41.899179978942875,-87.6722003795823
Start,Wood St & Beach Ave,casual,3351,41.907654832982686,-87.67255204426678
Start,Wood St & Beach Ave,member,7405,41.90765452032357,-87.67255205433356
Start,Wood St & Chicago Ave,casual,1754,41.895634265098636,-87.67206964397832
Start,Wood St & Chicago Ave,member,5686,41.89563369653535,-87.67207073067293
Start,Wood St & Cortland St,casual,1033,41.91588940636979,-87.67280930194966
Start,Wood St & Cortland St,member,1899,41.91588729352167,-87.67280869660031
Start,Wood St & Hubbard St,casual,1109,41.88971328265555,-87.67196585925429
Start,Wood St & Hubbard St,member,2941,41.8897098765828,-87.6719663486304
Start,Wood St & Milwaukee Ave,casual,1470,41.90631827429524,-87.67153239086258
Start,Wood St & Milwaukee Ave,member,2733,41.90631949267069,-87.67153369649176
Start,Wood St & Taylor St (Temp),casual,798,41.86926893479987,-87.67373162426584
Start,Wood St & Taylor St (Temp),member,4576,41.86926682141758,-87.67373195439046
Start,Wood St & Walnut St,casual,456,41.885811723048306,-87.67186937004031
Start,Wood St & Walnut St,member,618,41.885832302212656,-87.6718788924763
Start,Wood St & Webster Ave,casual,835,41.921056230501065,-87.67279743805645
Start,Wood St & Webster Ave,member,2419,41.92105562844318,-87.67279755334667
Start,Woodlawn & 103rd,casual,25,41.7073399922,-87.59399194424
Start,Woodlawn & 103rd,member,2,41.707338,-87.59399
Start,Woodlawn Ave & 103rd St,casual,12,41.70738195175,-87.59404119508334
Start,Woodlawn Ave & 103rd St,member,2,41.70738,-87.59404
Start,Woodlawn Ave & 55th St,casual,2859,41.79526436098566,-87.5964711699171
Start,Woodlawn Ave & 55th St,member,6135,41.795264731244664,-87.59647149228671
Start,Woodlawn Ave & 58th St,casual,2336,41.78938111975385,-87.59647908801969
Start,Woodlawn Ave & 58th St,member,6226,41.78938119350556,-87.59647906354218
Start,Woodlawn Ave & 75th St,casual,20,41.7591596862,-87.59594414620001
Start,Woodlawn Ave & 75th St,member,14,41.75916,-87.59590464285715
Start,Woodlawn Ave & Lake Park Ave,casual,453,41.814092637618096,-87.59700500540619
Start,Woodlawn Ave & Lake Park Ave,member,496,41.81409264402686,-87.59700515681169
Start,Yates Ave & 95th St,casual,8,41.72237,-87.56478
Start,Yates Ave & 95th St,member,13,41.72237,-87.56478
Start,Yates Blvd & 75th St,casual,57,41.7587668804386,-87.56643989936842
Start,Yates Blvd & 75th St,member,83,41.758764932771086,-87.56644006524097
Start,Yates Blvd & 93rd St,casual,29,41.72616712116769,-87.56627939488354
Start,Yates Blvd & 93rd St,member,33,41.72616639024511,-87.5662761926651
Start,[Archived] Wilton Ave & Diversey Pkwy,casual,28,41.93241492142857,-87.65270596907143
Start,[Archived] Wilton Ave & Diversey Pkwy,member,146,41.9324203259863,-87.65270605887672
