member_casual,rideable_type,day_of_week,day_name,ride_month,start_hour,total_rides,total_ride_minutes
casual,classic_bike,1,Sunday,2025-09,0,310,6825.262216666667
casual,classic_bike,1,Sunday,2025-09,1,221,4628.77645
casual,classic_bike,1,Sunday,2025-09,2,168,4161.88725
casual,classic_bike,1,Sunday,2025-09,3,61,1121.17475
casual,classic_bike,1,Sunday,2025-09,4,44,756.2188
casual,classic_bike,1,Sunday,2025-09,5,44,1383.01445
casual,classic_bike,1,Sunday,2025-09,6,105,6522.792366666667
casual,classic_bike,1,Sunday,2025-09,7,202,11401.390116666667
casual,classic_bike,1,Sunday,2025-09,8,347,14501.588216666667
casual,classic_bike,1,Sunday,2025-09,9,606,21138.738866666667
casual,classic_bike,1,Sunday,2025-09,10,959,32684.791483333334
casual,classic_bike,1,Sunday,2025-09,11,1218,48430.81331666667
casual,classic_bike,1,Sunday,2025-09,12,1357,50281.76906666667
casual,classic_bike,1,Sunday,2025-09,13,1331,45566.60838333333
casual,classic_bike,1,Sunday,2025-09,14,1284,44762.37123333333
casual,classic_bike,1,Sunday,2025-09,15,1265,38967.80396666667
casual,classic_bike,1,Sunday,2025-09,16,1270,39855.20683333333
casual,classic_bike,1,Sunday,2025-09,17,1053,35504.49335
casual,classic_bike,1,Sunday,2025-09,18,965,27089.1668
casual,classic_bike,1,Sunday,2025-09,19,571,18563.46405
casual,classic_bike,1,Sunday,2025-09,20,347,9613.2048
casual,classic_bike,1,Sunday,2025-09,21,245,5863.694933333333
casual,classic_bike,1,Sunday,2025-09,22,242,4793.562533333334
casual,classic_bike,1,Sunday,2025-09,23,105,1703.4817166666667
casual,classic_bike,1,Sunday,2025-10,0,241,3352.4290333333333
casual,classic_bike,1,Sunday,2025-10,1,136,2156.9497666666666
casual,classic_bike,1,Sunday,2025-10,2,146,3092.3987500000003
casual,classic_bike,1,Sunday,2025-10,3,67,2587.056866666667
casual,classic_bike,1,Sunday,2025-10,4,52,863.2090333333333
casual,classic_bike,1,Sunday,2025-10,5,99,5026.2689
casual,classic_bike,1,Sunday,2025-10,6,213,6698.846233333334
casual,classic_bike,1,Sunday,2025-10,7,346,23417.566833333334
casual,classic_bike,1,Sunday,2025-10,8,467,18934.450233333333
casual,classic_bike,1,Sunday,2025-10,9,851,34164.84246666667
casual,classic_bike,1,Sunday,2025-10,10,1056,42647.67751666667
casual,classic_bike,1,Sunday,2025-10,11,1155,48449.73555
casual,classic_bike,1,Sunday,2025-10,12,1214,38723.00528333333
casual,classic_bike,1,Sunday,2025-10,13,1164,36544.323216666664
casual,classic_bike,1,Sunday,2025-10,14,1164,40722.80871666667
casual,classic_bike,1,Sunday,2025-10,15,1228,39838.579633333335
casual,classic_bike,1,Sunday,2025-10,16,1058,33777.484
casual,classic_bike,1,Sunday,2025-10,17,868,23207.840283333335
casual,classic_bike,1,Sunday,2025-10,18,614,17727.865733333332
casual,classic_bike,1,Sunday,2025-10,19,321,5823.03095
casual,classic_bike,1,Sunday,2025-10,20,215,5883.357383333333
casual,classic_bike,1,Sunday,2025-10,21,217,8335.931016666667
casual,classic_bike,1,Sunday,2025-10,22,157,2468.6571
casual,classic_bike,1,Sunday,2025-10,23,58,1517.0571333333332
casual,classic_bike,1,Sunday,2025-11,0,155,6025.118283333333
casual,classic_bike,1,Sunday,2025-11,1,127,4169.5163
casual,classic_bike,1,Sunday,2025-11,2,63,647.0356333333333
casual,classic_bike,1,Sunday,2025-11,3,30,429.28836666666666
casual,classic_bike,1,Sunday,2025-11,4,26,495.6082666666667
casual,classic_bike,1,Sunday,2025-11,5,14,588.3907833333334
casual,classic_bike,1,Sunday,2025-11,6,22,604.5985000000001
casual,classic_bike,1,Sunday,2025-11,7,58,2082.6001499999998
casual,classic_bike,1,Sunday,2025-11,8,97,1903.3164333333334
casual,classic_bike,1,Sunday,2025-11,9,246,6312.0695166666665
casual,classic_bike,1,Sunday,2025-11,10,349,12328.218333333334
casual,classic_bike,1,Sunday,2025-11,11,468,13129.45755
casual,classic_bike,1,Sunday,2025-11,12,482,15686.8682
casual,classic_bike,1,Sunday,2025-11,13,451,14433.277233333334
casual,classic_bike,1,Sunday,2025-11,14,445,13998.892166666667
casual,classic_bike,1,Sunday,2025-11,15,539,12350.630483333334
casual,classic_bike,1,Sunday,2025-11,16,394,10941.7858
casual,classic_bike,1,Sunday,2025-11,17,218,3306.2326
casual,classic_bike,1,Sunday,2025-11,18,136,1816.5584
casual,classic_bike,1,Sunday,2025-11,19,102,1549.0273
casual,classic_bike,1,Sunday,2025-11,20,70,1517.7882833333333
casual,classic_bike,1,Sunday,2025-11,21,65,1768.5188833333334
casual,classic_bike,1,Sunday,2025-11,22,54,1545.82545
casual,classic_bike,1,Sunday,2025-11,23,27,332.80201666666665
casual,classic_bike,1,Sunday,2025-12,0,29,503.24673333333334
casual,classic_bike,1,Sunday,2025-12,1,18,215.39236666666667
casual,classic_bike,1,Sunday,2025-12,2,17,311.5247
casual,classic_bike,1,Sunday,2025-12,3,13,532.8931
casual,classic_bike,1,Sunday,2025-12,4,5,45.968
casual,classic_bike,1,Sunday,2025-12,5,2,12.929533333333334
casual,classic_bike,1,Sunday,2025-12,6,5,546.6915
casual,classic_bike,1,Sunday,2025-12,7,8,305.1961333333333
casual,classic_bike,1,Sunday,2025-12,8,13,146.0088
casual,classic_bike,1,Sunday,2025-12,9,16,317.51615000000004
casual,classic_bike,1,Sunday,2025-12,10,28,364.1662
casual,classic_bike,1,Sunday,2025-12,11,60,1434.8809
casual,classic_bike,1,Sunday,2025-12,12,43,606.4844833333333
casual,classic_bike,1,Sunday,2025-12,13,37,490.6938166666667
casual,classic_bike,1,Sunday,2025-12,14,53,878.8584666666667
casual,classic_bike,1,Sunday,2025-12,15,78,1395.2803000000001
casual,classic_bike,1,Sunday,2025-12,16,49,1062.9799
casual,classic_bike,1,Sunday,2025-12,17,34,1586.2100333333333
casual,classic_bike,1,Sunday,2025-12,18,36,767.4703333333333
casual,classic_bike,1,Sunday,2025-12,19,26,1263.0014333333334
casual,classic_bike,1,Sunday,2025-12,20,16,190.80161666666666
casual,classic_bike,1,Sunday,2025-12,21,18,783.1907666666666
casual,classic_bike,1,Sunday,2025-12,22,16,231.71981666666665
casual,classic_bike,1,Sunday,2025-12,23,13,105.99186666666667
casual,classic_bike,1,Sunday,2026-01,0,31,1004.8115000000001
casual,classic_bike,1,Sunday,2026-01,1,16,240.2793
casual,classic_bike,1,Sunday,2026-01,2,11,92.5488
casual,classic_bike,1,Sunday,2026-01,3,7,101.87008333333333
casual,classic_bike,1,Sunday,2026-01,4,2,13.965666666666667
casual,classic_bike,1,Sunday,2026-01,5,7,48.0497
casual,classic_bike,1,Sunday,2026-01,6,6,161.92541666666668
casual,classic_bike,1,Sunday,2026-01,7,11,63.98356666666667
casual,classic_bike,1,Sunday,2026-01,8,12,1489.9281
casual,classic_bike,1,Sunday,2026-01,9,28,516.6559333333333
casual,classic_bike,1,Sunday,2026-01,10,41,969.2983666666667
casual,classic_bike,1,Sunday,2026-01,11,47,1927.3756333333333
casual,classic_bike,1,Sunday,2026-01,12,57,926.6578833333333
casual,classic_bike,1,Sunday,2026-01,13,82,1507.9901
casual,classic_bike,1,Sunday,2026-01,14,83,1176.7420166666666
casual,classic_bike,1,Sunday,2026-01,15,62,1237.7554333333333
casual,classic_bike,1,Sunday,2026-01,16,66,2440.6468000000004
casual,classic_bike,1,Sunday,2026-01,17,45,721.0435
casual,classic_bike,1,Sunday,2026-01,18,37,821.8538666666667
casual,classic_bike,1,Sunday,2026-01,19,22,215.69911666666667
casual,classic_bike,1,Sunday,2026-01,20,19,271.6628
casual,classic_bike,1,Sunday,2026-01,21,28,505.09645
casual,classic_bike,1,Sunday,2026-01,22,14,110.90923333333333
casual,classic_bike,1,Sunday,2026-01,23,11,624.08005
casual,classic_bike,1,Sunday,2026-02,0,33,555.16205
casual,classic_bike,1,Sunday,2026-02,1,20,882.7737999999999
casual,classic_bike,1,Sunday,2026-02,2,16,239.95510000000002
casual,classic_bike,1,Sunday,2026-02,3,7,55.15253333333333
casual,classic_bike,1,Sunday,2026-02,4,5,66.84051666666666
casual,classic_bike,1,Sunday,2026-02,5,2,28.249266666666667
casual,classic_bike,1,Sunday,2026-02,6,4,39.85008333333333
casual,classic_bike,1,Sunday,2026-02,7,9,233.16146666666668
casual,classic_bike,1,Sunday,2026-02,8,31,364.29336666666666
casual,classic_bike,1,Sunday,2026-02,9,44,738.9929166666667
casual,classic_bike,1,Sunday,2026-02,10,91,2062.1770166666665
casual,classic_bike,1,Sunday,2026-02,11,131,4147.153666666667
casual,classic_bike,1,Sunday,2026-02,12,190,5324.018383333333
casual,classic_bike,1,Sunday,2026-02,13,220,7137.132633333334
casual,classic_bike,1,Sunday,2026-02,14,269,7980.274516666666
casual,classic_bike,1,Sunday,2026-02,15,197,6154.453333333333
casual,classic_bike,1,Sunday,2026-02,16,196,6255.9804
casual,classic_bike,1,Sunday,2026-02,17,130,2711.5357166666668
casual,classic_bike,1,Sunday,2026-02,18,78,1360.0980333333334
casual,classic_bike,1,Sunday,2026-02,19,64,2795.8723333333332
casual,classic_bike,1,Sunday,2026-02,20,34,445.7953333333333
casual,classic_bike,1,Sunday,2026-02,21,34,658.5335666666666
casual,classic_bike,1,Sunday,2026-02,22,24,394.9749
casual,classic_bike,1,Sunday,2026-02,23,7,80.82148333333333
casual,classic_bike,1,Sunday,2026-03,0,143,5162.406433333334
casual,classic_bike,1,Sunday,2026-03,1,120,4508.618733333333
casual,classic_bike,1,Sunday,2026-03,2,69,2697.5997333333335
casual,classic_bike,1,Sunday,2026-03,3,39,1115.32755
casual,classic_bike,1,Sunday,2026-03,4,38,1289.1020166666667
casual,classic_bike,1,Sunday,2026-03,5,14,141.7164
casual,classic_bike,1,Sunday,2026-03,6,27,630.0792333333333
casual,classic_bike,1,Sunday,2026-03,7,61,1056.1565333333333
casual,classic_bike,1,Sunday,2026-03,8,72,1522.9102166666667
casual,classic_bike,1,Sunday,2026-03,9,158,3907.85685
casual,classic_bike,1,Sunday,2026-03,10,225,4741.6693000000005
casual,classic_bike,1,Sunday,2026-03,11,231,6688.6998
casual,classic_bike,1,Sunday,2026-03,12,349,8740.325233333333
casual,classic_bike,1,Sunday,2026-03,13,423,14547.00765
casual,classic_bike,1,Sunday,2026-03,14,437,14678.318266666667
casual,classic_bike,1,Sunday,2026-03,15,470,13684.59895
casual,classic_bike,1,Sunday,2026-03,16,470,13892.570483333333
casual,classic_bike,1,Sunday,2026-03,17,309,9470.585933333334
casual,classic_bike,1,Sunday,2026-03,18,229,5042.938033333334
casual,classic_bike,1,Sunday,2026-03,19,177,5265.9544000000005
casual,classic_bike,1,Sunday,2026-03,20,84,1479.8837666666666
casual,classic_bike,1,Sunday,2026-03,21,74,1081.2048666666667
casual,classic_bike,1,Sunday,2026-03,22,58,1844.2107
casual,classic_bike,1,Sunday,2026-03,23,31,617.8782833333333
casual,classic_bike,1,Sunday,2026-04,0,99,2796.801966666667
casual,classic_bike,1,Sunday,2026-04,1,90,1284.9722833333333
casual,classic_bike,1,Sunday,2026-04,2,42,491.93531666666667
casual,classic_bike,1,Sunday,2026-04,3,34,639.19305
casual,classic_bike,1,Sunday,2026-04,4,28,1320.7522333333334
casual,classic_bike,1,Sunday,2026-04,5,15,450.0992
casual,classic_bike,1,Sunday,2026-04,6,29,608.2159
casual,classic_bike,1,Sunday,2026-04,7,55,1891.2725333333333
casual,classic_bike,1,Sunday,2026-04,8,102,3906.03305
casual,classic_bike,1,Sunday,2026-04,9,242,9387.8243
casual,classic_bike,1,Sunday,2026-04,10,352,12823.187266666666
casual,classic_bike,1,Sunday,2026-04,11,471,14102.174166666668
casual,classic_bike,1,Sunday,2026-04,12,555,18142.47055
casual,classic_bike,1,Sunday,2026-04,13,521,19267.07888333333
casual,classic_bike,1,Sunday,2026-04,14,557,16640.143083333332
casual,classic_bike,1,Sunday,2026-04,15,657,20848.881666666668
casual,classic_bike,1,Sunday,2026-04,16,605,17956.22345
casual,classic_bike,1,Sunday,2026-04,17,549,16867.577433333332
casual,classic_bike,1,Sunday,2026-04,18,360,8965.967366666666
casual,classic_bike,1,Sunday,2026-04,19,183,3429.50305
casual,classic_bike,1,Sunday,2026-04,20,81,1368.9964333333332
casual,classic_bike,1,Sunday,2026-04,21,65,1333.6375
casual,classic_bike,1,Sunday,2026-04,22,43,612.1079666666667
casual,classic_bike,1,Sunday,2026-04,23,27,507.85495
casual,classic_bike,1,Sunday,2026-05,0,394,11427.46725
casual,classic_bike,1,Sunday,2026-05,1,226,7487.1296999999995
casual,classic_bike,1,Sunday,2026-05,2,152,4287.83575
casual,classic_bike,1,Sunday,2026-05,3,82,3497.0723166666667
casual,classic_bike,1,Sunday,2026-05,4,34,1208.9851833333332
casual,classic_bike,1,Sunday,2026-05,5,45,1594.5889
casual,classic_bike,1,Sunday,2026-05,6,67,3939.6625
casual,classic_bike,1,Sunday,2026-05,7,158,5786.839033333334
casual,classic_bike,1,Sunday,2026-05,8,270,8601.821433333333
casual,classic_bike,1,Sunday,2026-05,9,476,16646.033966666666
casual,classic_bike,1,Sunday,2026-05,10,590,19771.676916666667
casual,classic_bike,1,Sunday,2026-05,11,765,27603.534283333334
casual,classic_bike,1,Sunday,2026-05,12,1060,31618.783716666665
casual,classic_bike,1,Sunday,2026-05,13,1186,41134.73936666667
casual,classic_bike,1,Sunday,2026-05,14,1311,48459.747533333335
casual,classic_bike,1,Sunday,2026-05,15,1341,49970.2952
casual,classic_bike,1,Sunday,2026-05,16,1428,55570.37873333333
casual,classic_bike,1,Sunday,2026-05,17,1273,44697.870983333334
casual,classic_bike,1,Sunday,2026-05,18,1007,33414.842333333334
casual,classic_bike,1,Sunday,2026-05,19,746,26658.737233333333
casual,classic_bike,1,Sunday,2026-05,20,510,16067.78535
casual,classic_bike,1,Sunday,2026-05,21,242,7115.78245
casual,classic_bike,1,Sunday,2026-05,22,222,8720.017566666667
casual,classic_bike,1,Sunday,2026-05,23,236,8630.87685
casual,classic_bike,1,Sunday,2026-06,0,573,16903.1082
casual,classic_bike,1,Sunday,2026-06,1,358,11507.0635
casual,classic_bike,1,Sunday,2026-06,2,232,5179.383316666666
casual,classic_bike,1,Sunday,2026-06,3,153,4492.251383333333
casual,classic_bike,1,Sunday,2026-06,4,99,2878.6155833333332
casual,classic_bike,1,Sunday,2026-06,5,81,3187.6017833333335
casual,classic_bike,1,Sunday,2026-06,6,98,4155.5574166666665
casual,classic_bike,1,Sunday,2026-06,7,132,3801.1499166666667
casual,classic_bike,1,Sunday,2026-06,8,267,8349.204166666666
casual,classic_bike,1,Sunday,2026-06,9,498,18779.55215
casual,classic_bike,1,Sunday,2026-06,10,831,27122.5707
casual,classic_bike,1,Sunday,2026-06,11,980,34696.545633333335
casual,classic_bike,1,Sunday,2026-06,12,1054,37751.5284
casual,classic_bike,1,Sunday,2026-06,13,1129,35571.7129
casual,classic_bike,1,Sunday,2026-06,14,1140,37204.276633333335
casual,classic_bike,1,Sunday,2026-06,15,1066,32833.55248333333
casual,classic_bike,1,Sunday,2026-06,16,998,29681.352666666666
casual,classic_bike,1,Sunday,2026-06,17,824,21855.1458
casual,classic_bike,1,Sunday,2026-06,18,616,16350.857833333333
casual,classic_bike,1,Sunday,2026-06,19,489,14805.606216666667
casual,classic_bike,1,Sunday,2026-06,20,359,9288.23705
casual,classic_bike,1,Sunday,2026-06,21,287,8218.801383333333
casual,classic_bike,1,Sunday,2026-06,22,212,8027.89545
casual,classic_bike,1,Sunday,2026-06,23,162,5103.0998
casual,classic_bike,1,Sunday,2026-07,0,496,14604.83225
casual,classic_bike,1,Sunday,2026-07,1,277,9071.063116666666
casual,classic_bike,1,Sunday,2026-07,2,227,6112.152483333333
casual,classic_bike,1,Sunday,2026-07,3,108,4408.59955
casual,classic_bike,1,Sunday,2026-07,4,61,1208.75175
casual,classic_bike,1,Sunday,2026-07,5,49,2579.69035
casual,classic_bike,1,Sunday,2026-07,6,44,1187.1748833333334
casual,classic_bike,1,Sunday,2026-07,7,142,6350.230166666666
casual,classic_bike,1,Sunday,2026-07,8,310,10637.352616666667
casual,classic_bike,1,Sunday,2026-07,9,567,23196.993416666668
casual,classic_bike,1,Sunday,2026-07,10,792,27556.373483333333
casual,classic_bike,1,Sunday,2026-07,11,1029,33824.2208
casual,classic_bike,1,Sunday,2026-07,12,1277,42822.06495
casual,classic_bike,1,Sunday,2026-07,13,1398,42842.61863333333
casual,classic_bike,1,Sunday,2026-07,14,1295,41146.36976666666
casual,classic_bike,1,Sunday,2026-07,15,1178,37584.45501666667
casual,classic_bike,1,Sunday,2026-07,16,1116,38811.49298333333
casual,classic_bike,1,Sunday,2026-07,17,1174,33830.694833333335
casual,classic_bike,1,Sunday,2026-07,18,1031,30148.2662
casual,classic_bike,1,Sunday,2026-07,19,778,25715.625733333334
casual,classic_bike,1,Sunday,2026-07,20,591,19103.3569
casual,classic_bike,1,Sunday,2026-07,21,369,8581.53675
casual,classic_bike,1,Sunday,2026-07,22,354,8675.317066666667
casual,classic_bike,1,Sunday,2026-07,23,217,7603.4045166666665
casual,classic_bike,1,Sunday,2026-08,0,538,14720.22645
casual,classic_bike,1,Sunday,2026-08,1,303,8280.870666666666
casual,classic_bike,1,Sunday,2026-08,2,188,8470.777616666666
casual,classic_bike,1,Sunday,2026-08,3,124,5742.121583333334
casual,classic_bike,1,Sunday,2026-08,4,86,1892.5923166666666
casual,classic_bike,1,Sunday,2026-08,5,84,3154.2883166666666
casual,classic_bike,1,Sunday,2026-08,6,115,3766.800083333333
casual,classic_bike,1,Sunday,2026-08,7,148,6057.851
casual,classic_bike,1,Sunday,2026-08,8,279,8620.352716666666
casual,classic_bike,1,Sunday,2026-08,9,531,17351.670133333333
casual,classic_bike,1,Sunday,2026-08,10,846,28415.544816666665
casual,classic_bike,1,Sunday,2026-08,11,1098,34885.89535
casual,classic_bike,1,Sunday,2026-08,12,1462,43035.53373333333
casual,classic_bike,1,Sunday,2026-08,13,1343,49076.63773333334
casual,classic_bike,1,Sunday,2026-08,14,1116,40310.36011666666
casual,classic_bike,1,Sunday,2026-08,15,1050,36025.27246666667
casual,classic_bike,1,Sunday,2026-08,16,1174,37529.83806666666
casual,classic_bike,1,Sunday,2026-08,17,1002,28784.013033333333
casual,classic_bike,1,Sunday,2026-08,18,854,26435.468933333334
casual,classic_bike,1,Sunday,2026-08,19,707,16819.074433333335
casual,classic_bike,1,Sunday,2026-08,20,529,13017.38085
casual,classic_bike,1,Sunday,2026-08,21,341,6927.3081
casual,classic_bike,1,Sunday,2026-08,22,409,11209.531283333334
casual,classic_bike,1,Sunday,2026-08,23,141,3873.6766333333335
casual,classic_bike,2,Monday,2025-09,0,206,6041.9796166666665
casual,classic_bike,2,Monday,2025-09,1,111,2577.89165
casual,classic_bike,2,Monday,2025-09,2,56,2147.7056833333336
casual,classic_bike,2,Monday,2025-09,3,35,446.71915
casual,classic_bike,2,Monday,2025-09,4,29,1223.3502833333334
casual,classic_bike,2,Monday,2025-09,5,38,691.7961166666666
casual,classic_bike,2,Monday,2025-09,6,116,2958.794
casual,classic_bike,2,Monday,2025-09,7,305,6498.564033333333
casual,classic_bike,2,Monday,2025-09,8,399,10867.742083333333
casual,classic_bike,2,Monday,2025-09,9,500,17613.9043
casual,classic_bike,2,Monday,2025-09,10,718,27430.872483333333
casual,classic_bike,2,Monday,2025-09,11,885,33647.1344
casual,classic_bike,2,Monday,2025-09,12,1127,43198.73843333333
casual,classic_bike,2,Monday,2025-09,13,1094,36201.504166666666
casual,classic_bike,2,Monday,2025-09,14,1107,35562.0286
casual,classic_bike,2,Monday,2025-09,15,1099,34830.893833333335
casual,classic_bike,2,Monday,2025-09,16,1245,34160.67793333333
casual,classic_bike,2,Monday,2025-09,17,1356,36966.26795
casual,classic_bike,2,Monday,2025-09,18,1248,29252.227416666665
casual,classic_bike,2,Monday,2025-09,19,706,15441.694383333333
casual,classic_bike,2,Monday,2025-09,20,418,10718.341433333333
casual,classic_bike,2,Monday,2025-09,21,291,6358.658183333334
casual,classic_bike,2,Monday,2025-09,22,306,7144.73235
casual,classic_bike,2,Monday,2025-09,23,388,10280.221683333333
casual,classic_bike,2,Monday,2025-10,0,59,1184.7919
casual,classic_bike,2,Monday,2025-10,1,30,516.7469833333333
casual,classic_bike,2,Monday,2025-10,2,27,441.58301666666665
casual,classic_bike,2,Monday,2025-10,3,15,250.35006666666666
casual,classic_bike,2,Monday,2025-10,4,14,135.45845
casual,classic_bike,2,Monday,2025-10,5,45,1077.1276833333334
casual,classic_bike,2,Monday,2025-10,6,88,2742.1284666666666
casual,classic_bike,2,Monday,2025-10,7,199,3140.0576666666666
casual,classic_bike,2,Monday,2025-10,8,292,6711.8582
casual,classic_bike,2,Monday,2025-10,9,339,12842.754933333334
casual,classic_bike,2,Monday,2025-10,10,422,16062.712916666667
casual,classic_bike,2,Monday,2025-10,11,444,15600.459316666667
casual,classic_bike,2,Monday,2025-10,12,522,16613.632233333334
casual,classic_bike,2,Monday,2025-10,13,516,20536.341833333332
casual,classic_bike,2,Monday,2025-10,14,604,19144.620183333333
casual,classic_bike,2,Monday,2025-10,15,605,18720.312483333335
casual,classic_bike,2,Monday,2025-10,16,624,14995.529766666667
casual,classic_bike,2,Monday,2025-10,17,684,12442.140816666666
casual,classic_bike,2,Monday,2025-10,18,453,8636.702466666668
casual,classic_bike,2,Monday,2025-10,19,271,6406.63825
casual,classic_bike,2,Monday,2025-10,20,193,3350.8408
casual,classic_bike,2,Monday,2025-10,21,194,2755.422866666667
casual,classic_bike,2,Monday,2025-10,22,142,5102.290583333333
casual,classic_bike,2,Monday,2025-10,23,41,574.3827666666667
casual,classic_bike,2,Monday,2025-11,0,23,208.4322
casual,classic_bike,2,Monday,2025-11,1,10,141.48078333333333
casual,classic_bike,2,Monday,2025-11,2,6,50.64398333333333
casual,classic_bike,2,Monday,2025-11,3,10,1205.7878833333334
casual,classic_bike,2,Monday,2025-11,4,9,86.35398333333333
casual,classic_bike,2,Monday,2025-11,5,19,543.9848166666667
casual,classic_bike,2,Monday,2025-11,6,35,996.0988833333334
casual,classic_bike,2,Monday,2025-11,7,74,808.2631833333334
casual,classic_bike,2,Monday,2025-11,8,130,2374.2471833333334
casual,classic_bike,2,Monday,2025-11,9,95,2701.331
casual,classic_bike,2,Monday,2025-11,10,114,3210.97055
casual,classic_bike,2,Monday,2025-11,11,171,5505.595633333333
casual,classic_bike,2,Monday,2025-11,12,187,4998.9207
casual,classic_bike,2,Monday,2025-11,13,182,3910.088
casual,classic_bike,2,Monday,2025-11,14,171,4493.940833333333
casual,classic_bike,2,Monday,2025-11,15,220,5065.552116666667
casual,classic_bike,2,Monday,2025-11,16,222,3969.531266666667
casual,classic_bike,2,Monday,2025-11,17,214,4907.341783333333
casual,classic_bike,2,Monday,2025-11,18,143,2247.87395
casual,classic_bike,2,Monday,2025-11,19,117,2045.6136333333334
casual,classic_bike,2,Monday,2025-11,20,93,1089.22555
casual,classic_bike,2,Monday,2025-11,21,73,1113.7898500000001
casual,classic_bike,2,Monday,2025-11,22,60,2295.61165
casual,classic_bike,2,Monday,2025-11,23,67,1556.3963166666665
casual,classic_bike,2,Monday,2025-12,0,6,47.18051666666666
casual,classic_bike,2,Monday,2025-12,1,6,1385.6145999999999
casual,classic_bike,2,Monday,2025-12,2,6,58.77255
casual,classic_bike,2,Monday,2025-12,3,5,25.236383333333333
casual,classic_bike,2,Monday,2025-12,4,3,94.82411666666667
casual,classic_bike,2,Monday,2025-12,5,10,86.18923333333333
casual,classic_bike,2,Monday,2025-12,6,18,133.6602
casual,classic_bike,2,Monday,2025-12,7,28,918.5323333333333
casual,classic_bike,2,Monday,2025-12,8,36,488.4305166666666
casual,classic_bike,2,Monday,2025-12,9,29,292.36443333333335
casual,classic_bike,2,Monday,2025-12,10,28,520.7976
casual,classic_bike,2,Monday,2025-12,11,44,1274.6815333333334
casual,classic_bike,2,Monday,2025-12,12,56,867.3791
casual,classic_bike,2,Monday,2025-12,13,44,991.3944
casual,classic_bike,2,Monday,2025-12,14,51,957.7658833333332
casual,classic_bike,2,Monday,2025-12,15,47,696.9241
casual,classic_bike,2,Monday,2025-12,16,81,1188.5912333333333
casual,classic_bike,2,Monday,2025-12,17,67,859.7428166666667
casual,classic_bike,2,Monday,2025-12,18,61,670.9455166666667
casual,classic_bike,2,Monday,2025-12,19,34,806.4095833333333
casual,classic_bike,2,Monday,2025-12,20,30,388.6851
casual,classic_bike,2,Monday,2025-12,21,31,443.89098333333334
casual,classic_bike,2,Monday,2025-12,22,27,1223.5801
casual,classic_bike,2,Monday,2025-12,23,8,178.81571666666667
casual,classic_bike,2,Monday,2026-01,0,6,734.7622333333334
casual,classic_bike,2,Monday,2026-01,1,5,2602.7633
casual,classic_bike,2,Monday,2026-01,2,5,52.10348333333333
casual,classic_bike,2,Monday,2026-01,3,8,316.98268333333334
casual,classic_bike,2,Monday,2026-01,4,1,84.34171666666666
casual,classic_bike,2,Monday,2026-01,5,9,79.91738333333333
casual,classic_bike,2,Monday,2026-01,6,8,59.84555
casual,classic_bike,2,Monday,2026-01,7,24,221.15056666666666
casual,classic_bike,2,Monday,2026-01,8,34,1311.9755333333335
casual,classic_bike,2,Monday,2026-01,9,33,834.8208999999999
casual,classic_bike,2,Monday,2026-01,10,35,642.8468666666666
casual,classic_bike,2,Monday,2026-01,11,35,642.84565
casual,classic_bike,2,Monday,2026-01,12,37,1025.0405333333333
casual,classic_bike,2,Monday,2026-01,13,40,882.3525333333333
casual,classic_bike,2,Monday,2026-01,14,42,940.0126666666666
casual,classic_bike,2,Monday,2026-01,15,55,1143.1537833333334
casual,classic_bike,2,Monday,2026-01,16,59,642.9809166666666
casual,classic_bike,2,Monday,2026-01,17,53,984.0401166666667
casual,classic_bike,2,Monday,2026-01,18,43,623.4188333333333
casual,classic_bike,2,Monday,2026-01,19,42,2889.8976666666667
casual,classic_bike,2,Monday,2026-01,20,31,458.75333333333333
casual,classic_bike,2,Monday,2026-01,21,22,199.1071
casual,classic_bike,2,Monday,2026-01,22,13,234.8237333333333
casual,classic_bike,2,Monday,2026-01,23,8,85.00286666666668
casual,classic_bike,2,Monday,2026-02,0,9,194.98158333333333
casual,classic_bike,2,Monday,2026-02,1,12,535.32985
casual,classic_bike,2,Monday,2026-02,2,7,70.21365
casual,classic_bike,2,Monday,2026-02,3,4,45.1283
casual,classic_bike,2,Monday,2026-02,4,4,32.31995
casual,classic_bike,2,Monday,2026-02,5,4,23.353900000000003
casual,classic_bike,2,Monday,2026-02,6,24,179.68876666666668
casual,classic_bike,2,Monday,2026-02,7,29,305.99915
casual,classic_bike,2,Monday,2026-02,8,42,850.7074166666666
casual,classic_bike,2,Monday,2026-02,9,43,972.5437
casual,classic_bike,2,Monday,2026-02,10,72,2389.61535
casual,classic_bike,2,Monday,2026-02,11,84,2661.0768
casual,classic_bike,2,Monday,2026-02,12,107,2079.6993666666667
casual,classic_bike,2,Monday,2026-02,13,133,4185.489733333334
casual,classic_bike,2,Monday,2026-02,14,177,4631.4776
casual,classic_bike,2,Monday,2026-02,15,176,5419.42365
casual,classic_bike,2,Monday,2026-02,16,194,5159.633616666667
casual,classic_bike,2,Monday,2026-02,17,181,4937.97585
casual,classic_bike,2,Monday,2026-02,18,126,2344.3393666666666
casual,classic_bike,2,Monday,2026-02,19,69,2746.9695166666666
casual,classic_bike,2,Monday,2026-02,20,64,1786.2173333333333
casual,classic_bike,2,Monday,2026-02,21,46,754.7851666666667
casual,classic_bike,2,Monday,2026-02,22,27,302.4569333333333
casual,classic_bike,2,Monday,2026-02,23,15,506.8502833333333
casual,classic_bike,2,Monday,2026-03,0,21,329.17043333333334
casual,classic_bike,2,Monday,2026-03,1,16,317.1417666666667
casual,classic_bike,2,Monday,2026-03,2,4,30.2253
casual,classic_bike,2,Monday,2026-03,3,2,938.9345333333333
casual,classic_bike,2,Monday,2026-03,4,8,53.84635
casual,classic_bike,2,Monday,2026-03,5,14,217.52506666666667
casual,classic_bike,2,Monday,2026-03,6,35,365.7284
casual,classic_bike,2,Monday,2026-03,7,67,934.2681833333334
casual,classic_bike,2,Monday,2026-03,8,117,4618.755883333333
casual,classic_bike,2,Monday,2026-03,9,94,1964.7949333333333
casual,classic_bike,2,Monday,2026-03,10,133,3510.23645
casual,classic_bike,2,Monday,2026-03,11,208,5363.40315
casual,classic_bike,2,Monday,2026-03,12,258,7992.85555
casual,classic_bike,2,Monday,2026-03,13,338,11405.7229
casual,classic_bike,2,Monday,2026-03,14,328,10611.905033333333
casual,classic_bike,2,Monday,2026-03,15,383,14055.900866666667
casual,classic_bike,2,Monday,2026-03,16,500,13918.874316666666
casual,classic_bike,2,Monday,2026-03,17,645,19557.638466666667
casual,classic_bike,2,Monday,2026-03,18,542,16758.822283333335
casual,classic_bike,2,Monday,2026-03,19,328,8569.087516666666
casual,classic_bike,2,Monday,2026-03,20,197,5485.482116666666
casual,classic_bike,2,Monday,2026-03,21,172,4102.488983333334
casual,classic_bike,2,Monday,2026-03,22,103,3648.133883333333
casual,classic_bike,2,Monday,2026-03,23,42,1090.7880166666666
casual,classic_bike,2,Monday,2026-04,0,20,869.6777666666667
casual,classic_bike,2,Monday,2026-04,1,20,1348.9496833333333
casual,classic_bike,2,Monday,2026-04,2,16,775.0042166666666
casual,classic_bike,2,Monday,2026-04,3,7,217.18968333333333
casual,classic_bike,2,Monday,2026-04,4,7,43.193016666666665
casual,classic_bike,2,Monday,2026-04,5,29,611.7510333333333
casual,classic_bike,2,Monday,2026-04,6,45,722.7328666666667
casual,classic_bike,2,Monday,2026-04,7,101,2940.9241
casual,classic_bike,2,Monday,2026-04,8,148,3156.2330166666666
casual,classic_bike,2,Monday,2026-04,9,128,3272.86255
casual,classic_bike,2,Monday,2026-04,10,120,2747.2831833333335
casual,classic_bike,2,Monday,2026-04,11,196,5588.241733333333
casual,classic_bike,2,Monday,2026-04,12,168,4809.720666666666
casual,classic_bike,2,Monday,2026-04,13,192,4826.7042833333335
casual,classic_bike,2,Monday,2026-04,14,190,4191.639766666666
casual,classic_bike,2,Monday,2026-04,15,213,5174.973266666667
casual,classic_bike,2,Monday,2026-04,16,290,5999.765566666667
casual,classic_bike,2,Monday,2026-04,17,403,7955.4577
casual,classic_bike,2,Monday,2026-04,18,307,7574.3991166666665
casual,classic_bike,2,Monday,2026-04,19,192,4509.289516666667
casual,classic_bike,2,Monday,2026-04,20,123,2002.2631166666667
casual,classic_bike,2,Monday,2026-04,21,106,1951.6355833333332
casual,classic_bike,2,Monday,2026-04,22,84,1420.2420166666666
casual,classic_bike,2,Monday,2026-04,23,38,465.31010000000003
casual,classic_bike,2,Monday,2026-05,0,165,3626.819433333333
casual,classic_bike,2,Monday,2026-05,1,53,1279.3444666666667
casual,classic_bike,2,Monday,2026-05,2,28,915.854
casual,classic_bike,2,Monday,2026-05,3,19,588.13225
casual,classic_bike,2,Monday,2026-05,4,22,575.4243
casual,classic_bike,2,Monday,2026-05,5,31,1430.5555666666667
casual,classic_bike,2,Monday,2026-05,6,71,1476.23025
casual,classic_bike,2,Monday,2026-05,7,145,2913.1439333333333
casual,classic_bike,2,Monday,2026-05,8,228,8228.9749
casual,classic_bike,2,Monday,2026-05,9,337,12858.557116666667
casual,classic_bike,2,Monday,2026-05,10,439,21701.019533333332
casual,classic_bike,2,Monday,2026-05,11,574,22157.639283333334
casual,classic_bike,2,Monday,2026-05,12,668,24171.713333333333
casual,classic_bike,2,Monday,2026-05,13,800,31110.35705
casual,classic_bike,2,Monday,2026-05,14,794,26495.136
casual,classic_bike,2,Monday,2026-05,15,886,29472.143266666666
casual,classic_bike,2,Monday,2026-05,16,866,24804.253816666667
casual,classic_bike,2,Monday,2026-05,17,850,27183.099516666665
casual,classic_bike,2,Monday,2026-05,18,626,17139.408033333333
casual,classic_bike,2,Monday,2026-05,19,487,12318.188083333333
casual,classic_bike,2,Monday,2026-05,20,358,10964.539316666667
casual,classic_bike,2,Monday,2026-05,21,244,5625.833633333334
casual,classic_bike,2,Monday,2026-05,22,146,3754.8438166666665
casual,classic_bike,2,Monday,2026-05,23,98,1946.0267333333334
casual,classic_bike,2,Monday,2026-06,0,116,3097.102
casual,classic_bike,2,Monday,2026-06,1,75,2088.3614666666667
casual,classic_bike,2,Monday,2026-06,2,58,2488.9760833333335
casual,classic_bike,2,Monday,2026-06,3,31,1779.9125
casual,classic_bike,2,Monday,2026-06,4,28,472.4636
casual,classic_bike,2,Monday,2026-06,5,59,1327.5573333333334
casual,classic_bike,2,Monday,2026-06,6,109,2820.85135
casual,classic_bike,2,Monday,2026-06,7,216,4659.789833333333
casual,classic_bike,2,Monday,2026-06,8,336,5778.1916833333335
casual,classic_bike,2,Monday,2026-06,9,346,10699.4551
casual,classic_bike,2,Monday,2026-06,10,430,15602.2809
casual,classic_bike,2,Monday,2026-06,11,512,16823.800766666667
casual,classic_bike,2,Monday,2026-06,12,622,23774.2973
casual,classic_bike,2,Monday,2026-06,13,620,19603.160916666668
casual,classic_bike,2,Monday,2026-06,14,635,18903.502116666667
casual,classic_bike,2,Monday,2026-06,15,636,19156.50795
casual,classic_bike,2,Monday,2026-06,16,774,20710.014633333332
casual,classic_bike,2,Monday,2026-06,17,917,23726.75665
casual,classic_bike,2,Monday,2026-06,18,892,22520.782283333334
casual,classic_bike,2,Monday,2026-06,19,838,20239.098033333332
casual,classic_bike,2,Monday,2026-06,20,589,13975.221233333334
casual,classic_bike,2,Monday,2026-06,21,341,8022.4245
casual,classic_bike,2,Monday,2026-06,22,304,6683.895833333333
casual,classic_bike,2,Monday,2026-06,23,163,4618.525416666666
casual,classic_bike,2,Monday,2026-07,0,127,4084.3761
casual,classic_bike,2,Monday,2026-07,1,64,2035.5327166666666
casual,classic_bike,2,Monday,2026-07,2,34,1093.9935
casual,classic_bike,2,Monday,2026-07,3,41,1449.0736833333333
casual,classic_bike,2,Monday,2026-07,4,25,630.1946666666666
casual,classic_bike,2,Monday,2026-07,5,69,808.7844666666666
casual,classic_bike,2,Monday,2026-07,6,100,2211.0378166666665
casual,classic_bike,2,Monday,2026-07,7,170,3171.6929333333333
casual,classic_bike,2,Monday,2026-07,8,274,8679.6352
casual,classic_bike,2,Monday,2026-07,9,290,11778.167950000001
casual,classic_bike,2,Monday,2026-07,10,414,16371.160833333333
casual,classic_bike,2,Monday,2026-07,11,421,18496.702266666667
casual,classic_bike,2,Monday,2026-07,12,401,14400.286916666666
casual,classic_bike,2,Monday,2026-07,13,467,16120.074816666667
casual,classic_bike,2,Monday,2026-07,14,457,14038.637116666667
casual,classic_bike,2,Monday,2026-07,15,535,18408.56203333333
casual,classic_bike,2,Monday,2026-07,16,577,18241.828316666666
casual,classic_bike,2,Monday,2026-07,17,715,22201.04505
casual,classic_bike,2,Monday,2026-07,18,812,20506.866416666668
casual,classic_bike,2,Monday,2026-07,19,635,19726.337083333332
casual,classic_bike,2,Monday,2026-07,20,506,16782.1286
casual,classic_bike,2,Monday,2026-07,21,403,9146.0845
casual,classic_bike,2,Monday,2026-07,22,203,5818.9983
casual,classic_bike,2,Monday,2026-07,23,152,4689.929866666666
casual,classic_bike,2,Monday,2026-08,0,85,1420.3675666666666
casual,classic_bike,2,Monday,2026-08,1,77,1731.6318666666666
casual,classic_bike,2,Monday,2026-08,2,38,844.5726666666667
casual,classic_bike,2,Monday,2026-08,3,26,1314.08075
casual,classic_bike,2,Monday,2026-08,4,37,1152.7887666666666
casual,classic_bike,2,Monday,2026-08,5,42,856.2776166666666
casual,classic_bike,2,Monday,2026-08,6,107,1459.6313
casual,classic_bike,2,Monday,2026-08,7,178,3226.5477333333333
casual,classic_bike,2,Monday,2026-08,8,284,6115.113866666667
casual,classic_bike,2,Monday,2026-08,9,307,9380.427233333334
casual,classic_bike,2,Monday,2026-08,10,435,17155.062683333334
casual,classic_bike,2,Monday,2026-08,11,568,17253.885083333334
casual,classic_bike,2,Monday,2026-08,12,627,20606.446233333332
casual,classic_bike,2,Monday,2026-08,13,696,25750.649666666668
casual,classic_bike,2,Monday,2026-08,14,700,22948.75016666667
casual,classic_bike,2,Monday,2026-08,15,717,18594.174616666667
casual,classic_bike,2,Monday,2026-08,16,746,18601.977366666666
casual,classic_bike,2,Monday,2026-08,17,883,23562.52665
casual,classic_bike,2,Monday,2026-08,18,903,22589.681933333333
casual,classic_bike,2,Monday,2026-08,19,658,17256.00365
casual,classic_bike,2,Monday,2026-08,20,440,11400.025866666667
casual,classic_bike,2,Monday,2026-08,21,365,6946.010566666667
casual,classic_bike,2,Monday,2026-08,22,265,4891.409816666666
casual,classic_bike,2,Monday,2026-08,23,129,2143.6136
casual,classic_bike,3,Tuesday,2025-09,0,134,2000.1431833333334
casual,classic_bike,3,Tuesday,2025-09,1,67,1409.50835
casual,classic_bike,3,Tuesday,2025-09,2,37,797.1673333333333
casual,classic_bike,3,Tuesday,2025-09,3,14,188.59908333333334
casual,classic_bike,3,Tuesday,2025-09,4,14,151.12413333333333
casual,classic_bike,3,Tuesday,2025-09,5,56,564.8974166666667
casual,classic_bike,3,Tuesday,2025-09,6,132,2850.2806
casual,classic_bike,3,Tuesday,2025-09,7,342,5157.836066666667
casual,classic_bike,3,Tuesday,2025-09,8,485,8726.591366666667
casual,classic_bike,3,Tuesday,2025-09,9,434,13892.796916666666
casual,classic_bike,3,Tuesday,2025-09,10,400,14876.435066666667
casual,classic_bike,3,Tuesday,2025-09,11,427,14208.16585
casual,classic_bike,3,Tuesday,2025-09,12,615,18666.388833333334
casual,classic_bike,3,Tuesday,2025-09,13,630,18197.941966666665
casual,classic_bike,3,Tuesday,2025-09,14,626,21868.7143
casual,classic_bike,3,Tuesday,2025-09,15,685,19352.96201666667
casual,classic_bike,3,Tuesday,2025-09,16,921,21297.56965
casual,classic_bike,3,Tuesday,2025-09,17,1262,29871.390616666667
casual,classic_bike,3,Tuesday,2025-09,18,1123,33248.24515
casual,classic_bike,3,Tuesday,2025-09,19,739,17783.510216666666
casual,classic_bike,3,Tuesday,2025-09,20,463,11200.99925
casual,classic_bike,3,Tuesday,2025-09,21,415,9172.523733333333
casual,classic_bike,3,Tuesday,2025-09,22,215,6684.922983333334
casual,classic_bike,3,Tuesday,2025-09,23,137,4304.9967166666665
casual,classic_bike,3,Tuesday,2025-10,0,39,628.4225166666666
casual,classic_bike,3,Tuesday,2025-10,1,15,263.45848333333333
casual,classic_bike,3,Tuesday,2025-10,2,15,179.4845
casual,classic_bike,3,Tuesday,2025-10,3,5,66.17128333333334
casual,classic_bike,3,Tuesday,2025-10,4,6,553.1579333333333
casual,classic_bike,3,Tuesday,2025-10,5,44,482.5310333333333
casual,classic_bike,3,Tuesday,2025-10,6,61,1476.7226166666667
casual,classic_bike,3,Tuesday,2025-10,7,180,2658.8807666666667
casual,classic_bike,3,Tuesday,2025-10,8,254,5251.9203
casual,classic_bike,3,Tuesday,2025-10,9,237,5997.347433333333
casual,classic_bike,3,Tuesday,2025-10,10,259,9813.314966666667
casual,classic_bike,3,Tuesday,2025-10,11,292,11963.5032
casual,classic_bike,3,Tuesday,2025-10,12,347,10399.86025
casual,classic_bike,3,Tuesday,2025-10,13,327,8627.014266666667
casual,classic_bike,3,Tuesday,2025-10,14,375,12428.237433333334
casual,classic_bike,3,Tuesday,2025-10,15,390,10925.0403
casual,classic_bike,3,Tuesday,2025-10,16,481,8927.779683333334
casual,classic_bike,3,Tuesday,2025-10,17,572,10254.20985
casual,classic_bike,3,Tuesday,2025-10,18,395,6206.614016666666
casual,classic_bike,3,Tuesday,2025-10,19,245,4746.604333333334
casual,classic_bike,3,Tuesday,2025-10,20,197,4095.0784333333336
casual,classic_bike,3,Tuesday,2025-10,21,156,5540.157516666667
casual,classic_bike,3,Tuesday,2025-10,22,78,1125.8082166666666
casual,classic_bike,3,Tuesday,2025-10,23,81,2629.5554166666666
casual,classic_bike,3,Tuesday,2025-11,0,32,852.3190666666667
casual,classic_bike,3,Tuesday,2025-11,1,18,423.6469166666667
casual,classic_bike,3,Tuesday,2025-11,2,5,177.13116666666667
casual,classic_bike,3,Tuesday,2025-11,3,4,22.12135
casual,classic_bike,3,Tuesday,2025-11,4,6,862.8658666666666
casual,classic_bike,3,Tuesday,2025-11,5,24,413.0383166666667
casual,classic_bike,3,Tuesday,2025-11,6,34,260.18715
casual,classic_bike,3,Tuesday,2025-11,7,63,1394.6342333333332
casual,classic_bike,3,Tuesday,2025-11,8,131,2314.781
casual,classic_bike,3,Tuesday,2025-11,9,103,2428.9593333333332
casual,classic_bike,3,Tuesday,2025-11,10,112,2040.4108666666666
casual,classic_bike,3,Tuesday,2025-11,11,150,3402.3616166666666
casual,classic_bike,3,Tuesday,2025-11,12,157,3308.2806833333334
casual,classic_bike,3,Tuesday,2025-11,13,145,3157.1314
casual,classic_bike,3,Tuesday,2025-11,14,171,4746.884433333334
casual,classic_bike,3,Tuesday,2025-11,15,198,4875.93385
casual,classic_bike,3,Tuesday,2025-11,16,228,4733.587
casual,classic_bike,3,Tuesday,2025-11,17,238,4261.022166666667
casual,classic_bike,3,Tuesday,2025-11,18,212,3743.6035166666666
casual,classic_bike,3,Tuesday,2025-11,19,142,1798.7260833333332
casual,classic_bike,3,Tuesday,2025-11,20,110,1863.5529833333333
casual,classic_bike,3,Tuesday,2025-11,21,101,1149.3298333333332
casual,classic_bike,3,Tuesday,2025-11,22,53,1044.0693666666666
casual,classic_bike,3,Tuesday,2025-11,23,35,450.28255
casual,classic_bike,3,Tuesday,2025-12,0,20,225.82091666666668
casual,classic_bike,3,Tuesday,2025-12,1,12,845.5356333333334
casual,classic_bike,3,Tuesday,2025-12,2,5,39.335499999999996
casual,classic_bike,3,Tuesday,2025-12,3,4,29.863033333333334
casual,classic_bike,3,Tuesday,2025-12,4,2,21.121950000000002
casual,classic_bike,3,Tuesday,2025-12,5,12,94.6957
casual,classic_bike,3,Tuesday,2025-12,6,10,77.34038333333334
casual,classic_bike,3,Tuesday,2025-12,7,23,202.91321666666667
casual,classic_bike,3,Tuesday,2025-12,8,49,720.6342500000001
casual,classic_bike,3,Tuesday,2025-12,9,64,1297.6338333333333
casual,classic_bike,3,Tuesday,2025-12,10,46,1010.0444
casual,classic_bike,3,Tuesday,2025-12,11,74,1721.1242166666666
casual,classic_bike,3,Tuesday,2025-12,12,79,3056.87545
casual,classic_bike,3,Tuesday,2025-12,13,82,1797.0753666666667
casual,classic_bike,3,Tuesday,2025-12,14,105,2226.0798666666665
casual,classic_bike,3,Tuesday,2025-12,15,111,2019.988
casual,classic_bike,3,Tuesday,2025-12,16,104,2974.2221833333333
casual,classic_bike,3,Tuesday,2025-12,17,102,2237.03955
casual,classic_bike,3,Tuesday,2025-12,18,95,1442.6896333333334
casual,classic_bike,3,Tuesday,2025-12,19,45,790.3208333333333
casual,classic_bike,3,Tuesday,2025-12,20,41,789.5113
casual,classic_bike,3,Tuesday,2025-12,21,38,505.3469166666667
casual,classic_bike,3,Tuesday,2025-12,22,19,238.13676666666666
casual,classic_bike,3,Tuesday,2025-12,23,23,339.67595
casual,classic_bike,3,Tuesday,2026-01,0,7,49.01006666666667
casual,classic_bike,3,Tuesday,2026-01,1,7,263.5842
casual,classic_bike,3,Tuesday,2026-01,2,1,4.188383333333333
casual,classic_bike,3,Tuesday,2026-01,3,4,83.20166666666667
casual,classic_bike,3,Tuesday,2026-01,4,2,12.6689
casual,classic_bike,3,Tuesday,2026-01,5,10,470.1326333333333
casual,classic_bike,3,Tuesday,2026-01,6,18,362.2330666666667
casual,classic_bike,3,Tuesday,2026-01,7,50,713.677
casual,classic_bike,3,Tuesday,2026-01,8,51,537.0284
casual,classic_bike,3,Tuesday,2026-01,9,49,460.9121166666667
casual,classic_bike,3,Tuesday,2026-01,10,27,584.3884666666667
casual,classic_bike,3,Tuesday,2026-01,11,52,953.6152166666666
casual,classic_bike,3,Tuesday,2026-01,12,50,983.0680333333333
casual,classic_bike,3,Tuesday,2026-01,13,53,1438.7868333333333
casual,classic_bike,3,Tuesday,2026-01,14,55,1116.9291833333334
casual,classic_bike,3,Tuesday,2026-01,15,88,1670.7934833333334
casual,classic_bike,3,Tuesday,2026-01,16,78,1269.9117833333332
casual,classic_bike,3,Tuesday,2026-01,17,104,1623.2291666666667
casual,classic_bike,3,Tuesday,2026-01,18,91,1947.1473166666667
casual,classic_bike,3,Tuesday,2026-01,19,47,1592.5080333333333
casual,classic_bike,3,Tuesday,2026-01,20,43,672.5106
casual,classic_bike,3,Tuesday,2026-01,21,28,265.74244999999996
casual,classic_bike,3,Tuesday,2026-01,22,22,258.22985
casual,classic_bike,3,Tuesday,2026-01,23,8,134.2796833333333
casual,classic_bike,3,Tuesday,2026-02,0,14,183.50365
casual,classic_bike,3,Tuesday,2026-02,1,4,68.07333333333334
casual,classic_bike,3,Tuesday,2026-02,2,5,99.78758333333333
casual,classic_bike,3,Tuesday,2026-02,3,5,481.6512166666667
casual,classic_bike,3,Tuesday,2026-02,4,5,36.44103333333334
casual,classic_bike,3,Tuesday,2026-02,5,9,84.21211666666666
casual,classic_bike,3,Tuesday,2026-02,6,29,316.51296666666667
casual,classic_bike,3,Tuesday,2026-02,7,73,1779.2829166666668
casual,classic_bike,3,Tuesday,2026-02,8,79,921.6087833333333
casual,classic_bike,3,Tuesday,2026-02,9,85,1130.8985500000001
casual,classic_bike,3,Tuesday,2026-02,10,51,1161.3024833333334
casual,classic_bike,3,Tuesday,2026-02,11,64,1081.4593666666667
casual,classic_bike,3,Tuesday,2026-02,12,69,1268.5095333333334
casual,classic_bike,3,Tuesday,2026-02,13,74,1628.47925
casual,classic_bike,3,Tuesday,2026-02,14,64,1242.34365
casual,classic_bike,3,Tuesday,2026-02,15,97,1546.8945166666667
casual,classic_bike,3,Tuesday,2026-02,16,94,1275.0421333333334
casual,classic_bike,3,Tuesday,2026-02,17,141,3497.2319166666666
casual,classic_bike,3,Tuesday,2026-02,18,110,1241.4507666666666
casual,classic_bike,3,Tuesday,2026-02,19,47,701.3256
casual,classic_bike,3,Tuesday,2026-02,20,39,498.2356833333333
casual,classic_bike,3,Tuesday,2026-02,21,35,433.23196666666666
casual,classic_bike,3,Tuesday,2026-02,22,25,829.8383833333332
casual,classic_bike,3,Tuesday,2026-02,23,13,109.93381666666667
casual,classic_bike,3,Tuesday,2026-03,0,41,560.1604
casual,classic_bike,3,Tuesday,2026-03,1,19,382.2108333333333
casual,classic_bike,3,Tuesday,2026-03,2,11,317.29865
casual,classic_bike,3,Tuesday,2026-03,3,5,53.7171
casual,classic_bike,3,Tuesday,2026-03,4,6,60.12856666666667
casual,classic_bike,3,Tuesday,2026-03,5,17,136.22411666666667
casual,classic_bike,3,Tuesday,2026-03,6,48,1374.7122166666668
casual,classic_bike,3,Tuesday,2026-03,7,82,1334.9855833333334
casual,classic_bike,3,Tuesday,2026-03,8,131,1675.8408
casual,classic_bike,3,Tuesday,2026-03,9,103,2430.4275333333335
casual,classic_bike,3,Tuesday,2026-03,10,88,1963.7839333333334
casual,classic_bike,3,Tuesday,2026-03,11,76,1625.7015000000001
casual,classic_bike,3,Tuesday,2026-03,12,125,3649.3714999999997
casual,classic_bike,3,Tuesday,2026-03,13,130,2724.3545166666668
casual,classic_bike,3,Tuesday,2026-03,14,138,2852.9797166666667
casual,classic_bike,3,Tuesday,2026-03,15,122,2271.0273
casual,classic_bike,3,Tuesday,2026-03,16,146,2676.8777333333333
casual,classic_bike,3,Tuesday,2026-03,17,206,3595.2968333333333
casual,classic_bike,3,Tuesday,2026-03,18,126,2254.05465
casual,classic_bike,3,Tuesday,2026-03,19,117,1912.7102166666666
casual,classic_bike,3,Tuesday,2026-03,20,47,1672.7620333333334
casual,classic_bike,3,Tuesday,2026-03,21,41,847.2934833333334
casual,classic_bike,3,Tuesday,2026-03,22,53,861.5853
casual,classic_bike,3,Tuesday,2026-03,23,22,429.2214833333333
casual,classic_bike,3,Tuesday,2026-04,0,49,669.9881666666666
casual,classic_bike,3,Tuesday,2026-04,1,19,262.45824999999996
casual,classic_bike,3,Tuesday,2026-04,2,12,627.0246666666667
casual,classic_bike,3,Tuesday,2026-04,3,6,958.75735
casual,classic_bike,3,Tuesday,2026-04,4,5,33.49368333333334
casual,classic_bike,3,Tuesday,2026-04,5,34,776.42295
casual,classic_bike,3,Tuesday,2026-04,6,47,980.3510166666666
casual,classic_bike,3,Tuesday,2026-04,7,77,917.5583
casual,classic_bike,3,Tuesday,2026-04,8,151,2204.6334333333334
casual,classic_bike,3,Tuesday,2026-04,9,120,2637.60595
casual,classic_bike,3,Tuesday,2026-04,10,149,5254.220116666666
casual,classic_bike,3,Tuesday,2026-04,11,189,6576.434066666667
casual,classic_bike,3,Tuesday,2026-04,12,252,7239.3880500000005
casual,classic_bike,3,Tuesday,2026-04,13,271,7264.0767166666665
casual,classic_bike,3,Tuesday,2026-04,14,277,7540.396333333333
casual,classic_bike,3,Tuesday,2026-04,15,249,6452.0042
casual,classic_bike,3,Tuesday,2026-04,16,395,10289.366416666666
casual,classic_bike,3,Tuesday,2026-04,17,550,13132.139433333334
casual,classic_bike,3,Tuesday,2026-04,18,515,13250.6456
casual,classic_bike,3,Tuesday,2026-04,19,342,8538.610633333334
casual,classic_bike,3,Tuesday,2026-04,20,205,4432.440316666667
casual,classic_bike,3,Tuesday,2026-04,21,190,4640.103683333334
casual,classic_bike,3,Tuesday,2026-04,22,92,1809.3826833333333
casual,classic_bike,3,Tuesday,2026-04,23,41,1253.3891833333334
casual,classic_bike,3,Tuesday,2026-05,0,78,3243.1692666666668
casual,classic_bike,3,Tuesday,2026-05,1,46,822.69415
casual,classic_bike,3,Tuesday,2026-05,2,19,1183.8235499999998
casual,classic_bike,3,Tuesday,2026-05,3,19,285.27365
casual,classic_bike,3,Tuesday,2026-05,4,9,185.12183333333334
casual,classic_bike,3,Tuesday,2026-05,5,25,761.3607333333334
casual,classic_bike,3,Tuesday,2026-05,6,62,1628.7813
casual,classic_bike,3,Tuesday,2026-05,7,123,1992.31695
casual,classic_bike,3,Tuesday,2026-05,8,226,4644.54885
casual,classic_bike,3,Tuesday,2026-05,9,200,5189.4863
casual,classic_bike,3,Tuesday,2026-05,10,274,8708.593066666666
casual,classic_bike,3,Tuesday,2026-05,11,292,11750.447066666668
casual,classic_bike,3,Tuesday,2026-05,12,350,10134.987316666668
casual,classic_bike,3,Tuesday,2026-05,13,339,9687.475283333333
casual,classic_bike,3,Tuesday,2026-05,14,355,9951.247983333333
casual,classic_bike,3,Tuesday,2026-05,15,321,9126.49075
casual,classic_bike,3,Tuesday,2026-05,16,382,9357.690266666667
casual,classic_bike,3,Tuesday,2026-05,17,615,15593.934466666666
casual,classic_bike,3,Tuesday,2026-05,18,606,14413.712449999999
casual,classic_bike,3,Tuesday,2026-05,19,479,10415.079333333333
casual,classic_bike,3,Tuesday,2026-05,20,332,6498.6473166666665
casual,classic_bike,3,Tuesday,2026-05,21,285,6047.129533333334
casual,classic_bike,3,Tuesday,2026-05,22,188,4926.378616666667
casual,classic_bike,3,Tuesday,2026-05,23,104,2261.4724499999998
casual,classic_bike,3,Tuesday,2026-06,0,101,1993.2776833333332
casual,classic_bike,3,Tuesday,2026-06,1,48,3399.3130833333335
casual,classic_bike,3,Tuesday,2026-06,2,25,731.8284500000001
casual,classic_bike,3,Tuesday,2026-06,3,21,377.10135
casual,classic_bike,3,Tuesday,2026-06,4,26,695.5235666666666
casual,classic_bike,3,Tuesday,2026-06,5,65,1356.4836833333334
casual,classic_bike,3,Tuesday,2026-06,6,146,2126.8455833333333
casual,classic_bike,3,Tuesday,2026-06,7,253,4727.961983333334
casual,classic_bike,3,Tuesday,2026-06,8,377,8853.931033333334
casual,classic_bike,3,Tuesday,2026-06,9,382,9084.944016666666
casual,classic_bike,3,Tuesday,2026-06,10,382,13034.523683333333
casual,classic_bike,3,Tuesday,2026-06,11,538,19457.217633333334
casual,classic_bike,3,Tuesday,2026-06,12,596,17649.236533333333
casual,classic_bike,3,Tuesday,2026-06,13,600,18351.457366666666
casual,classic_bike,3,Tuesday,2026-06,14,587,16669.69085
casual,classic_bike,3,Tuesday,2026-06,15,625,19347.3276
casual,classic_bike,3,Tuesday,2026-06,16,834,20970.95995
casual,classic_bike,3,Tuesday,2026-06,17,1035,24827.292083333334
casual,classic_bike,3,Tuesday,2026-06,18,1131,26192.303733333334
casual,classic_bike,3,Tuesday,2026-06,19,828,18476.040166666666
casual,classic_bike,3,Tuesday,2026-06,20,662,14298.07575
casual,classic_bike,3,Tuesday,2026-06,21,513,12138.553716666667
casual,classic_bike,3,Tuesday,2026-06,22,334,9589.0497
casual,classic_bike,3,Tuesday,2026-06,23,165,2800.6371833333333
casual,classic_bike,3,Tuesday,2026-07,0,93,2084.1825166666667
casual,classic_bike,3,Tuesday,2026-07,1,47,745.3906833333333
casual,classic_bike,3,Tuesday,2026-07,2,34,592.8263999999999
casual,classic_bike,3,Tuesday,2026-07,3,24,458.16184999999996
casual,classic_bike,3,Tuesday,2026-07,4,18,265.10536666666667
casual,classic_bike,3,Tuesday,2026-07,5,51,1477.10225
casual,classic_bike,3,Tuesday,2026-07,6,121,2736.8591499999998
casual,classic_bike,3,Tuesday,2026-07,7,217,4060.1171833333333
casual,classic_bike,3,Tuesday,2026-07,8,356,8052.003016666667
casual,classic_bike,3,Tuesday,2026-07,9,312,9346.47895
casual,classic_bike,3,Tuesday,2026-07,10,346,12378.316
casual,classic_bike,3,Tuesday,2026-07,11,433,13463.949666666667
casual,classic_bike,3,Tuesday,2026-07,12,456,12445.312316666666
casual,classic_bike,3,Tuesday,2026-07,13,521,15091.526833333333
casual,classic_bike,3,Tuesday,2026-07,14,543,16668.22985
casual,classic_bike,3,Tuesday,2026-07,15,560,14028.807816666667
casual,classic_bike,3,Tuesday,2026-07,16,666,17371.034033333333
casual,classic_bike,3,Tuesday,2026-07,17,979,20639.77195
casual,classic_bike,3,Tuesday,2026-07,18,1066,30100.778033333332
casual,classic_bike,3,Tuesday,2026-07,19,789,22488.449683333332
casual,classic_bike,3,Tuesday,2026-07,20,598,13907.510433333333
casual,classic_bike,3,Tuesday,2026-07,21,408,11624.17095
casual,classic_bike,3,Tuesday,2026-07,22,299,9260.297483333334
casual,classic_bike,3,Tuesday,2026-07,23,167,4533.937083333333
casual,classic_bike,3,Tuesday,2026-08,0,83,1209.4232333333334
casual,classic_bike,3,Tuesday,2026-08,1,37,949.3053333333334
casual,classic_bike,3,Tuesday,2026-08,2,25,343.23925
casual,classic_bike,3,Tuesday,2026-08,3,16,174.30641666666668
casual,classic_bike,3,Tuesday,2026-08,4,23,333.43353333333334
casual,classic_bike,3,Tuesday,2026-08,5,37,650.2266166666667
casual,classic_bike,3,Tuesday,2026-08,6,113,2237.1316166666666
casual,classic_bike,3,Tuesday,2026-08,7,192,2807.989016666667
casual,classic_bike,3,Tuesday,2026-08,8,328,5868.36805
casual,classic_bike,3,Tuesday,2026-08,9,319,8314.764533333333
casual,classic_bike,3,Tuesday,2026-08,10,340,12797.217
casual,classic_bike,3,Tuesday,2026-08,11,386,13955.093483333334
casual,classic_bike,3,Tuesday,2026-08,12,399,14408.610783333334
casual,classic_bike,3,Tuesday,2026-08,13,444,16529.329466666666
casual,classic_bike,3,Tuesday,2026-08,14,459,14094.47355
casual,classic_bike,3,Tuesday,2026-08,15,529,15652.377333333334
casual,classic_bike,3,Tuesday,2026-08,16,613,16510.555833333332
casual,classic_bike,3,Tuesday,2026-08,17,908,26057.62815
casual,classic_bike,3,Tuesday,2026-08,18,875,22943.537383333332
casual,classic_bike,3,Tuesday,2026-08,19,641,14451.996650000001
casual,classic_bike,3,Tuesday,2026-08,20,478,10512.8688
casual,classic_bike,3,Tuesday,2026-08,21,336,6863.563116666666
casual,classic_bike,3,Tuesday,2026-08,22,212,4287.66055
casual,classic_bike,3,Tuesday,2026-08,23,160,2945.00475
casual,classic_bike,4,Wednesday,2025-09,0,77,2099.215166666667
casual,classic_bike,4,Wednesday,2025-09,1,28,518.9069833333333
casual,classic_bike,4,Wednesday,2025-09,2,16,1357.2033499999998
casual,classic_bike,4,Wednesday,2025-09,3,4,71.37145
casual,classic_bike,4,Wednesday,2025-09,4,7,499.3932166666667
casual,classic_bike,4,Wednesday,2025-09,5,46,869.0922833333333
casual,classic_bike,4,Wednesday,2025-09,6,133,2445.9544
casual,classic_bike,4,Wednesday,2025-09,7,244,3776.0662666666667
casual,classic_bike,4,Wednesday,2025-09,8,390,6289.376533333333
casual,classic_bike,4,Wednesday,2025-09,9,294,6657.8724
casual,classic_bike,4,Wednesday,2025-09,10,333,13296.25035
casual,classic_bike,4,Wednesday,2025-09,11,418,11549.5328
casual,classic_bike,4,Wednesday,2025-09,12,402,11135.154183333334
casual,classic_bike,4,Wednesday,2025-09,13,420,13048.338166666666
casual,classic_bike,4,Wednesday,2025-09,14,432,12343.074583333333
casual,classic_bike,4,Wednesday,2025-09,15,471,12804.4896
casual,classic_bike,4,Wednesday,2025-09,16,582,14198.738083333334
casual,classic_bike,4,Wednesday,2025-09,17,710,17297.735683333332
casual,classic_bike,4,Wednesday,2025-09,18,768,16468.365233333334
casual,classic_bike,4,Wednesday,2025-09,19,517,10017.43805
casual,classic_bike,4,Wednesday,2025-09,20,335,6455.1776
casual,classic_bike,4,Wednesday,2025-09,21,325,6242.090116666666
casual,classic_bike,4,Wednesday,2025-09,22,208,3410.9990666666667
casual,classic_bike,4,Wednesday,2025-09,23,121,3583.381033333333
casual,classic_bike,4,Wednesday,2025-10,0,56,887.5281333333334
casual,classic_bike,4,Wednesday,2025-10,1,37,492.9021333333333
casual,classic_bike,4,Wednesday,2025-10,2,27,993.7511666666667
casual,classic_bike,4,Wednesday,2025-10,3,11,170.40418333333332
casual,classic_bike,4,Wednesday,2025-10,4,12,209.62058333333334
casual,classic_bike,4,Wednesday,2025-10,5,46,865.5906833333333
casual,classic_bike,4,Wednesday,2025-10,6,92,2209.6082166666665
casual,classic_bike,4,Wednesday,2025-10,7,237,3756.5926833333333
casual,classic_bike,4,Wednesday,2025-10,8,335,4741.168416666666
casual,classic_bike,4,Wednesday,2025-10,9,260,5819.682633333334
casual,classic_bike,4,Wednesday,2025-10,10,259,6346.743783333333
casual,classic_bike,4,Wednesday,2025-10,11,313,6871.341033333333
casual,classic_bike,4,Wednesday,2025-10,12,404,9639.484483333334
casual,classic_bike,4,Wednesday,2025-10,13,393,10645.4062
casual,classic_bike,4,Wednesday,2025-10,14,419,12993.20285
casual,classic_bike,4,Wednesday,2025-10,15,448,8892.263533333333
casual,classic_bike,4,Wednesday,2025-10,16,616,12123.721833333333
casual,classic_bike,4,Wednesday,2025-10,17,775,15141.091733333333
casual,classic_bike,4,Wednesday,2025-10,18,622,13267.271066666666
casual,classic_bike,4,Wednesday,2025-10,19,462,7963.413366666667
casual,classic_bike,4,Wednesday,2025-10,20,301,4720.740466666667
casual,classic_bike,4,Wednesday,2025-10,21,268,5235.60705
casual,classic_bike,4,Wednesday,2025-10,22,189,3829.9932166666667
casual,classic_bike,4,Wednesday,2025-10,23,119,2979.0104166666665
casual,classic_bike,4,Wednesday,2025-11,0,27,328.05771666666664
casual,classic_bike,4,Wednesday,2025-11,1,14,171.98743333333334
casual,classic_bike,4,Wednesday,2025-11,2,6,67.32378333333334
casual,classic_bike,4,Wednesday,2025-11,3,4,25.142216666666666
casual,classic_bike,4,Wednesday,2025-11,4,13,104.45436666666666
casual,classic_bike,4,Wednesday,2025-11,5,35,599.6966333333334
casual,classic_bike,4,Wednesday,2025-11,6,37,583.34855
casual,classic_bike,4,Wednesday,2025-11,7,83,908.6066833333333
casual,classic_bike,4,Wednesday,2025-11,8,147,2518.6176666666665
casual,classic_bike,4,Wednesday,2025-11,9,121,1815.699
casual,classic_bike,4,Wednesday,2025-11,10,114,2769.47415
casual,classic_bike,4,Wednesday,2025-11,11,131,2343.817633333333
casual,classic_bike,4,Wednesday,2025-11,12,168,3802.7183833333333
casual,classic_bike,4,Wednesday,2025-11,13,139,4891.680766666666
casual,classic_bike,4,Wednesday,2025-11,14,178,5055.241083333333
casual,classic_bike,4,Wednesday,2025-11,15,187,5020.995833333333
casual,classic_bike,4,Wednesday,2025-11,16,211,3422.9497499999998
casual,classic_bike,4,Wednesday,2025-11,17,262,4089.6087
casual,classic_bike,4,Wednesday,2025-11,18,193,2599.758
casual,classic_bike,4,Wednesday,2025-11,19,160,3106.1804
casual,classic_bike,4,Wednesday,2025-11,20,120,1745.4166833333334
casual,classic_bike,4,Wednesday,2025-11,21,105,3638.6649333333335
casual,classic_bike,4,Wednesday,2025-11,22,79,1967.5028333333335
casual,classic_bike,4,Wednesday,2025-11,23,56,1400.80425
casual,classic_bike,4,Wednesday,2025-12,0,13,296.8281333333333
casual,classic_bike,4,Wednesday,2025-12,1,15,191.38863333333333
casual,classic_bike,4,Wednesday,2025-12,2,10,462.35148333333336
casual,classic_bike,4,Wednesday,2025-12,3,5,37.51916666666667
casual,classic_bike,4,Wednesday,2025-12,4,6,69.53846666666666
casual,classic_bike,4,Wednesday,2025-12,5,12,176.70418333333333
casual,classic_bike,4,Wednesday,2025-12,6,21,167.00375
casual,classic_bike,4,Wednesday,2025-12,7,38,934.8174499999999
casual,classic_bike,4,Wednesday,2025-12,8,47,559.69235
casual,classic_bike,4,Wednesday,2025-12,9,44,1036.6344833333333
casual,classic_bike,4,Wednesday,2025-12,10,41,1703.6826166666667
casual,classic_bike,4,Wednesday,2025-12,11,57,2389.851783333333
casual,classic_bike,4,Wednesday,2025-12,12,76,1179.0239166666668
casual,classic_bike,4,Wednesday,2025-12,13,74,1264.4855333333333
casual,classic_bike,4,Wednesday,2025-12,14,71,1550.3991166666667
casual,classic_bike,4,Wednesday,2025-12,15,78,1238.06315
casual,classic_bike,4,Wednesday,2025-12,16,76,2661.7879000000003
casual,classic_bike,4,Wednesday,2025-12,17,94,1933.9552166666667
casual,classic_bike,4,Wednesday,2025-12,18,70,1346.0114999999998
casual,classic_bike,4,Wednesday,2025-12,19,47,836.1132166666666
casual,classic_bike,4,Wednesday,2025-12,20,28,657.80755
casual,classic_bike,4,Wednesday,2025-12,21,38,1085.9887833333335
casual,classic_bike,4,Wednesday,2025-12,22,31,474.4798833333333
casual,classic_bike,4,Wednesday,2025-12,23,31,836.75995
casual,classic_bike,4,Wednesday,2026-01,0,8,239.97976666666668
casual,classic_bike,4,Wednesday,2026-01,2,7,197.12298333333334
casual,classic_bike,4,Wednesday,2026-01,3,2,3.8272333333333335
casual,classic_bike,4,Wednesday,2026-01,4,3,18.30933333333333
casual,classic_bike,4,Wednesday,2026-01,5,9,116.45953333333333
casual,classic_bike,4,Wednesday,2026-01,6,23,588.4142833333334
casual,classic_bike,4,Wednesday,2026-01,7,26,573.8691833333334
casual,classic_bike,4,Wednesday,2026-01,8,52,667.9229166666667
casual,classic_bike,4,Wednesday,2026-01,9,37,318.00831666666664
casual,classic_bike,4,Wednesday,2026-01,10,20,305.35001666666665
casual,classic_bike,4,Wednesday,2026-01,11,36,610.4713666666667
casual,classic_bike,4,Wednesday,2026-01,12,42,491.5205
casual,classic_bike,4,Wednesday,2026-01,13,44,1267.6829666666667
casual,classic_bike,4,Wednesday,2026-01,14,45,972.2741833333333
casual,classic_bike,4,Wednesday,2026-01,15,48,693.55295
casual,classic_bike,4,Wednesday,2026-01,16,84,1639.1168666666667
casual,classic_bike,4,Wednesday,2026-01,17,85,1219.3466166666667
casual,classic_bike,4,Wednesday,2026-01,18,50,729.0831333333333
casual,classic_bike,4,Wednesday,2026-01,19,49,576.8053
casual,classic_bike,4,Wednesday,2026-01,20,41,1703.0785166666667
casual,classic_bike,4,Wednesday,2026-01,21,28,1209.2288
casual,classic_bike,4,Wednesday,2026-01,22,23,313.84675
casual,classic_bike,4,Wednesday,2026-01,23,4,49.043
casual,classic_bike,4,Wednesday,2026-02,0,8,85.85075
casual,classic_bike,4,Wednesday,2026-02,1,8,117.96858333333333
casual,classic_bike,4,Wednesday,2026-02,2,6,87.51958333333333
casual,classic_bike,4,Wednesday,2026-02,3,2,13.898800000000001
casual,classic_bike,4,Wednesday,2026-02,4,8,82.57003333333333
casual,classic_bike,4,Wednesday,2026-02,5,9,50.61836666666667
casual,classic_bike,4,Wednesday,2026-02,6,30,827.24315
casual,classic_bike,4,Wednesday,2026-02,7,49,461.8865333333333
casual,classic_bike,4,Wednesday,2026-02,8,103,1167.3448833333334
casual,classic_bike,4,Wednesday,2026-02,9,77,923.2616166666667
casual,classic_bike,4,Wednesday,2026-02,10,53,1608.0508333333332
casual,classic_bike,4,Wednesday,2026-02,11,79,1089.0210666666667
casual,classic_bike,4,Wednesday,2026-02,12,107,3572.629733333333
casual,classic_bike,4,Wednesday,2026-02,13,85,1633.2164
casual,classic_bike,4,Wednesday,2026-02,14,91,1861.5968333333333
casual,classic_bike,4,Wednesday,2026-02,15,132,3483.7865333333334
casual,classic_bike,4,Wednesday,2026-02,16,189,3633.304633333333
casual,classic_bike,4,Wednesday,2026-02,17,215,5530.483066666667
casual,classic_bike,4,Wednesday,2026-02,18,157,2387.9164333333333
casual,classic_bike,4,Wednesday,2026-02,19,90,1986.7790333333335
casual,classic_bike,4,Wednesday,2026-02,20,72,2137.6649
casual,classic_bike,4,Wednesday,2026-02,21,60,1158.9154
casual,classic_bike,4,Wednesday,2026-02,22,29,488.49098333333336
casual,classic_bike,4,Wednesday,2026-02,23,14,202.11751666666666
casual,classic_bike,4,Wednesday,2026-03,0,9,107.69996666666667
casual,classic_bike,4,Wednesday,2026-03,1,11,789.9723833333334
casual,classic_bike,4,Wednesday,2026-03,2,7,71.05033333333333
casual,classic_bike,4,Wednesday,2026-03,3,3,22.80005
casual,classic_bike,4,Wednesday,2026-03,4,3,71.01635
casual,classic_bike,4,Wednesday,2026-03,5,17,131.00316666666666
casual,classic_bike,4,Wednesday,2026-03,6,27,385.7893666666667
casual,classic_bike,4,Wednesday,2026-03,7,46,1125.4705833333333
casual,classic_bike,4,Wednesday,2026-03,8,104,1337.0939666666666
casual,classic_bike,4,Wednesday,2026-03,9,72,849.1237833333333
casual,classic_bike,4,Wednesday,2026-03,10,49,804.7011333333334
casual,classic_bike,4,Wednesday,2026-03,11,72,1471.2954166666666
casual,classic_bike,4,Wednesday,2026-03,12,84,1887.3683
casual,classic_bike,4,Wednesday,2026-03,13,113,3229.7698666666665
casual,classic_bike,4,Wednesday,2026-03,14,95,2126.076683333333
casual,classic_bike,4,Wednesday,2026-03,15,141,3473.7238166666666
casual,classic_bike,4,Wednesday,2026-03,16,193,8492.89285
casual,classic_bike,4,Wednesday,2026-03,17,249,5870.954766666667
casual,classic_bike,4,Wednesday,2026-03,18,263,6077.1326
casual,classic_bike,4,Wednesday,2026-03,19,147,2859.4393833333334
casual,classic_bike,4,Wednesday,2026-03,20,74,2994.69915
casual,classic_bike,4,Wednesday,2026-03,21,88,1227.16905
casual,classic_bike,4,Wednesday,2026-03,22,55,1124.59105
casual,classic_bike,4,Wednesday,2026-03,23,24,1187.3323833333332
casual,classic_bike,4,Wednesday,2026-04,0,27,342.1023
casual,classic_bike,4,Wednesday,2026-04,1,32,456.36411666666663
casual,classic_bike,4,Wednesday,2026-04,2,23,622.6826166666667
casual,classic_bike,4,Wednesday,2026-04,3,11,368.08495
casual,classic_bike,4,Wednesday,2026-04,4,5,53.627583333333334
casual,classic_bike,4,Wednesday,2026-04,5,28,628.9581666666667
casual,classic_bike,4,Wednesday,2026-04,6,58,1153.4564666666665
casual,classic_bike,4,Wednesday,2026-04,7,108,1478.69125
casual,classic_bike,4,Wednesday,2026-04,8,224,4100.5858333333335
casual,classic_bike,4,Wednesday,2026-04,9,119,1773.9568166666668
casual,classic_bike,4,Wednesday,2026-04,10,123,3410.7496
casual,classic_bike,4,Wednesday,2026-04,11,160,4272.838483333333
casual,classic_bike,4,Wednesday,2026-04,12,182,4833.726616666667
casual,classic_bike,4,Wednesday,2026-04,13,240,5471.90495
casual,classic_bike,4,Wednesday,2026-04,14,239,5805.286283333333
casual,classic_bike,4,Wednesday,2026-04,15,241,4887.9488
casual,classic_bike,4,Wednesday,2026-04,16,380,8643.173433333333
casual,classic_bike,4,Wednesday,2026-04,17,516,10984.4467
casual,classic_bike,4,Wednesday,2026-04,18,478,12626.97725
casual,classic_bike,4,Wednesday,2026-04,19,313,6351.735283333333
casual,classic_bike,4,Wednesday,2026-04,20,203,3691.0261666666665
casual,classic_bike,4,Wednesday,2026-04,21,174,2644.1020166666667
casual,classic_bike,4,Wednesday,2026-04,22,126,2858.483833333333
casual,classic_bike,4,Wednesday,2026-04,23,52,612.0484833333334
casual,classic_bike,4,Wednesday,2026-05,0,74,1414.6558166666666
casual,classic_bike,4,Wednesday,2026-05,1,30,570.9689500000001
casual,classic_bike,4,Wednesday,2026-05,2,14,292.10670000000005
casual,classic_bike,4,Wednesday,2026-05,3,12,92.27275
casual,classic_bike,4,Wednesday,2026-05,4,11,211.45805
casual,classic_bike,4,Wednesday,2026-05,5,39,674.4505166666667
casual,classic_bike,4,Wednesday,2026-05,6,81,1569.8737166666667
casual,classic_bike,4,Wednesday,2026-05,7,168,3674.8995666666665
casual,classic_bike,4,Wednesday,2026-05,8,262,4646.473433333334
casual,classic_bike,4,Wednesday,2026-05,9,181,4539.2093
casual,classic_bike,4,Wednesday,2026-05,10,221,7626.752883333334
casual,classic_bike,4,Wednesday,2026-05,11,282,9254.823216666666
casual,classic_bike,4,Wednesday,2026-05,12,280,7741.10115
casual,classic_bike,4,Wednesday,2026-05,13,344,10557.925116666667
casual,classic_bike,4,Wednesday,2026-05,14,290,8077.4793666666665
casual,classic_bike,4,Wednesday,2026-05,15,348,11130.346566666667
casual,classic_bike,4,Wednesday,2026-05,16,516,15058.184949999999
casual,classic_bike,4,Wednesday,2026-05,17,715,19232.972616666666
casual,classic_bike,4,Wednesday,2026-05,18,608,19234.0298
casual,classic_bike,4,Wednesday,2026-05,19,478,12404.348116666666
casual,classic_bike,4,Wednesday,2026-05,20,293,7540.304316666667
casual,classic_bike,4,Wednesday,2026-05,21,240,4053.168616666667
casual,classic_bike,4,Wednesday,2026-05,22,152,2393.8694666666665
casual,classic_bike,4,Wednesday,2026-05,23,85,1673.2336666666667
casual,classic_bike,4,Wednesday,2026-06,0,90,2121.5433333333335
casual,classic_bike,4,Wednesday,2026-06,1,43,932.5813666666667
casual,classic_bike,4,Wednesday,2026-06,2,18,1271.72345
casual,classic_bike,4,Wednesday,2026-06,3,24,760.2685833333334
casual,classic_bike,4,Wednesday,2026-06,4,18,447.6134333333333
casual,classic_bike,4,Wednesday,2026-06,5,70,1147.1587166666666
casual,classic_bike,4,Wednesday,2026-06,6,132,2456.97185
casual,classic_bike,4,Wednesday,2026-06,7,209,4343.334366666667
casual,classic_bike,4,Wednesday,2026-06,8,318,5374.3269
casual,classic_bike,4,Wednesday,2026-06,9,229,5015.849916666667
casual,classic_bike,4,Wednesday,2026-06,10,211,5743.983066666667
casual,classic_bike,4,Wednesday,2026-06,11,284,8763.118466666667
casual,classic_bike,4,Wednesday,2026-06,12,264,7350.3414999999995
casual,classic_bike,4,Wednesday,2026-06,13,240,5509.900233333334
casual,classic_bike,4,Wednesday,2026-06,14,227,7503.106516666667
casual,classic_bike,4,Wednesday,2026-06,15,351,9029.082383333332
casual,classic_bike,4,Wednesday,2026-06,16,368,7743.365383333334
casual,classic_bike,4,Wednesday,2026-06,17,651,14858.4294
casual,classic_bike,4,Wednesday,2026-06,18,677,13544.1073
casual,classic_bike,4,Wednesday,2026-06,19,435,9976.680216666666
casual,classic_bike,4,Wednesday,2026-06,20,361,8728.113866666667
casual,classic_bike,4,Wednesday,2026-06,21,277,8617.209333333334
casual,classic_bike,4,Wednesday,2026-06,22,202,3965.8860666666665
casual,classic_bike,4,Wednesday,2026-06,23,125,3173.140766666667
casual,classic_bike,4,Wednesday,2026-07,0,127,3634.7529833333333
casual,classic_bike,4,Wednesday,2026-07,1,90,2847.188833333333
casual,classic_bike,4,Wednesday,2026-07,2,41,936.80245
casual,classic_bike,4,Wednesday,2026-07,3,51,1038.3095166666667
casual,classic_bike,4,Wednesday,2026-07,4,19,320.04468333333335
casual,classic_bike,4,Wednesday,2026-07,5,81,1991.5892
casual,classic_bike,4,Wednesday,2026-07,6,162,2943.1786833333335
casual,classic_bike,4,Wednesday,2026-07,7,288,6570.48125
casual,classic_bike,4,Wednesday,2026-07,8,452,10645.491816666667
casual,classic_bike,4,Wednesday,2026-07,9,390,11089.31155
casual,classic_bike,4,Wednesday,2026-07,10,446,18272.670133333333
casual,classic_bike,4,Wednesday,2026-07,11,476,14828.3247
casual,classic_bike,4,Wednesday,2026-07,12,594,17661.812533333334
casual,classic_bike,4,Wednesday,2026-07,13,584,16263.126333333334
casual,classic_bike,4,Wednesday,2026-07,14,631,18252.513333333332
casual,classic_bike,4,Wednesday,2026-07,15,673,21100.655366666666
casual,classic_bike,4,Wednesday,2026-07,16,972,26916.77375
casual,classic_bike,4,Wednesday,2026-07,17,1342,30475.980933333332
casual,classic_bike,4,Wednesday,2026-07,18,1361,34716.42615
casual,classic_bike,4,Wednesday,2026-07,19,1090,31107.44991666667
casual,classic_bike,4,Wednesday,2026-07,20,894,26998.43748333333
casual,classic_bike,4,Wednesday,2026-07,21,818,18325.977066666666
casual,classic_bike,4,Wednesday,2026-07,22,486,11859.772266666667
casual,classic_bike,4,Wednesday,2026-07,23,287,8684.76475
casual,classic_bike,4,Wednesday,2026-08,0,98,2375.0929666666666
casual,classic_bike,4,Wednesday,2026-08,1,45,1279.0359166666667
casual,classic_bike,4,Wednesday,2026-08,2,20,243.58933333333334
casual,classic_bike,4,Wednesday,2026-08,3,34,1388.0074833333333
casual,classic_bike,4,Wednesday,2026-08,4,14,241.11353333333335
casual,classic_bike,4,Wednesday,2026-08,5,39,945.466
casual,classic_bike,4,Wednesday,2026-08,6,116,1635.0667666666666
casual,classic_bike,4,Wednesday,2026-08,7,214,3101.1947
casual,classic_bike,4,Wednesday,2026-08,8,333,7335.939483333334
casual,classic_bike,4,Wednesday,2026-08,9,257,7023.817333333333
casual,classic_bike,4,Wednesday,2026-08,10,261,7038.415166666667
casual,classic_bike,4,Wednesday,2026-08,11,298,10652.215333333334
casual,classic_bike,4,Wednesday,2026-08,12,428,12663.234033333334
casual,classic_bike,4,Wednesday,2026-08,13,391,10264.5539
casual,classic_bike,4,Wednesday,2026-08,14,467,13339.23035
casual,classic_bike,4,Wednesday,2026-08,15,461,12770.227033333333
casual,classic_bike,4,Wednesday,2026-08,16,584,15720.850283333333
casual,classic_bike,4,Wednesday,2026-08,17,837,18684.403033333332
casual,classic_bike,4,Wednesday,2026-08,18,792,20784.197816666667
casual,classic_bike,4,Wednesday,2026-08,19,603,12639.3492
casual,classic_bike,4,Wednesday,2026-08,20,485,10357.893616666666
casual,classic_bike,4,Wednesday,2026-08,21,367,9305.9199
casual,classic_bike,4,Wednesday,2026-08,22,282,7113.703583333334
casual,classic_bike,4,Wednesday,2026-08,23,165,2832.1962166666667
casual,classic_bike,5,Thursday,2025-09,0,84,2025.1123333333335
casual,classic_bike,5,Thursday,2025-09,1,43,1059.9059166666666
casual,classic_bike,5,Thursday,2025-09,2,22,598.3354833333333
casual,classic_bike,5,Thursday,2025-09,3,15,187.72688333333332
casual,classic_bike,5,Thursday,2025-09,4,12,85.46118333333334
casual,classic_bike,5,Thursday,2025-09,5,48,463.50955
casual,classic_bike,5,Thursday,2025-09,6,107,1581.7419
casual,classic_bike,5,Thursday,2025-09,7,286,5554.819533333333
casual,classic_bike,5,Thursday,2025-09,8,353,5998.1934
casual,classic_bike,5,Thursday,2025-09,9,270,6056.011533333333
casual,classic_bike,5,Thursday,2025-09,10,355,11243.539366666666
casual,classic_bike,5,Thursday,2025-09,11,400,12005.2186
casual,classic_bike,5,Thursday,2025-09,12,478,16184.961766666667
casual,classic_bike,5,Thursday,2025-09,13,444,10551.294466666666
casual,classic_bike,5,Thursday,2025-09,14,547,20019.255866666666
casual,classic_bike,5,Thursday,2025-09,15,616,15382.013033333333
casual,classic_bike,5,Thursday,2025-09,16,703,16846.19005
casual,classic_bike,5,Thursday,2025-09,17,969,23000.77718333333
casual,classic_bike,5,Thursday,2025-09,18,983,23485.997466666668
casual,classic_bike,5,Thursday,2025-09,19,557,11549.073716666666
casual,classic_bike,5,Thursday,2025-09,20,394,10066.115766666666
casual,classic_bike,5,Thursday,2025-09,21,295,5290.789666666667
casual,classic_bike,5,Thursday,2025-09,22,267,7819.5806
casual,classic_bike,5,Thursday,2025-09,23,135,2803.1318833333335
casual,classic_bike,5,Thursday,2025-10,0,66,806.3253833333333
casual,classic_bike,5,Thursday,2025-10,1,41,1351.3883999999998
casual,classic_bike,5,Thursday,2025-10,2,16,1243.8882666666666
casual,classic_bike,5,Thursday,2025-10,3,19,827.9991666666667
casual,classic_bike,5,Thursday,2025-10,4,16,452.32065
casual,classic_bike,5,Thursday,2025-10,5,43,1120.7525166666667
casual,classic_bike,5,Thursday,2025-10,6,115,1504.8290833333333
casual,classic_bike,5,Thursday,2025-10,7,245,3598.337883333333
casual,classic_bike,5,Thursday,2025-10,8,362,5843.7097
casual,classic_bike,5,Thursday,2025-10,9,349,8109.311333333333
casual,classic_bike,5,Thursday,2025-10,10,406,12910.434433333334
casual,classic_bike,5,Thursday,2025-10,11,507,19085.167366666665
casual,classic_bike,5,Thursday,2025-10,12,565,19046.691166666667
casual,classic_bike,5,Thursday,2025-10,13,549,17939.567616666667
casual,classic_bike,5,Thursday,2025-10,14,564,14796.663266666666
casual,classic_bike,5,Thursday,2025-10,15,712,18212.623
casual,classic_bike,5,Thursday,2025-10,16,781,15316.413433333333
casual,classic_bike,5,Thursday,2025-10,17,969,18111.623366666667
casual,classic_bike,5,Thursday,2025-10,18,788,13334.233816666667
casual,classic_bike,5,Thursday,2025-10,19,524,10423.715233333332
casual,classic_bike,5,Thursday,2025-10,20,414,8398.666816666666
casual,classic_bike,5,Thursday,2025-10,21,293,6865.4501
casual,classic_bike,5,Thursday,2025-10,22,231,4181.8497333333335
casual,classic_bike,5,Thursday,2025-10,23,204,4886.895716666667
casual,classic_bike,5,Thursday,2025-11,0,43,1475.1501333333333
casual,classic_bike,5,Thursday,2025-11,1,29,521.8318333333333
casual,classic_bike,5,Thursday,2025-11,2,25,330.10991666666666
casual,classic_bike,5,Thursday,2025-11,3,12,139.394
casual,classic_bike,5,Thursday,2025-11,4,13,98.67336666666667
casual,classic_bike,5,Thursday,2025-11,5,21,229.10531666666668
casual,classic_bike,5,Thursday,2025-11,6,50,696.5974333333334
casual,classic_bike,5,Thursday,2025-11,7,99,1230.7954333333334
casual,classic_bike,5,Thursday,2025-11,8,155,3595.8088166666666
casual,classic_bike,5,Thursday,2025-11,9,154,4698.623316666667
casual,classic_bike,5,Thursday,2025-11,10,120,2482.3611
casual,classic_bike,5,Thursday,2025-11,11,136,2686.4521666666665
casual,classic_bike,5,Thursday,2025-11,12,154,3399.459066666667
casual,classic_bike,5,Thursday,2025-11,13,158,4090.937066666667
casual,classic_bike,5,Thursday,2025-11,14,220,5563.143166666667
casual,classic_bike,5,Thursday,2025-11,15,195,4162.229116666666
casual,classic_bike,5,Thursday,2025-11,16,232,5666.623066666667
casual,classic_bike,5,Thursday,2025-11,17,265,3800.066283333333
casual,classic_bike,5,Thursday,2025-11,18,215,2765.7303833333335
casual,classic_bike,5,Thursday,2025-11,19,133,1989.0370666666668
casual,classic_bike,5,Thursday,2025-11,20,102,1896.5763
casual,classic_bike,5,Thursday,2025-11,21,104,1240.0266166666668
casual,classic_bike,5,Thursday,2025-11,22,93,1355.8045166666666
casual,classic_bike,5,Thursday,2025-11,23,60,780.9216833333334
casual,classic_bike,5,Thursday,2025-12,0,14,108.05643333333333
casual,classic_bike,5,Thursday,2025-12,1,8,142.30313333333334
casual,classic_bike,5,Thursday,2025-12,2,4,61.07995
casual,classic_bike,5,Thursday,2025-12,3,7,76.15823333333334
casual,classic_bike,5,Thursday,2025-12,4,3,48.49021666666667
casual,classic_bike,5,Thursday,2025-12,5,6,678.6464833333333
casual,classic_bike,5,Thursday,2025-12,6,13,85.07305
casual,classic_bike,5,Thursday,2025-12,7,35,308.1806
casual,classic_bike,5,Thursday,2025-12,8,37,643.9710833333332
casual,classic_bike,5,Thursday,2025-12,9,46,595.3100833333333
casual,classic_bike,5,Thursday,2025-12,10,47,2078.6563499999997
casual,classic_bike,5,Thursday,2025-12,11,48,1608.5541333333333
casual,classic_bike,5,Thursday,2025-12,12,63,1233.4240166666666
casual,classic_bike,5,Thursday,2025-12,13,52,892.6915
casual,classic_bike,5,Thursday,2025-12,14,61,1167.8092166666668
casual,classic_bike,5,Thursday,2025-12,15,59,1482.1888166666665
casual,classic_bike,5,Thursday,2025-12,16,71,1533.9057333333333
casual,classic_bike,5,Thursday,2025-12,17,96,1902.03515
casual,classic_bike,5,Thursday,2025-12,18,87,3088.9379833333332
casual,classic_bike,5,Thursday,2025-12,19,46,772.0236
casual,classic_bike,5,Thursday,2025-12,20,33,457.0104333333333
casual,classic_bike,5,Thursday,2025-12,21,26,413.52321666666666
casual,classic_bike,5,Thursday,2025-12,22,28,532.27805
casual,classic_bike,5,Thursday,2025-12,23,21,905.3431
casual,classic_bike,5,Thursday,2026-01,0,20,223.66795
casual,classic_bike,5,Thursday,2026-01,1,40,435.92566666666664
casual,classic_bike,5,Thursday,2026-01,2,18,378.1268
casual,classic_bike,5,Thursday,2026-01,3,10,114.91823333333333
casual,classic_bike,5,Thursday,2026-01,4,6,41.59135
casual,classic_bike,5,Thursday,2026-01,5,11,71.39168333333333
casual,classic_bike,5,Thursday,2026-01,6,22,230.73026666666667
casual,classic_bike,5,Thursday,2026-01,7,47,1558.0571333333332
casual,classic_bike,5,Thursday,2026-01,8,59,779.5318166666667
casual,classic_bike,5,Thursday,2026-01,9,41,547.7854333333333
casual,classic_bike,5,Thursday,2026-01,10,32,322.16935
casual,classic_bike,5,Thursday,2026-01,11,30,686.1546333333333
casual,classic_bike,5,Thursday,2026-01,12,82,1260.6693166666666
casual,classic_bike,5,Thursday,2026-01,13,70,1238.4946166666666
casual,classic_bike,5,Thursday,2026-01,14,46,828.03975
casual,classic_bike,5,Thursday,2026-01,15,47,1230.8859
casual,classic_bike,5,Thursday,2026-01,16,59,2253.46945
casual,classic_bike,5,Thursday,2026-01,17,58,4195.975166666667
casual,classic_bike,5,Thursday,2026-01,18,30,745.4031666666666
casual,classic_bike,5,Thursday,2026-01,19,23,393.6861333333333
casual,classic_bike,5,Thursday,2026-01,20,21,223.01415
casual,classic_bike,5,Thursday,2026-01,21,24,250.7526
casual,classic_bike,5,Thursday,2026-01,22,18,152.17566666666667
casual,classic_bike,5,Thursday,2026-01,23,11,153.64518333333334
casual,classic_bike,5,Thursday,2026-02,0,17,335.9355166666667
casual,classic_bike,5,Thursday,2026-02,1,5,70.6665
casual,classic_bike,5,Thursday,2026-02,2,4,99.8099
casual,classic_bike,5,Thursday,2026-02,3,3,29.88445
casual,classic_bike,5,Thursday,2026-02,4,5,35.50496666666667
casual,classic_bike,5,Thursday,2026-02,5,11,91.4177
casual,classic_bike,5,Thursday,2026-02,6,25,261.2126333333333
casual,classic_bike,5,Thursday,2026-02,7,61,1054.5411666666666
casual,classic_bike,5,Thursday,2026-02,8,91,1124.1446
casual,classic_bike,5,Thursday,2026-02,9,60,869.0528333333333
casual,classic_bike,5,Thursday,2026-02,10,53,1269.9334333333334
casual,classic_bike,5,Thursday,2026-02,11,65,1261.3033
casual,classic_bike,5,Thursday,2026-02,12,91,1142.95725
casual,classic_bike,5,Thursday,2026-02,13,84,1264.1042
casual,classic_bike,5,Thursday,2026-02,14,91,2601.33445
casual,classic_bike,5,Thursday,2026-02,15,118,1740.7655
casual,classic_bike,5,Thursday,2026-02,16,124,1853.1708166666667
casual,classic_bike,5,Thursday,2026-02,17,151,4154.10215
casual,classic_bike,5,Thursday,2026-02,18,108,1505.4152166666665
casual,classic_bike,5,Thursday,2026-02,19,55,602.9514166666667
casual,classic_bike,5,Thursday,2026-02,20,60,671.6963333333333
casual,classic_bike,5,Thursday,2026-02,21,54,860.5278
casual,classic_bike,5,Thursday,2026-02,22,27,300.42165
casual,classic_bike,5,Thursday,2026-02,23,15,1192.7874666666667
casual,classic_bike,5,Thursday,2026-03,0,30,441.5009
casual,classic_bike,5,Thursday,2026-03,1,18,295.8802333333333
casual,classic_bike,5,Thursday,2026-03,2,5,69.01616666666666
casual,classic_bike,5,Thursday,2026-03,3,4,21.576433333333334
casual,classic_bike,5,Thursday,2026-03,4,2,17.474050000000002
casual,classic_bike,5,Thursday,2026-03,5,15,224.00218333333333
casual,classic_bike,5,Thursday,2026-03,6,34,543.7928666666667
casual,classic_bike,5,Thursday,2026-03,7,75,1426.0582333333334
casual,classic_bike,5,Thursday,2026-03,8,117,3189.2739333333334
casual,classic_bike,5,Thursday,2026-03,9,85,1415.68595
casual,classic_bike,5,Thursday,2026-03,10,106,2776.163
casual,classic_bike,5,Thursday,2026-03,11,144,3143.3951333333334
casual,classic_bike,5,Thursday,2026-03,12,145,4597.4186666666665
casual,classic_bike,5,Thursday,2026-03,13,166,4239.032333333334
casual,classic_bike,5,Thursday,2026-03,14,157,3132.709966666667
casual,classic_bike,5,Thursday,2026-03,15,151,4936.3498666666665
casual,classic_bike,5,Thursday,2026-03,16,193,3346.7700666666665
casual,classic_bike,5,Thursday,2026-03,17,243,4729.5786
casual,classic_bike,5,Thursday,2026-03,18,172,2867.1688833333333
casual,classic_bike,5,Thursday,2026-03,19,124,2189.6500666666666
casual,classic_bike,5,Thursday,2026-03,20,78,1141.8879666666667
casual,classic_bike,5,Thursday,2026-03,21,68,772.1893166666666
casual,classic_bike,5,Thursday,2026-03,22,59,1843.5210666666667
casual,classic_bike,5,Thursday,2026-03,23,61,3601.0454833333333
casual,classic_bike,5,Thursday,2026-04,0,37,626.1272333333334
casual,classic_bike,5,Thursday,2026-04,1,17,199.69116666666667
casual,classic_bike,5,Thursday,2026-04,2,18,680.6424166666667
casual,classic_bike,5,Thursday,2026-04,3,5,40.35085
casual,classic_bike,5,Thursday,2026-04,4,5,188.38006666666666
casual,classic_bike,5,Thursday,2026-04,5,22,827.3232333333333
casual,classic_bike,5,Thursday,2026-04,6,59,758.7909500000001
casual,classic_bike,5,Thursday,2026-04,7,123,2189.21155
casual,classic_bike,5,Thursday,2026-04,8,172,2837.43605
casual,classic_bike,5,Thursday,2026-04,9,220,6045.084766666667
casual,classic_bike,5,Thursday,2026-04,10,209,7342.359
casual,classic_bike,5,Thursday,2026-04,11,326,10038.238266666667
casual,classic_bike,5,Thursday,2026-04,12,384,10147.71075
casual,classic_bike,5,Thursday,2026-04,13,356,10361.109516666667
casual,classic_bike,5,Thursday,2026-04,14,321,8516.579733333334
casual,classic_bike,5,Thursday,2026-04,15,400,13560.689533333334
casual,classic_bike,5,Thursday,2026-04,16,526,12793.470416666667
casual,classic_bike,5,Thursday,2026-04,17,654,12937.39135
casual,classic_bike,5,Thursday,2026-04,18,556,11669.082616666667
casual,classic_bike,5,Thursday,2026-04,19,354,8330.3964
casual,classic_bike,5,Thursday,2026-04,20,266,7009.094616666666
casual,classic_bike,5,Thursday,2026-04,21,160,2267.03015
casual,classic_bike,5,Thursday,2026-04,22,165,2716.46725
casual,classic_bike,5,Thursday,2026-04,23,82,1318.9918666666667
casual,classic_bike,5,Thursday,2026-05,0,52,1953.5374166666666
casual,classic_bike,5,Thursday,2026-05,1,35,664.30365
casual,classic_bike,5,Thursday,2026-05,2,10,63.19668333333333
casual,classic_bike,5,Thursday,2026-05,3,13,82.9016
casual,classic_bike,5,Thursday,2026-05,4,17,926.1090833333334
casual,classic_bike,5,Thursday,2026-05,5,35,339.7728
casual,classic_bike,5,Thursday,2026-05,6,57,2284.8538166666667
casual,classic_bike,5,Thursday,2026-05,7,156,2763.665183333333
casual,classic_bike,5,Thursday,2026-05,8,225,4460.917733333334
casual,classic_bike,5,Thursday,2026-05,9,183,3326.94675
casual,classic_bike,5,Thursday,2026-05,10,205,7639.77665
casual,classic_bike,5,Thursday,2026-05,11,296,11961.83395
casual,classic_bike,5,Thursday,2026-05,12,346,10281.893
casual,classic_bike,5,Thursday,2026-05,13,383,10130.6408
casual,classic_bike,5,Thursday,2026-05,14,372,10345.642833333333
casual,classic_bike,5,Thursday,2026-05,15,394,11676.96255
casual,classic_bike,5,Thursday,2026-05,16,482,10568.519133333333
casual,classic_bike,5,Thursday,2026-05,17,614,16711.72365
casual,classic_bike,5,Thursday,2026-05,18,565,13124.2398
casual,classic_bike,5,Thursday,2026-05,19,424,10286.948366666667
casual,classic_bike,5,Thursday,2026-05,20,272,7325.44575
casual,classic_bike,5,Thursday,2026-05,21,239,3849.517566666667
casual,classic_bike,5,Thursday,2026-05,22,132,2720.4781666666668
casual,classic_bike,5,Thursday,2026-05,23,85,2293.4331500000003
casual,classic_bike,5,Thursday,2026-06,0,80,1120.1159
casual,classic_bike,5,Thursday,2026-06,1,55,1188.1334666666667
casual,classic_bike,5,Thursday,2026-06,2,30,606.1024666666667
casual,classic_bike,5,Thursday,2026-06,3,29,549.40405
casual,classic_bike,5,Thursday,2026-06,4,21,898.6083333333332
casual,classic_bike,5,Thursday,2026-06,5,50,957.7050166666667
casual,classic_bike,5,Thursday,2026-06,6,121,2828.0211833333333
casual,classic_bike,5,Thursday,2026-06,7,176,3457.6664833333334
casual,classic_bike,5,Thursday,2026-06,8,288,6350.806016666666
casual,classic_bike,5,Thursday,2026-06,9,322,9509.54385
casual,classic_bike,5,Thursday,2026-06,10,323,11726.406
casual,classic_bike,5,Thursday,2026-06,11,430,12970.275683333333
casual,classic_bike,5,Thursday,2026-06,12,503,13498.308333333332
casual,classic_bike,5,Thursday,2026-06,13,517,14219.021366666666
casual,classic_bike,5,Thursday,2026-06,14,474,15732.831083333333
casual,classic_bike,5,Thursday,2026-06,15,558,17492.14845
casual,classic_bike,5,Thursday,2026-06,16,669,17811.483333333334
casual,classic_bike,5,Thursday,2026-06,17,986,26286.040133333332
casual,classic_bike,5,Thursday,2026-06,18,886,22165.557966666667
casual,classic_bike,5,Thursday,2026-06,19,716,17584.966583333335
casual,classic_bike,5,Thursday,2026-06,20,465,10919.3992
casual,classic_bike,5,Thursday,2026-06,21,335,8749.4283
casual,classic_bike,5,Thursday,2026-06,22,295,6741.375866666666
casual,classic_bike,5,Thursday,2026-06,23,254,10470.12805
casual,classic_bike,5,Thursday,2026-07,0,157,3505.1898833333335
casual,classic_bike,5,Thursday,2026-07,1,72,2629.593516666667
casual,classic_bike,5,Thursday,2026-07,2,43,1284.0596666666668
casual,classic_bike,5,Thursday,2026-07,3,32,491.7705
casual,classic_bike,5,Thursday,2026-07,4,27,569.56865
casual,classic_bike,5,Thursday,2026-07,5,72,1273.6337833333334
casual,classic_bike,5,Thursday,2026-07,6,173,3999.14425
casual,classic_bike,5,Thursday,2026-07,7,284,5314.253583333333
casual,classic_bike,5,Thursday,2026-07,8,364,10198.3864
casual,classic_bike,5,Thursday,2026-07,9,387,11260.800733333333
casual,classic_bike,5,Thursday,2026-07,10,428,13171.538716666666
casual,classic_bike,5,Thursday,2026-07,11,614,22072.205933333335
casual,classic_bike,5,Thursday,2026-07,12,585,18392.2481
casual,classic_bike,5,Thursday,2026-07,13,640,20065.953383333333
casual,classic_bike,5,Thursday,2026-07,14,639,19588.104333333333
casual,classic_bike,5,Thursday,2026-07,15,678,18672.426783333332
casual,classic_bike,5,Thursday,2026-07,16,853,21044.396666666667
casual,classic_bike,5,Thursday,2026-07,17,1087,27108.59435
casual,classic_bike,5,Thursday,2026-07,18,1090,27087.053366666667
casual,classic_bike,5,Thursday,2026-07,19,881,24138.454
casual,classic_bike,5,Thursday,2026-07,20,731,21009.136133333333
casual,classic_bike,5,Thursday,2026-07,21,409,9856.719216666666
casual,classic_bike,5,Thursday,2026-07,22,354,10983.8017
casual,classic_bike,5,Thursday,2026-07,23,185,7217.153033333333
casual,classic_bike,5,Thursday,2026-08,0,105,2986.0383666666667
casual,classic_bike,5,Thursday,2026-08,1,56,2067.7399333333333
casual,classic_bike,5,Thursday,2026-08,2,34,452.0842333333333
casual,classic_bike,5,Thursday,2026-08,3,19,377.6198166666667
casual,classic_bike,5,Thursday,2026-08,4,22,314.34891666666664
casual,classic_bike,5,Thursday,2026-08,5,42,1372.7475666666667
casual,classic_bike,5,Thursday,2026-08,6,93,1158.8391333333334
casual,classic_bike,5,Thursday,2026-08,7,180,3613.8031
casual,classic_bike,5,Thursday,2026-08,8,303,7952.23175
casual,classic_bike,5,Thursday,2026-08,9,262,7135.431066666667
casual,classic_bike,5,Thursday,2026-08,10,330,11857.899433333334
casual,classic_bike,5,Thursday,2026-08,11,436,14933.72855
casual,classic_bike,5,Thursday,2026-08,12,454,16387.6265
casual,classic_bike,5,Thursday,2026-08,13,433,12754.29375
casual,classic_bike,5,Thursday,2026-08,14,457,15411.703616666666
casual,classic_bike,5,Thursday,2026-08,15,462,12000.6322
casual,classic_bike,5,Thursday,2026-08,16,551,13358.704866666667
casual,classic_bike,5,Thursday,2026-08,17,787,18992.630933333334
casual,classic_bike,5,Thursday,2026-08,18,834,21640.88741666667
casual,classic_bike,5,Thursday,2026-08,19,597,13336.9433
casual,classic_bike,5,Thursday,2026-08,20,381,8002.26715
casual,classic_bike,5,Thursday,2026-08,21,269,4807.1151666666665
casual,classic_bike,5,Thursday,2026-08,22,230,4885.864333333333
casual,classic_bike,5,Thursday,2026-08,23,189,4396.640666666667
casual,classic_bike,6,Friday,2025-09,0,129,2730.97255
casual,classic_bike,6,Friday,2025-09,1,77,1781.1883833333334
casual,classic_bike,6,Friday,2025-09,2,37,1353.2721833333335
casual,classic_bike,6,Friday,2025-09,3,28,680.5432500000001
casual,classic_bike,6,Friday,2025-09,4,30,728.533
casual,classic_bike,6,Friday,2025-09,5,46,1938.6983333333333
casual,classic_bike,6,Friday,2025-09,6,104,1481.89065
casual,classic_bike,6,Friday,2025-09,7,201,3551.48625
casual,classic_bike,6,Friday,2025-09,8,316,8343.372783333334
casual,classic_bike,6,Friday,2025-09,9,358,12472.283666666666
casual,classic_bike,6,Friday,2025-09,10,489,18747.8859
casual,classic_bike,6,Friday,2025-09,11,681,19582.121966666666
casual,classic_bike,6,Friday,2025-09,12,759,24341.149233333334
casual,classic_bike,6,Friday,2025-09,13,666,22241.846133333333
casual,classic_bike,6,Friday,2025-09,14,758,24492.73658333333
casual,classic_bike,6,Friday,2025-09,15,837,23544.930716666666
casual,classic_bike,6,Friday,2025-09,16,998,26635.63275
casual,classic_bike,6,Friday,2025-09,17,1149,30210.669233333334
casual,classic_bike,6,Friday,2025-09,18,1000,27669.4369
casual,classic_bike,6,Friday,2025-09,19,619,12576.128483333334
casual,classic_bike,6,Friday,2025-09,20,433,11714.404566666666
casual,classic_bike,6,Friday,2025-09,21,393,10952.383433333333
casual,classic_bike,6,Friday,2025-09,22,385,10770.044249999999
casual,classic_bike,6,Friday,2025-09,23,350,11955.548966666667
casual,classic_bike,6,Friday,2025-10,0,150,4240.3441
casual,classic_bike,6,Friday,2025-10,1,91,4357.8129
casual,classic_bike,6,Friday,2025-10,2,41,460.47248333333334
casual,classic_bike,6,Friday,2025-10,3,23,513.4717999999999
casual,classic_bike,6,Friday,2025-10,4,21,159.58448333333334
casual,classic_bike,6,Friday,2025-10,5,43,435.4916166666667
casual,classic_bike,6,Friday,2025-10,6,99,3059.4536166666667
casual,classic_bike,6,Friday,2025-10,7,206,2930.73725
casual,classic_bike,6,Friday,2025-10,8,323,9250.411066666667
casual,classic_bike,6,Friday,2025-10,9,374,11953.02945
casual,classic_bike,6,Friday,2025-10,10,585,20972.547416666668
casual,classic_bike,6,Friday,2025-10,11,684,21349.140616666667
casual,classic_bike,6,Friday,2025-10,12,840,27842.238
casual,classic_bike,6,Friday,2025-10,13,877,25731.341783333333
casual,classic_bike,6,Friday,2025-10,14,794,22502.297416666668
casual,classic_bike,6,Friday,2025-10,15,974,28153.251266666666
casual,classic_bike,6,Friday,2025-10,16,1031,30877.426533333335
casual,classic_bike,6,Friday,2025-10,17,1014,29102.96905
casual,classic_bike,6,Friday,2025-10,18,849,19012.635783333335
casual,classic_bike,6,Friday,2025-10,19,591,14021.80885
casual,classic_bike,6,Friday,2025-10,20,433,11713.324483333334
casual,classic_bike,6,Friday,2025-10,21,338,7778.2073666666665
casual,classic_bike,6,Friday,2025-10,22,343,7398.272616666667
casual,classic_bike,6,Friday,2025-10,23,321,9799.872766666667
casual,classic_bike,6,Friday,2025-11,0,45,673.6569499999999
casual,classic_bike,6,Friday,2025-11,1,30,321.2344333333333
casual,classic_bike,6,Friday,2025-11,2,17,163.96301666666668
casual,classic_bike,6,Friday,2025-11,3,10,666.2611166666666
casual,classic_bike,6,Friday,2025-11,4,7,124.64698333333334
casual,classic_bike,6,Friday,2025-11,5,19,139.05296666666666
casual,classic_bike,6,Friday,2025-11,6,39,436.32155
casual,classic_bike,6,Friday,2025-11,7,82,1142.8636166666668
casual,classic_bike,6,Friday,2025-11,8,127,2729.393216666667
casual,classic_bike,6,Friday,2025-11,9,151,2614.6412333333333
casual,classic_bike,6,Friday,2025-11,10,180,5273.115383333334
casual,classic_bike,6,Friday,2025-11,11,246,5836.7053166666665
casual,classic_bike,6,Friday,2025-11,12,290,8103.131083333334
casual,classic_bike,6,Friday,2025-11,13,350,9566.81235
casual,classic_bike,6,Friday,2025-11,14,353,8072.8178
casual,classic_bike,6,Friday,2025-11,15,394,10145.0751
casual,classic_bike,6,Friday,2025-11,16,430,11396.8623
casual,classic_bike,6,Friday,2025-11,17,404,11666.162183333334
casual,classic_bike,6,Friday,2025-11,18,316,6864.561916666667
casual,classic_bike,6,Friday,2025-11,19,241,6058.020016666666
casual,classic_bike,6,Friday,2025-11,20,172,3306.1726
casual,classic_bike,6,Friday,2025-11,21,156,2505.0413166666667
casual,classic_bike,6,Friday,2025-11,22,116,1794.0571499999999
casual,classic_bike,6,Friday,2025-11,23,162,2495.4239333333335
casual,classic_bike,6,Friday,2025-12,0,31,462.2346166666667
casual,classic_bike,6,Friday,2025-12,1,8,46.52211666666667
casual,classic_bike,6,Friday,2025-12,2,6,71.69423333333333
casual,classic_bike,6,Friday,2025-12,3,7,46.78221666666666
casual,classic_bike,6,Friday,2025-12,4,4,39.027033333333335
casual,classic_bike,6,Friday,2025-12,5,7,332.66518333333335
casual,classic_bike,6,Friday,2025-12,6,9,65.9071
casual,classic_bike,6,Friday,2025-12,7,18,160.43393333333333
casual,classic_bike,6,Friday,2025-12,8,40,495.6114166666666
casual,classic_bike,6,Friday,2025-12,9,34,804.4171333333333
casual,classic_bike,6,Friday,2025-12,10,41,509.9576666666667
casual,classic_bike,6,Friday,2025-12,11,63,1198.9313333333332
casual,classic_bike,6,Friday,2025-12,12,70,1853.80265
casual,classic_bike,6,Friday,2025-12,13,83,1515.4245
casual,classic_bike,6,Friday,2025-12,14,85,1260.7266833333333
casual,classic_bike,6,Friday,2025-12,15,85,2706.919983333333
casual,classic_bike,6,Friday,2025-12,16,102,1639.6737833333334
casual,classic_bike,6,Friday,2025-12,17,71,1915.8091833333335
casual,classic_bike,6,Friday,2025-12,18,75,811.3398333333333
casual,classic_bike,6,Friday,2025-12,19,55,657.46355
casual,classic_bike,6,Friday,2025-12,20,52,688.0154833333333
casual,classic_bike,6,Friday,2025-12,21,38,504.4752
casual,classic_bike,6,Friday,2025-12,22,30,469.63978333333336
casual,classic_bike,6,Friday,2025-12,23,45,510.9800333333333
casual,classic_bike,6,Friday,2026-01,0,13,128.40108333333333
casual,classic_bike,6,Friday,2026-01,1,14,1694.1052833333333
casual,classic_bike,6,Friday,2026-01,2,3,22.397883333333333
casual,classic_bike,6,Friday,2026-01,3,2,20.6504
casual,classic_bike,6,Friday,2026-01,4,2,328.6046
casual,classic_bike,6,Friday,2026-01,5,7,69.5528
casual,classic_bike,6,Friday,2026-01,6,13,121.08661666666667
casual,classic_bike,6,Friday,2026-01,7,20,698.6701333333333
casual,classic_bike,6,Friday,2026-01,8,32,608.6525166666667
casual,classic_bike,6,Friday,2026-01,9,47,648.8594666666667
casual,classic_bike,6,Friday,2026-01,10,29,265.7731333333333
casual,classic_bike,6,Friday,2026-01,11,38,695.6025333333333
casual,classic_bike,6,Friday,2026-01,12,52,926.1404666666667
casual,classic_bike,6,Friday,2026-01,13,62,2197.2846333333337
casual,classic_bike,6,Friday,2026-01,14,74,4625.2191
casual,classic_bike,6,Friday,2026-01,15,96,3555.4823666666666
casual,classic_bike,6,Friday,2026-01,16,107,2463.8595833333334
casual,classic_bike,6,Friday,2026-01,17,90,4038.1982166666667
casual,classic_bike,6,Friday,2026-01,18,54,708.7485666666666
casual,classic_bike,6,Friday,2026-01,19,58,1067.9285
casual,classic_bike,6,Friday,2026-01,20,40,487.6222
casual,classic_bike,6,Friday,2026-01,21,38,423.58396666666664
casual,classic_bike,6,Friday,2026-01,22,37,1956.9254333333333
casual,classic_bike,6,Friday,2026-01,23,37,503.65021666666667
casual,classic_bike,6,Friday,2026-02,0,21,988.0780666666667
casual,classic_bike,6,Friday,2026-02,1,6,51.471050000000005
casual,classic_bike,6,Friday,2026-02,2,15,195.02994999999999
casual,classic_bike,6,Friday,2026-02,3,4,444.21088333333336
casual,classic_bike,6,Friday,2026-02,4,4,26.023316666666666
casual,classic_bike,6,Friday,2026-02,5,12,58.922133333333335
casual,classic_bike,6,Friday,2026-02,6,25,632.18925
casual,classic_bike,6,Friday,2026-02,7,44,662.60685
casual,classic_bike,6,Friday,2026-02,8,53,835.2160333333334
casual,classic_bike,6,Friday,2026-02,9,65,1553.4473166666667
casual,classic_bike,6,Friday,2026-02,10,70,2746.6924000000004
casual,classic_bike,6,Friday,2026-02,11,98,3366.03045
casual,classic_bike,6,Friday,2026-02,12,100,1990.2812166666668
casual,classic_bike,6,Friday,2026-02,13,141,2821.39835
casual,classic_bike,6,Friday,2026-02,14,172,4354.3606
casual,classic_bike,6,Friday,2026-02,15,171,4249.230066666667
casual,classic_bike,6,Friday,2026-02,16,275,7967.726166666666
casual,classic_bike,6,Friday,2026-02,17,297,7606.70485
casual,classic_bike,6,Friday,2026-02,18,173,3283.7474333333334
casual,classic_bike,6,Friday,2026-02,19,119,2067.1362166666668
casual,classic_bike,6,Friday,2026-02,20,89,1786.1192166666667
casual,classic_bike,6,Friday,2026-02,21,76,1658.3098333333332
casual,classic_bike,6,Friday,2026-02,22,46,868.64265
casual,classic_bike,6,Friday,2026-02,23,55,1143.3914833333333
casual,classic_bike,6,Friday,2026-03,0,50,1467.0501666666667
casual,classic_bike,6,Friday,2026-03,1,16,850.6414166666666
casual,classic_bike,6,Friday,2026-03,2,10,663.1725000000001
casual,classic_bike,6,Friday,2026-03,3,5,60.42653333333333
casual,classic_bike,6,Friday,2026-03,4,2,8.403216666666667
casual,classic_bike,6,Friday,2026-03,5,19,174.86176666666665
casual,classic_bike,6,Friday,2026-03,6,23,1112.9946333333332
casual,classic_bike,6,Friday,2026-03,7,51,740.2196166666666
casual,classic_bike,6,Friday,2026-03,8,62,970.1375833333334
casual,classic_bike,6,Friday,2026-03,9,72,1393.5580833333333
casual,classic_bike,6,Friday,2026-03,10,56,1385.5972333333334
casual,classic_bike,6,Friday,2026-03,11,133,3880.8056166666665
casual,classic_bike,6,Friday,2026-03,12,152,3742.3686166666666
casual,classic_bike,6,Friday,2026-03,13,210,3767.02115
casual,classic_bike,6,Friday,2026-03,14,197,3940.7717666666667
casual,classic_bike,6,Friday,2026-03,15,237,6433.030266666667
casual,classic_bike,6,Friday,2026-03,16,237,5750.2687
casual,classic_bike,6,Friday,2026-03,17,288,5226.437483333333
casual,classic_bike,6,Friday,2026-03,18,244,7695.202516666667
casual,classic_bike,6,Friday,2026-03,19,180,5114.732016666667
casual,classic_bike,6,Friday,2026-03,20,86,1592.2343333333333
casual,classic_bike,6,Friday,2026-03,21,74,2426.14075
casual,classic_bike,6,Friday,2026-03,22,96,1531.3149666666666
casual,classic_bike,6,Friday,2026-03,23,126,4939.193016666667
casual,classic_bike,6,Friday,2026-04,0,58,1464.8432833333334
casual,classic_bike,6,Friday,2026-04,1,49,797.0859
casual,classic_bike,6,Friday,2026-04,2,25,929.6356833333334
casual,classic_bike,6,Friday,2026-04,3,8,92.8062
casual,classic_bike,6,Friday,2026-04,4,6,239.61331666666666
casual,classic_bike,6,Friday,2026-04,5,27,1151.8490833333335
casual,classic_bike,6,Friday,2026-04,6,63,1326.2675
casual,classic_bike,6,Friday,2026-04,7,83,1506.0666
casual,classic_bike,6,Friday,2026-04,8,154,4284.5011
casual,classic_bike,6,Friday,2026-04,9,173,5202.4776
casual,classic_bike,6,Friday,2026-04,10,199,6193.3148
casual,classic_bike,6,Friday,2026-04,11,333,10634.641266666667
casual,classic_bike,6,Friday,2026-04,12,379,9731.145183333334
casual,classic_bike,6,Friday,2026-04,13,421,14856.560266666667
casual,classic_bike,6,Friday,2026-04,14,432,15489.751316666667
casual,classic_bike,6,Friday,2026-04,15,422,11631.491683333334
casual,classic_bike,6,Friday,2026-04,16,560,13764.443416666667
casual,classic_bike,6,Friday,2026-04,17,656,18624.23268333333
casual,classic_bike,6,Friday,2026-04,18,490,13154.35735
casual,classic_bike,6,Friday,2026-04,19,373,8881.57905
casual,classic_bike,6,Friday,2026-04,20,187,4842.08715
casual,classic_bike,6,Friday,2026-04,21,144,3047.1980333333336
casual,classic_bike,6,Friday,2026-04,22,98,1332.0333833333334
casual,classic_bike,6,Friday,2026-04,23,92,3224.632883333333
casual,classic_bike,6,Friday,2026-05,0,118,2971.27445
casual,classic_bike,6,Friday,2026-05,1,51,1672.5202666666667
casual,classic_bike,6,Friday,2026-05,2,31,658.69215
casual,classic_bike,6,Friday,2026-05,3,13,486.97985
casual,classic_bike,6,Friday,2026-05,4,16,270.64411666666666
casual,classic_bike,6,Friday,2026-05,5,38,764.90685
casual,classic_bike,6,Friday,2026-05,6,82,1653.6085
casual,classic_bike,6,Friday,2026-05,7,161,2973.579566666667
casual,classic_bike,6,Friday,2026-05,8,223,4121.737883333333
casual,classic_bike,6,Friday,2026-05,9,308,9629.169216666667
casual,classic_bike,6,Friday,2026-05,10,365,12483.09515
casual,classic_bike,6,Friday,2026-05,11,499,15936.807716666666
casual,classic_bike,6,Friday,2026-05,12,648,23688.7058
casual,classic_bike,6,Friday,2026-05,13,586,22270.715383333332
casual,classic_bike,6,Friday,2026-05,14,630,18623.443033333333
casual,classic_bike,6,Friday,2026-05,15,708,22329.88221666667
casual,classic_bike,6,Friday,2026-05,16,786,25791.379366666668
casual,classic_bike,6,Friday,2026-05,17,934,24332.15495
casual,classic_bike,6,Friday,2026-05,18,846,22590.08135
casual,classic_bike,6,Friday,2026-05,19,585,15895.3594
casual,classic_bike,6,Friday,2026-05,20,384,9092.270133333333
casual,classic_bike,6,Friday,2026-05,21,304,8807.0874
casual,classic_bike,6,Friday,2026-05,22,352,8156.9065
casual,classic_bike,6,Friday,2026-05,23,243,6922.96035
casual,classic_bike,6,Friday,2026-06,0,227,4453.773733333333
casual,classic_bike,6,Friday,2026-06,1,170,6250.287266666667
casual,classic_bike,6,Friday,2026-06,2,76,1598.43345
casual,classic_bike,6,Friday,2026-06,3,34,721.6068166666666
casual,classic_bike,6,Friday,2026-06,4,27,456.07236666666665
casual,classic_bike,6,Friday,2026-06,5,87,2026.7884999999999
casual,classic_bike,6,Friday,2026-06,6,133,3148.2773833333335
casual,classic_bike,6,Friday,2026-06,7,246,6367.525883333334
casual,classic_bike,6,Friday,2026-06,8,280,9656.439466666667
casual,classic_bike,6,Friday,2026-06,9,368,10779.496266666667
casual,classic_bike,6,Friday,2026-06,10,555,21809.056333333334
casual,classic_bike,6,Friday,2026-06,11,758,26810.965433333335
casual,classic_bike,6,Friday,2026-06,12,836,25248.424033333333
casual,classic_bike,6,Friday,2026-06,13,884,25804.33115
casual,classic_bike,6,Friday,2026-06,14,824,26014.17425
casual,classic_bike,6,Friday,2026-06,15,867,29522.74325
casual,classic_bike,6,Friday,2026-06,16,1065,26807.01905
casual,classic_bike,6,Friday,2026-06,17,1239,34850.572283333335
casual,classic_bike,6,Friday,2026-06,18,1164,34291.15315
casual,classic_bike,6,Friday,2026-06,19,988,25878.00155
casual,classic_bike,6,Friday,2026-06,20,654,17668.843983333332
casual,classic_bike,6,Friday,2026-06,21,446,13917.999283333333
casual,classic_bike,6,Friday,2026-06,22,464,9807.6519
casual,classic_bike,6,Friday,2026-06,23,542,16374.309933333334
casual,classic_bike,6,Friday,2026-07,0,149,3661.829983333333
casual,classic_bike,6,Friday,2026-07,1,90,2566.4582166666664
casual,classic_bike,6,Friday,2026-07,2,66,1950.9014833333333
casual,classic_bike,6,Friday,2026-07,3,42,604.8910666666667
casual,classic_bike,6,Friday,2026-07,4,30,3017.06355
casual,classic_bike,6,Friday,2026-07,5,78,2164.42965
casual,classic_bike,6,Friday,2026-07,6,147,3280.4699666666666
casual,classic_bike,6,Friday,2026-07,7,212,5298.596983333334
casual,classic_bike,6,Friday,2026-07,8,336,11937.33495
casual,classic_bike,6,Friday,2026-07,9,503,18144.231183333333
casual,classic_bike,6,Friday,2026-07,10,688,25362.968483333334
casual,classic_bike,6,Friday,2026-07,11,901,33765.700666666664
casual,classic_bike,6,Friday,2026-07,12,919,27548.132366666665
casual,classic_bike,6,Friday,2026-07,13,822,30267.285383333332
casual,classic_bike,6,Friday,2026-07,14,692,21942.284583333334
casual,classic_bike,6,Friday,2026-07,15,725,21259.969633333334
casual,classic_bike,6,Friday,2026-07,16,899,25817.350816666665
casual,classic_bike,6,Friday,2026-07,17,1079,29248.540866666666
casual,classic_bike,6,Friday,2026-07,18,1158,32658.882866666667
casual,classic_bike,6,Friday,2026-07,19,921,26174.285083333332
casual,classic_bike,6,Friday,2026-07,20,724,19523.022483333334
casual,classic_bike,6,Friday,2026-07,21,500,11284.052016666667
casual,classic_bike,6,Friday,2026-07,22,533,20031.166033333335
casual,classic_bike,6,Friday,2026-07,23,406,11069.04405
casual,classic_bike,6,Friday,2026-08,0,144,5036.067933333333
casual,classic_bike,6,Friday,2026-08,1,82,3329.2476333333334
casual,classic_bike,6,Friday,2026-08,2,32,716.7269666666666
casual,classic_bike,6,Friday,2026-08,3,26,942.7756833333333
casual,classic_bike,6,Friday,2026-08,4,17,1019.5126999999999
casual,classic_bike,6,Friday,2026-08,5,53,1756.6132166666666
casual,classic_bike,6,Friday,2026-08,6,127,2107.6525833333335
casual,classic_bike,6,Friday,2026-08,7,182,4888.759466666666
casual,classic_bike,6,Friday,2026-08,8,273,6019.31985
casual,classic_bike,6,Friday,2026-08,9,343,12235.48555
casual,classic_bike,6,Friday,2026-08,10,488,16462.3516
casual,classic_bike,6,Friday,2026-08,11,620,20330.467566666666
casual,classic_bike,6,Friday,2026-08,12,765,24338.770016666665
casual,classic_bike,6,Friday,2026-08,13,739,24683.689616666667
casual,classic_bike,6,Friday,2026-08,14,783,23006.886466666667
casual,classic_bike,6,Friday,2026-08,15,828,25643.44035
casual,classic_bike,6,Friday,2026-08,16,1010,27192.67715
casual,classic_bike,6,Friday,2026-08,17,965,25901.45778333333
casual,classic_bike,6,Friday,2026-08,18,961,24321.786483333333
casual,classic_bike,6,Friday,2026-08,19,767,19712.500633333333
casual,classic_bike,6,Friday,2026-08,20,501,15398.141166666666
casual,classic_bike,6,Friday,2026-08,21,419,10733.113466666666
casual,classic_bike,6,Friday,2026-08,22,407,10348.4868
casual,classic_bike,6,Friday,2026-08,23,373,10782.4889
casual,classic_bike,7,Saturday,2025-09,0,283,8511.299816666668
casual,classic_bike,7,Saturday,2025-09,1,196,3085.554633333333
casual,classic_bike,7,Saturday,2025-09,2,122,3067.1751833333333
casual,classic_bike,7,Saturday,2025-09,3,58,665.6290166666666
casual,classic_bike,7,Saturday,2025-09,4,36,1036.8295166666667
casual,classic_bike,7,Saturday,2025-09,5,35,1123.4005166666666
casual,classic_bike,7,Saturday,2025-09,6,95,2701.09325
casual,classic_bike,7,Saturday,2025-09,7,144,3502.711533333333
casual,classic_bike,7,Saturday,2025-09,8,302,10477.593783333334
casual,classic_bike,7,Saturday,2025-09,9,566,20283.642183333333
casual,classic_bike,7,Saturday,2025-09,10,917,31513.617533333334
casual,classic_bike,7,Saturday,2025-09,11,1228,40127.064633333335
casual,classic_bike,7,Saturday,2025-09,12,1462,48082.75526666667
casual,classic_bike,7,Saturday,2025-09,13,1459,44209.138033333336
casual,classic_bike,7,Saturday,2025-09,14,1468,46635.49706666666
casual,classic_bike,7,Saturday,2025-09,15,1389,40130.515933333336
casual,classic_bike,7,Saturday,2025-09,16,1398,42326.6678
casual,classic_bike,7,Saturday,2025-09,17,1264,36016.60635
casual,classic_bike,7,Saturday,2025-09,18,956,26332.698866666666
casual,classic_bike,7,Saturday,2025-09,19,635,18392.1975
casual,classic_bike,7,Saturday,2025-09,20,496,17483.919533333334
casual,classic_bike,7,Saturday,2025-09,21,475,12155.26375
casual,classic_bike,7,Saturday,2025-09,22,423,7753.7881333333335
casual,classic_bike,7,Saturday,2025-09,23,311,8222.105433333332
casual,classic_bike,7,Saturday,2025-10,0,259,8854.3468
casual,classic_bike,7,Saturday,2025-10,1,211,3361.3710333333333
casual,classic_bike,7,Saturday,2025-10,2,115,3330.1958666666665
casual,classic_bike,7,Saturday,2025-10,3,65,1810.1592666666666
casual,classic_bike,7,Saturday,2025-10,4,37,500.73408333333333
casual,classic_bike,7,Saturday,2025-10,5,31,434.78268333333335
casual,classic_bike,7,Saturday,2025-10,6,72,2723.2214833333333
casual,classic_bike,7,Saturday,2025-10,7,174,4591.477916666667
casual,classic_bike,7,Saturday,2025-10,8,390,10439.763333333334
casual,classic_bike,7,Saturday,2025-10,9,652,22891.343883333335
casual,classic_bike,7,Saturday,2025-10,10,1048,33534.0696
casual,classic_bike,7,Saturday,2025-10,11,1304,42765.8079
casual,classic_bike,7,Saturday,2025-10,12,1536,49059.4461
casual,classic_bike,7,Saturday,2025-10,13,1439,43627.04675
casual,classic_bike,7,Saturday,2025-10,14,1434,41794.922966666665
casual,classic_bike,7,Saturday,2025-10,15,1330,43393.7696
casual,classic_bike,7,Saturday,2025-10,16,1225,34349.170516666665
casual,classic_bike,7,Saturday,2025-10,17,996,27291.793866666667
casual,classic_bike,7,Saturday,2025-10,18,779,19797.26731666667
casual,classic_bike,7,Saturday,2025-10,19,491,10153.35995
casual,classic_bike,7,Saturday,2025-10,20,322,8520.6426
casual,classic_bike,7,Saturday,2025-10,21,263,5213.638066666666
casual,classic_bike,7,Saturday,2025-10,22,284,7073.533983333334
casual,classic_bike,7,Saturday,2025-10,23,203,4916.899833333333
casual,classic_bike,7,Saturday,2025-11,0,234,5730.51005
casual,classic_bike,7,Saturday,2025-11,1,212,7726.24895
casual,classic_bike,7,Saturday,2025-11,2,180,3655.6035666666667
casual,classic_bike,7,Saturday,2025-11,3,62,1434.5345166666666
casual,classic_bike,7,Saturday,2025-11,4,25,2455.243766666667
casual,classic_bike,7,Saturday,2025-11,5,19,1596.8193666666666
casual,classic_bike,7,Saturday,2025-11,6,40,1947.4656833333331
casual,classic_bike,7,Saturday,2025-11,7,71,3090.121666666667
casual,classic_bike,7,Saturday,2025-11,8,177,3808.12895
casual,classic_bike,7,Saturday,2025-11,9,298,8311.37465
casual,classic_bike,7,Saturday,2025-11,10,468,13799.550666666666
casual,classic_bike,7,Saturday,2025-11,11,540,17828.115766666666
casual,classic_bike,7,Saturday,2025-11,12,651,18082.978466666667
casual,classic_bike,7,Saturday,2025-11,13,765,24859.00098333333
casual,classic_bike,7,Saturday,2025-11,14,878,31211.3228
casual,classic_bike,7,Saturday,2025-11,15,779,28789.24815
casual,classic_bike,7,Saturday,2025-11,16,564,17768.376066666668
casual,classic_bike,7,Saturday,2025-11,17,517,14021.064166666667
casual,classic_bike,7,Saturday,2025-11,18,393,13127.494383333333
casual,classic_bike,7,Saturday,2025-11,19,281,6682.211716666667
casual,classic_bike,7,Saturday,2025-11,20,193,4401.211033333333
casual,classic_bike,7,Saturday,2025-11,21,185,3890.8485833333334
casual,classic_bike,7,Saturday,2025-11,22,140,2729.5934
casual,classic_bike,7,Saturday,2025-11,23,120,3343.1645
casual,classic_bike,7,Saturday,2025-12,0,36,472.1029
casual,classic_bike,7,Saturday,2025-12,1,35,4007.49105
casual,classic_bike,7,Saturday,2025-12,2,22,818.5427166666666
casual,classic_bike,7,Saturday,2025-12,3,19,331.64581666666663
casual,classic_bike,7,Saturday,2025-12,4,14,582.27895
casual,classic_bike,7,Saturday,2025-12,5,8,43.185766666666666
casual,classic_bike,7,Saturday,2025-12,6,7,44.89703333333334
casual,classic_bike,7,Saturday,2025-12,7,18,387.74085
casual,classic_bike,7,Saturday,2025-12,8,33,944.88305
casual,classic_bike,7,Saturday,2025-12,9,29,531.5513666666667
casual,classic_bike,7,Saturday,2025-12,10,85,1867.2687666666666
casual,classic_bike,7,Saturday,2025-12,11,88,2122.226833333333
casual,classic_bike,7,Saturday,2025-12,12,99,2583.8024833333334
casual,classic_bike,7,Saturday,2025-12,13,107,2933.1811666666667
casual,classic_bike,7,Saturday,2025-12,14,106,1927.4104833333333
casual,classic_bike,7,Saturday,2025-12,15,115,2416.1077166666664
casual,classic_bike,7,Saturday,2025-12,16,94,1929.6676
casual,classic_bike,7,Saturday,2025-12,17,99,5549.999283333334
casual,classic_bike,7,Saturday,2025-12,18,110,1809.1466833333334
casual,classic_bike,7,Saturday,2025-12,19,90,1690.6850666666667
casual,classic_bike,7,Saturday,2025-12,20,39,596.5411
casual,classic_bike,7,Saturday,2025-12,21,37,412.46753333333334
casual,classic_bike,7,Saturday,2025-12,22,59,994.4780333333333
casual,classic_bike,7,Saturday,2025-12,23,61,783.8651
casual,classic_bike,7,Saturday,2026-01,0,27,523.11065
casual,classic_bike,7,Saturday,2026-01,1,24,421.85381666666666
casual,classic_bike,7,Saturday,2026-01,2,20,179.34655
casual,classic_bike,7,Saturday,2026-01,3,17,266.4931
casual,classic_bike,7,Saturday,2026-01,4,12,226.8631
casual,classic_bike,7,Saturday,2026-01,5,2,11.66955
casual,classic_bike,7,Saturday,2026-01,6,4,23.677616666666665
casual,classic_bike,7,Saturday,2026-01,7,14,347.3906333333333
casual,classic_bike,7,Saturday,2026-01,8,11,134.77126666666666
casual,classic_bike,7,Saturday,2026-01,9,33,774.06245
casual,classic_bike,7,Saturday,2026-01,10,31,535.50005
casual,classic_bike,7,Saturday,2026-01,11,39,3427.8200166666666
casual,classic_bike,7,Saturday,2026-01,12,67,1886.53735
casual,classic_bike,7,Saturday,2026-01,13,64,1331.2929
casual,classic_bike,7,Saturday,2026-01,14,97,2500.1604333333335
casual,classic_bike,7,Saturday,2026-01,15,88,1731.6123333333333
casual,classic_bike,7,Saturday,2026-01,16,88,2889.1882666666666
casual,classic_bike,7,Saturday,2026-01,17,78,8231.568583333334
casual,classic_bike,7,Saturday,2026-01,18,46,784.0863166666667
casual,classic_bike,7,Saturday,2026-01,19,30,593.1256166666667
casual,classic_bike,7,Saturday,2026-01,20,20,279.09656666666666
casual,classic_bike,7,Saturday,2026-01,21,19,1282.2057666666667
casual,classic_bike,7,Saturday,2026-01,22,30,420.49618333333336
casual,classic_bike,7,Saturday,2026-01,23,63,4401.233233333333
casual,classic_bike,7,Saturday,2026-02,0,71,991.2463833333334
casual,classic_bike,7,Saturday,2026-02,1,35,520.5773666666666
casual,classic_bike,7,Saturday,2026-02,2,17,192.47928333333334
casual,classic_bike,7,Saturday,2026-02,3,18,240.35725
casual,classic_bike,7,Saturday,2026-02,4,11,696.1016166666667
casual,classic_bike,7,Saturday,2026-02,5,3,185.212
casual,classic_bike,7,Saturday,2026-02,6,12,111.92291666666667
casual,classic_bike,7,Saturday,2026-02,7,21,270.07605
casual,classic_bike,7,Saturday,2026-02,8,41,613.7636166666667
casual,classic_bike,7,Saturday,2026-02,9,73,997.2328
casual,classic_bike,7,Saturday,2026-02,10,109,2468.9218
casual,classic_bike,7,Saturday,2026-02,11,95,2350.5532333333335
casual,classic_bike,7,Saturday,2026-02,12,147,3006.6660166666666
casual,classic_bike,7,Saturday,2026-02,13,160,4893.8859
casual,classic_bike,7,Saturday,2026-02,14,167,6166.80735
casual,classic_bike,7,Saturday,2026-02,15,124,2288.93775
casual,classic_bike,7,Saturday,2026-02,16,119,2571.5865833333332
casual,classic_bike,7,Saturday,2026-02,17,106,2117.479333333333
casual,classic_bike,7,Saturday,2026-02,18,74,1504.0370833333334
casual,classic_bike,7,Saturday,2026-02,19,66,1527.96835
casual,classic_bike,7,Saturday,2026-02,20,52,1363.1498666666666
casual,classic_bike,7,Saturday,2026-02,21,58,1769.3376666666668
casual,classic_bike,7,Saturday,2026-02,22,34,463.6474
casual,classic_bike,7,Saturday,2026-02,23,24,323.37576666666666
casual,classic_bike,7,Saturday,2026-03,0,103,2497.053266666667
casual,classic_bike,7,Saturday,2026-03,1,53,1901.5419833333333
casual,classic_bike,7,Saturday,2026-03,2,54,1513.825
casual,classic_bike,7,Saturday,2026-03,3,18,186.36283333333333
casual,classic_bike,7,Saturday,2026-03,4,17,171.0488
casual,classic_bike,7,Saturday,2026-03,5,7,81.30271666666667
casual,classic_bike,7,Saturday,2026-03,6,12,289.73976666666664
casual,classic_bike,7,Saturday,2026-03,7,42,983.5389
casual,classic_bike,7,Saturday,2026-03,8,104,1996.82855
casual,classic_bike,7,Saturday,2026-03,9,183,5664.7741
casual,classic_bike,7,Saturday,2026-03,10,306,9184.709616666667
casual,classic_bike,7,Saturday,2026-03,11,345,8858.3139
casual,classic_bike,7,Saturday,2026-03,12,459,12511.110033333332
casual,classic_bike,7,Saturday,2026-03,13,564,18010.28365
casual,classic_bike,7,Saturday,2026-03,14,647,20420.639383333335
casual,classic_bike,7,Saturday,2026-03,15,639,23564.0009
casual,classic_bike,7,Saturday,2026-03,16,607,17846.222633333335
casual,classic_bike,7,Saturday,2026-03,17,546,14388.218966666667
casual,classic_bike,7,Saturday,2026-03,18,448,11984.872966666666
casual,classic_bike,7,Saturday,2026-03,19,295,6229.919366666667
casual,classic_bike,7,Saturday,2026-03,20,192,6191.1213333333335
casual,classic_bike,7,Saturday,2026-03,21,153,3495.242416666667
casual,classic_bike,7,Saturday,2026-03,22,154,3546.1193166666667
casual,classic_bike,7,Saturday,2026-03,23,132,2357.9317166666665
casual,classic_bike,7,Saturday,2026-04,0,68,841.4031333333334
casual,classic_bike,7,Saturday,2026-04,1,63,1926.1272166666668
casual,classic_bike,7,Saturday,2026-04,2,47,1687.6866
casual,classic_bike,7,Saturday,2026-04,3,19,402.8410166666667
casual,classic_bike,7,Saturday,2026-04,4,11,283.80693333333335
casual,classic_bike,7,Saturday,2026-04,5,11,449.40945
casual,classic_bike,7,Saturday,2026-04,6,29,1126.44875
casual,classic_bike,7,Saturday,2026-04,7,56,1537.61475
casual,classic_bike,7,Saturday,2026-04,8,124,3738.174666666667
casual,classic_bike,7,Saturday,2026-04,9,242,10456.354633333332
casual,classic_bike,7,Saturday,2026-04,10,347,11348.091033333334
casual,classic_bike,7,Saturday,2026-04,11,480,17557.624433333334
casual,classic_bike,7,Saturday,2026-04,12,543,16611.50948333333
casual,classic_bike,7,Saturday,2026-04,13,602,17200.515683333335
casual,classic_bike,7,Saturday,2026-04,14,543,14657.576616666667
casual,classic_bike,7,Saturday,2026-04,15,557,19620.90375
casual,classic_bike,7,Saturday,2026-04,16,483,16702.362233333333
casual,classic_bike,7,Saturday,2026-04,17,411,10936.209383333333
casual,classic_bike,7,Saturday,2026-04,18,306,5678.25445
casual,classic_bike,7,Saturday,2026-04,19,209,3760.77975
casual,classic_bike,7,Saturday,2026-04,20,125,1923.5831333333333
casual,classic_bike,7,Saturday,2026-04,21,137,2817.0735
casual,classic_bike,7,Saturday,2026-04,22,144,2805.765266666667
casual,classic_bike,7,Saturday,2026-04,23,94,1090.95795
casual,classic_bike,7,Saturday,2026-05,0,247,6936.103683333333
casual,classic_bike,7,Saturday,2026-05,1,180,6165.023666666667
casual,classic_bike,7,Saturday,2026-05,2,113,2726.756766666667
casual,classic_bike,7,Saturday,2026-05,3,59,3699.9427166666665
casual,classic_bike,7,Saturday,2026-05,4,36,1477.8429666666666
casual,classic_bike,7,Saturday,2026-05,5,34,886.5768666666667
casual,classic_bike,7,Saturday,2026-05,6,78,1487.1226666666666
casual,classic_bike,7,Saturday,2026-05,7,151,3670.3605333333335
casual,classic_bike,7,Saturday,2026-05,8,297,10079.40415
casual,classic_bike,7,Saturday,2026-05,9,641,21955.2141
casual,classic_bike,7,Saturday,2026-05,10,982,34269.573183333334
casual,classic_bike,7,Saturday,2026-05,11,1238,44075.315233333335
casual,classic_bike,7,Saturday,2026-05,12,1501,48251.06836666667
casual,classic_bike,7,Saturday,2026-05,13,1454,48788.8159
casual,classic_bike,7,Saturday,2026-05,14,1721,56317.84485
casual,classic_bike,7,Saturday,2026-05,15,1670,55594.932016666666
casual,classic_bike,7,Saturday,2026-05,16,1519,52771.90588333333
casual,classic_bike,7,Saturday,2026-05,17,1410,43271.36833333333
casual,classic_bike,7,Saturday,2026-05,18,1144,36664.44998333333
casual,classic_bike,7,Saturday,2026-05,19,886,25912.488066666665
casual,classic_bike,7,Saturday,2026-05,20,568,14972.867216666667
casual,classic_bike,7,Saturday,2026-05,21,456,15317.6569
casual,classic_bike,7,Saturday,2026-05,22,434,15072.638433333334
casual,classic_bike,7,Saturday,2026-05,23,399,12367.039583333333
casual,classic_bike,7,Saturday,2026-06,0,535,14010.8878
casual,classic_bike,7,Saturday,2026-06,1,348,9562.430433333333
casual,classic_bike,7,Saturday,2026-06,2,180,6697.392266666667
casual,classic_bike,7,Saturday,2026-06,3,79,2052.2398166666667
casual,classic_bike,7,Saturday,2026-06,4,50,2427.766733333334
casual,classic_bike,7,Saturday,2026-06,5,63,3479.77305
casual,classic_bike,7,Saturday,2026-06,6,75,2620.8175166666665
casual,classic_bike,7,Saturday,2026-06,7,175,5583.848483333333
casual,classic_bike,7,Saturday,2026-06,8,418,12924.520733333333
casual,classic_bike,7,Saturday,2026-06,9,727,25356.6687
casual,classic_bike,7,Saturday,2026-06,10,1187,41342.2005
casual,classic_bike,7,Saturday,2026-06,11,1664,58084.46006666667
casual,classic_bike,7,Saturday,2026-06,12,2012,71853.88873333333
casual,classic_bike,7,Saturday,2026-06,13,2008,69884.41138333334
casual,classic_bike,7,Saturday,2026-06,14,1846,59505.59506666667
casual,classic_bike,7,Saturday,2026-06,15,1966,65084.50775
casual,classic_bike,7,Saturday,2026-06,16,1930,61657.54891666667
casual,classic_bike,7,Saturday,2026-06,17,1788,55764.3031
casual,classic_bike,7,Saturday,2026-06,18,1558,47092.36768333333
casual,classic_bike,7,Saturday,2026-06,19,1212,35805.8001
casual,classic_bike,7,Saturday,2026-06,20,853,26114.242000000002
casual,classic_bike,7,Saturday,2026-06,21,774,22997.203
casual,classic_bike,7,Saturday,2026-06,22,668,17000.511933333335
casual,classic_bike,7,Saturday,2026-06,23,573,17072.405616666667
casual,classic_bike,7,Saturday,2026-07,0,296,8485.550333333333
casual,classic_bike,7,Saturday,2026-07,1,222,5609.885683333333
casual,classic_bike,7,Saturday,2026-07,2,153,7368.707866666667
casual,classic_bike,7,Saturday,2026-07,3,93,1765.8948833333334
casual,classic_bike,7,Saturday,2026-07,4,42,2670.4889000000003
casual,classic_bike,7,Saturday,2026-07,5,58,1751.1989
casual,classic_bike,7,Saturday,2026-07,6,106,2804.3704166666666
casual,classic_bike,7,Saturday,2026-07,7,202,6715.44195
casual,classic_bike,7,Saturday,2026-07,8,464,16685.846783333334
casual,classic_bike,7,Saturday,2026-07,9,815,33692.84961666667
casual,classic_bike,7,Saturday,2026-07,10,1111,43100.544283333336
casual,classic_bike,7,Saturday,2026-07,11,1479,57072.38413333333
casual,classic_bike,7,Saturday,2026-07,12,1470,55117.35223333333
casual,classic_bike,7,Saturday,2026-07,13,1587,51515.08625
casual,classic_bike,7,Saturday,2026-07,14,1595,49668.596183333335
casual,classic_bike,7,Saturday,2026-07,15,1537,46981.14421666667
casual,classic_bike,7,Saturday,2026-07,16,1334,40299.7308
casual,classic_bike,7,Saturday,2026-07,17,1070,31870.342016666666
casual,classic_bike,7,Saturday,2026-07,18,986,28618.698666666667
casual,classic_bike,7,Saturday,2026-07,19,998,32484.505816666668
casual,classic_bike,7,Saturday,2026-07,20,831,24599.012766666667
casual,classic_bike,7,Saturday,2026-07,21,739,29068.60096666667
casual,classic_bike,7,Saturday,2026-07,22,724,17145.736833333332
casual,classic_bike,7,Saturday,2026-07,23,754,20716.158133333334
casual,classic_bike,7,Saturday,2026-08,0,408,12090.223333333333
casual,classic_bike,7,Saturday,2026-08,1,364,9456.873766666668
casual,classic_bike,7,Saturday,2026-08,2,166,4328.2874
casual,classic_bike,7,Saturday,2026-08,3,89,1740.2376166666668
casual,classic_bike,7,Saturday,2026-08,4,46,1201.5174499999998
casual,classic_bike,7,Saturday,2026-08,5,63,1438.6511666666668
casual,classic_bike,7,Saturday,2026-08,6,93,2749.811366666667
casual,classic_bike,7,Saturday,2026-08,7,162,6283.4963333333335
casual,classic_bike,7,Saturday,2026-08,8,332,10199.78725
casual,classic_bike,7,Saturday,2026-08,9,508,18116.841
casual,classic_bike,7,Saturday,2026-08,10,783,27903.879416666667
casual,classic_bike,7,Saturday,2026-08,11,1160,37643.22465
casual,classic_bike,7,Saturday,2026-08,12,1543,49864.07575
casual,classic_bike,7,Saturday,2026-08,13,1538,49370.96023333333
casual,classic_bike,7,Saturday,2026-08,14,1599,53780.986
casual,classic_bike,7,Saturday,2026-08,15,1605,48729.3951
casual,classic_bike,7,Saturday,2026-08,16,1455,41555.2326
casual,classic_bike,7,Saturday,2026-08,17,1251,35042.377133333335
casual,classic_bike,7,Saturday,2026-08,18,1101,33983.33956666667
casual,classic_bike,7,Saturday,2026-08,19,994,29568.2326
casual,classic_bike,7,Saturday,2026-08,20,649,18872.819116666666
casual,classic_bike,7,Saturday,2026-08,21,624,18111.871633333332
casual,classic_bike,7,Saturday,2026-08,22,737,17711.15475
casual,classic_bike,7,Saturday,2026-08,23,494,10545.4922
casual,electric_bike,1,Sunday,2025-09,0,965,12713.18865
casual,electric_bike,1,Sunday,2025-09,1,737,9665.2703
casual,electric_bike,1,Sunday,2025-09,2,498,6250.856666666667
casual,electric_bike,1,Sunday,2025-09,3,264,2773.75455
casual,electric_bike,1,Sunday,2025-09,4,150,1652.5163333333333
casual,electric_bike,1,Sunday,2025-09,5,134,1771.8577166666666
casual,electric_bike,1,Sunday,2025-09,6,251,4599.919083333333
casual,electric_bike,1,Sunday,2025-09,7,479,11786.117783333333
casual,electric_bike,1,Sunday,2025-09,8,650,12619.264566666667
casual,electric_bike,1,Sunday,2025-09,9,1091,19565.544233333334
casual,electric_bike,1,Sunday,2025-09,10,1454,27290.279083333335
casual,electric_bike,1,Sunday,2025-09,11,1919,36156.11828333334
casual,electric_bike,1,Sunday,2025-09,12,2170,41738.76508333333
casual,electric_bike,1,Sunday,2025-09,13,2003,38114.84963333333
casual,electric_bike,1,Sunday,2025-09,14,2135,39370.1949
casual,electric_bike,1,Sunday,2025-09,15,2131,37860.82435
casual,electric_bike,1,Sunday,2025-09,16,2181,40699.752016666665
casual,electric_bike,1,Sunday,2025-09,17,1806,32356.726716666668
casual,electric_bike,1,Sunday,2025-09,18,1912,31971.83571666667
casual,electric_bike,1,Sunday,2025-09,19,1165,18150.0493
casual,electric_bike,1,Sunday,2025-09,20,778,11627.065516666667
casual,electric_bike,1,Sunday,2025-09,21,600,8089.63905
casual,electric_bike,1,Sunday,2025-09,22,504,7473.31955
casual,electric_bike,1,Sunday,2025-09,23,305,4650.5806
casual,electric_bike,1,Sunday,2025-10,0,715,7882.7732166666665
casual,electric_bike,1,Sunday,2025-10,1,488,5452.236933333334
casual,electric_bike,1,Sunday,2025-10,2,367,4330.015733333334
casual,electric_bike,1,Sunday,2025-10,3,233,3111.2835666666665
casual,electric_bike,1,Sunday,2025-10,4,166,1796.2920166666668
casual,electric_bike,1,Sunday,2025-10,5,250,3116.6887333333334
casual,electric_bike,1,Sunday,2025-10,6,404,5987.227733333333
casual,electric_bike,1,Sunday,2025-10,7,605,10566.4068
casual,electric_bike,1,Sunday,2025-10,8,795,13647.491283333333
casual,electric_bike,1,Sunday,2025-10,9,1255,27919.414166666666
casual,electric_bike,1,Sunday,2025-10,10,1706,31475.293816666668
casual,electric_bike,1,Sunday,2025-10,11,1932,35250.6875
casual,electric_bike,1,Sunday,2025-10,12,1972,37802.722433333336
casual,electric_bike,1,Sunday,2025-10,13,1872,33292.50203333333
casual,electric_bike,1,Sunday,2025-10,14,1864,31914.0321
casual,electric_bike,1,Sunday,2025-10,15,1949,33316.95285
casual,electric_bike,1,Sunday,2025-10,16,1645,26092.367316666667
casual,electric_bike,1,Sunday,2025-10,17,1447,24209.570666666667
casual,electric_bike,1,Sunday,2025-10,18,1147,15401.516766666666
casual,electric_bike,1,Sunday,2025-10,19,818,10685.962266666667
casual,electric_bike,1,Sunday,2025-10,20,606,7452.4235
casual,electric_bike,1,Sunday,2025-10,21,540,6565.864083333333
casual,electric_bike,1,Sunday,2025-10,22,394,5124.447633333333
casual,electric_bike,1,Sunday,2025-10,23,259,3690.0113499999998
casual,electric_bike,1,Sunday,2025-11,0,435,4387.576016666667
casual,electric_bike,1,Sunday,2025-11,1,331,3576.0511500000002
casual,electric_bike,1,Sunday,2025-11,2,197,1975.2631166666667
casual,electric_bike,1,Sunday,2025-11,3,125,1364.0694833333334
casual,electric_bike,1,Sunday,2025-11,4,62,687.5744166666667
casual,electric_bike,1,Sunday,2025-11,5,34,304.40596666666664
casual,electric_bike,1,Sunday,2025-11,6,83,851.0783166666666
casual,electric_bike,1,Sunday,2025-11,7,136,1310.6121333333333
casual,electric_bike,1,Sunday,2025-11,8,246,3037.1268666666665
casual,electric_bike,1,Sunday,2025-11,9,490,6741.108283333333
casual,electric_bike,1,Sunday,2025-11,10,766,11706.93175
casual,electric_bike,1,Sunday,2025-11,11,995,13991.074883333333
casual,electric_bike,1,Sunday,2025-11,12,857,14064.233983333334
casual,electric_bike,1,Sunday,2025-11,13,743,10674.801266666667
casual,electric_bike,1,Sunday,2025-11,14,791,12477.761516666667
casual,electric_bike,1,Sunday,2025-11,15,1018,14560.4628
casual,electric_bike,1,Sunday,2025-11,16,801,10179.7033
casual,electric_bike,1,Sunday,2025-11,17,483,5924.131266666666
casual,electric_bike,1,Sunday,2025-11,18,459,4342.89635
casual,electric_bike,1,Sunday,2025-11,19,332,3502.936166666667
casual,electric_bike,1,Sunday,2025-11,20,255,2737.5056666666665
casual,electric_bike,1,Sunday,2025-11,21,193,1597.7315166666667
casual,electric_bike,1,Sunday,2025-11,22,181,1752.1851166666668
casual,electric_bike,1,Sunday,2025-11,23,140,1395.5705833333334
casual,electric_bike,1,Sunday,2025-12,0,109,974.7384333333333
casual,electric_bike,1,Sunday,2025-12,1,54,503.3751
casual,electric_bike,1,Sunday,2025-12,2,56,501.25575000000003
casual,electric_bike,1,Sunday,2025-12,3,23,203.19873333333334
casual,electric_bike,1,Sunday,2025-12,4,22,228.82768333333334
casual,electric_bike,1,Sunday,2025-12,5,16,187.68496666666667
casual,electric_bike,1,Sunday,2025-12,6,10,91.44368333333333
casual,electric_bike,1,Sunday,2025-12,7,13,148.219
casual,electric_bike,1,Sunday,2025-12,8,24,149.18435
casual,electric_bike,1,Sunday,2025-12,9,42,280.3646166666667
casual,electric_bike,1,Sunday,2025-12,10,61,680.6016
casual,electric_bike,1,Sunday,2025-12,11,86,850.7504166666666
casual,electric_bike,1,Sunday,2025-12,12,82,812.179
casual,electric_bike,1,Sunday,2025-12,13,84,1068.3962666666666
casual,electric_bike,1,Sunday,2025-12,14,134,1452.74865
casual,electric_bike,1,Sunday,2025-12,15,139,1639.08045
casual,electric_bike,1,Sunday,2025-12,16,115,1043.2297833333334
casual,electric_bike,1,Sunday,2025-12,17,106,1117.4297333333334
casual,electric_bike,1,Sunday,2025-12,18,94,736.4144166666666
casual,electric_bike,1,Sunday,2025-12,19,72,562.3277
casual,electric_bike,1,Sunday,2025-12,20,55,560.1454666666667
casual,electric_bike,1,Sunday,2025-12,21,45,481.02233333333334
casual,electric_bike,1,Sunday,2025-12,22,61,533.9291166666667
casual,electric_bike,1,Sunday,2025-12,23,45,441.5367
casual,electric_bike,1,Sunday,2026-01,0,82,628.5307166666666
casual,electric_bike,1,Sunday,2026-01,1,59,398.60908333333333
casual,electric_bike,1,Sunday,2026-01,2,37,332.2012
casual,electric_bike,1,Sunday,2026-01,3,16,158.55265
casual,electric_bike,1,Sunday,2026-01,4,13,110.82573333333333
casual,electric_bike,1,Sunday,2026-01,5,13,79.68056666666666
casual,electric_bike,1,Sunday,2026-01,6,22,177.65485
casual,electric_bike,1,Sunday,2026-01,7,14,124.49690000000001
casual,electric_bike,1,Sunday,2026-01,8,38,257.83551666666665
casual,electric_bike,1,Sunday,2026-01,9,54,386.4946
casual,electric_bike,1,Sunday,2026-01,10,106,896.7694666666666
casual,electric_bike,1,Sunday,2026-01,11,111,898.4445
casual,electric_bike,1,Sunday,2026-01,12,132,1272.7315833333332
casual,electric_bike,1,Sunday,2026-01,13,153,1897.7984333333334
casual,electric_bike,1,Sunday,2026-01,14,214,2787.9825166666665
casual,electric_bike,1,Sunday,2026-01,15,198,1908.4493166666666
casual,electric_bike,1,Sunday,2026-01,16,180,2052.8743666666664
casual,electric_bike,1,Sunday,2026-01,17,110,948.95555
casual,electric_bike,1,Sunday,2026-01,18,138,1817.53435
casual,electric_bike,1,Sunday,2026-01,19,84,752.01255
casual,electric_bike,1,Sunday,2026-01,20,57,820.0703666666667
casual,electric_bike,1,Sunday,2026-01,21,146,2185.4531666666667
casual,electric_bike,1,Sunday,2026-01,22,69,558.23975
casual,electric_bike,1,Sunday,2026-01,23,31,216.15468333333334
casual,electric_bike,1,Sunday,2026-02,0,76,980.6862666666667
casual,electric_bike,1,Sunday,2026-02,1,47,581.0125833333333
casual,electric_bike,1,Sunday,2026-02,2,45,344.1732333333333
casual,electric_bike,1,Sunday,2026-02,3,22,199.15373333333335
casual,electric_bike,1,Sunday,2026-02,4,17,132.47916666666666
casual,electric_bike,1,Sunday,2026-02,5,19,133.88946666666666
casual,electric_bike,1,Sunday,2026-02,6,25,230.06595000000002
casual,electric_bike,1,Sunday,2026-02,7,31,372.06923333333333
casual,electric_bike,1,Sunday,2026-02,8,73,747.4773333333334
casual,electric_bike,1,Sunday,2026-02,9,90,1043.0965333333334
casual,electric_bike,1,Sunday,2026-02,10,163,2057.493466666667
casual,electric_bike,1,Sunday,2026-02,11,238,3090.712666666667
casual,electric_bike,1,Sunday,2026-02,12,297,4368.273
casual,electric_bike,1,Sunday,2026-02,13,323,4947.840483333333
casual,electric_bike,1,Sunday,2026-02,14,349,5666.6239
casual,electric_bike,1,Sunday,2026-02,15,382,5217.548583333333
casual,electric_bike,1,Sunday,2026-02,16,311,4234.0812166666665
casual,electric_bike,1,Sunday,2026-02,17,258,3248.96075
casual,electric_bike,1,Sunday,2026-02,18,158,1787.77845
casual,electric_bike,1,Sunday,2026-02,19,119,1154.9688833333335
casual,electric_bike,1,Sunday,2026-02,20,96,1148.8155666666667
casual,electric_bike,1,Sunday,2026-02,21,95,1036.0877833333334
casual,electric_bike,1,Sunday,2026-02,22,74,581.2060666666666
casual,electric_bike,1,Sunday,2026-02,23,52,577.7914000000001
casual,electric_bike,1,Sunday,2026-03,0,477,6436.540933333334
casual,electric_bike,1,Sunday,2026-03,1,338,4822.4383
casual,electric_bike,1,Sunday,2026-03,2,201,2470.6480666666666
casual,electric_bike,1,Sunday,2026-03,3,154,1791.86435
casual,electric_bike,1,Sunday,2026-03,4,102,1801.6709333333333
casual,electric_bike,1,Sunday,2026-03,5,72,781.4539
casual,electric_bike,1,Sunday,2026-03,6,89,763.6123833333334
casual,electric_bike,1,Sunday,2026-03,7,212,2124.3340166666667
casual,electric_bike,1,Sunday,2026-03,8,253,2568.7743333333333
casual,electric_bike,1,Sunday,2026-03,9,363,4494.891633333334
casual,electric_bike,1,Sunday,2026-03,10,562,6851.471366666667
casual,electric_bike,1,Sunday,2026-03,11,601,8680.692000000001
casual,electric_bike,1,Sunday,2026-03,12,802,12512.146
casual,electric_bike,1,Sunday,2026-03,13,793,12299.2185
casual,electric_bike,1,Sunday,2026-03,14,850,14801.902016666667
casual,electric_bike,1,Sunday,2026-03,15,843,13675.690916666666
casual,electric_bike,1,Sunday,2026-03,16,916,14774.875833333334
casual,electric_bike,1,Sunday,2026-03,17,627,10092.2687
casual,electric_bike,1,Sunday,2026-03,18,518,7628.375816666667
casual,electric_bike,1,Sunday,2026-03,19,401,5990.755133333333
casual,electric_bike,1,Sunday,2026-03,20,289,3496.577816666667
casual,electric_bike,1,Sunday,2026-03,21,199,2784.5068666666666
casual,electric_bike,1,Sunday,2026-03,22,152,1641.79645
casual,electric_bike,1,Sunday,2026-03,23,102,937.1081666666666
casual,electric_bike,1,Sunday,2026-04,0,392,4077.7111666666665
casual,electric_bike,1,Sunday,2026-04,1,265,2797.4899666666665
casual,electric_bike,1,Sunday,2026-04,2,181,1687.4387833333333
casual,electric_bike,1,Sunday,2026-04,3,123,1614.3622333333333
casual,electric_bike,1,Sunday,2026-04,4,106,1206.3261666666667
casual,electric_bike,1,Sunday,2026-04,5,61,666.9371333333333
casual,electric_bike,1,Sunday,2026-04,6,111,1154.9597833333332
casual,electric_bike,1,Sunday,2026-04,7,130,1653.7542166666667
casual,electric_bike,1,Sunday,2026-04,8,288,4045.39885
casual,electric_bike,1,Sunday,2026-04,9,426,5919.517083333333
casual,electric_bike,1,Sunday,2026-04,10,733,10724.422683333334
casual,electric_bike,1,Sunday,2026-04,11,864,13768.259683333334
casual,electric_bike,1,Sunday,2026-04,12,1083,18775.7212
casual,electric_bike,1,Sunday,2026-04,13,1090,19298.969333333334
casual,electric_bike,1,Sunday,2026-04,14,1138,22707.489583333332
casual,electric_bike,1,Sunday,2026-04,15,1247,22542.871783333332
casual,electric_bike,1,Sunday,2026-04,16,1269,21274.166316666666
casual,electric_bike,1,Sunday,2026-04,17,1093,19041.34651666667
casual,electric_bike,1,Sunday,2026-04,18,860,12425.8343
casual,electric_bike,1,Sunday,2026-04,19,562,7331.0208
casual,electric_bike,1,Sunday,2026-04,20,378,4782.035033333334
casual,electric_bike,1,Sunday,2026-04,21,240,2625.045416666667
casual,electric_bike,1,Sunday,2026-04,22,185,2175.7056000000002
casual,electric_bike,1,Sunday,2026-04,23,107,911.2535833333334
casual,electric_bike,1,Sunday,2026-05,0,1251,17161.3781
casual,electric_bike,1,Sunday,2026-05,1,779,10336.37175
casual,electric_bike,1,Sunday,2026-05,2,538,7155.034116666667
casual,electric_bike,1,Sunday,2026-05,3,321,4490.678916666667
casual,electric_bike,1,Sunday,2026-05,4,159,2242.8449333333333
casual,electric_bike,1,Sunday,2026-05,5,202,2469.0420833333333
casual,electric_bike,1,Sunday,2026-05,6,291,3878.52395
casual,electric_bike,1,Sunday,2026-05,7,391,7825.312166666667
casual,electric_bike,1,Sunday,2026-05,8,690,11673.1592
casual,electric_bike,1,Sunday,2026-05,9,865,12717.723816666667
casual,electric_bike,1,Sunday,2026-05,10,1211,18066.872016666668
casual,electric_bike,1,Sunday,2026-05,11,1432,23725.7034
casual,electric_bike,1,Sunday,2026-05,12,1855,33362.587783333336
casual,electric_bike,1,Sunday,2026-05,13,2154,40530.479933333336
casual,electric_bike,1,Sunday,2026-05,14,2463,50310.40906666667
casual,electric_bike,1,Sunday,2026-05,15,2563,50344.075216666664
casual,electric_bike,1,Sunday,2026-05,16,2815,54285.17488333333
casual,electric_bike,1,Sunday,2026-05,17,2539,46685.2241
casual,electric_bike,1,Sunday,2026-05,18,2189,40419.768083333336
casual,electric_bike,1,Sunday,2026-05,19,1768,29486.502283333335
casual,electric_bike,1,Sunday,2026-05,20,1236,19881.4373
casual,electric_bike,1,Sunday,2026-05,21,962,14639.835333333333
casual,electric_bike,1,Sunday,2026-05,22,823,12777.71945
casual,electric_bike,1,Sunday,2026-05,23,578,9276.3538
casual,electric_bike,1,Sunday,2026-06,0,1549,22282.82155
casual,electric_bike,1,Sunday,2026-06,1,1073,14780.809716666667
casual,electric_bike,1,Sunday,2026-06,2,660,9690.024333333333
casual,electric_bike,1,Sunday,2026-06,3,399,5272.18515
casual,electric_bike,1,Sunday,2026-06,4,282,3787.0525
casual,electric_bike,1,Sunday,2026-06,5,269,3851.0241
casual,electric_bike,1,Sunday,2026-06,6,292,4395.47695
casual,electric_bike,1,Sunday,2026-06,7,327,6071.7121
casual,electric_bike,1,Sunday,2026-06,8,643,10772.9722
casual,electric_bike,1,Sunday,2026-06,9,1053,18315.3485
casual,electric_bike,1,Sunday,2026-06,10,1750,31488.78385
casual,electric_bike,1,Sunday,2026-06,11,2030,36552.515633333336
casual,electric_bike,1,Sunday,2026-06,12,2203,41316.69015
casual,electric_bike,1,Sunday,2026-06,13,2305,42501.94505
casual,electric_bike,1,Sunday,2026-06,14,2332,46455.79705
casual,electric_bike,1,Sunday,2026-06,15,2358,44191.58933333333
casual,electric_bike,1,Sunday,2026-06,16,2046,38217.74225
casual,electric_bike,1,Sunday,2026-06,17,1780,29001.260150000002
casual,electric_bike,1,Sunday,2026-06,18,1385,22855.81835
casual,electric_bike,1,Sunday,2026-06,19,1081,17525.792283333332
casual,electric_bike,1,Sunday,2026-06,20,923,14663.846166666666
casual,electric_bike,1,Sunday,2026-06,21,779,11198.537733333333
casual,electric_bike,1,Sunday,2026-06,22,689,10204.846266666667
casual,electric_bike,1,Sunday,2026-06,23,463,7306.300633333333
casual,electric_bike,1,Sunday,2026-07,0,1784,25926.255266666667
casual,electric_bike,1,Sunday,2026-07,1,1209,17463.822233333332
casual,electric_bike,1,Sunday,2026-07,2,775,12049.113016666666
casual,electric_bike,1,Sunday,2026-07,3,470,6943.629716666666
casual,electric_bike,1,Sunday,2026-07,4,250,4013.6823
casual,electric_bike,1,Sunday,2026-07,5,189,2879.578466666667
casual,electric_bike,1,Sunday,2026-07,6,223,2949.20225
casual,electric_bike,1,Sunday,2026-07,7,320,4845.159616666667
casual,electric_bike,1,Sunday,2026-07,8,654,9766.939716666666
casual,electric_bike,1,Sunday,2026-07,9,1121,17350.9004
casual,electric_bike,1,Sunday,2026-07,10,1722,30350.656633333332
casual,electric_bike,1,Sunday,2026-07,11,2310,41320.53895
casual,electric_bike,1,Sunday,2026-07,12,3067,56029.76735
casual,electric_bike,1,Sunday,2026-07,13,3397,62852.36818333333
casual,electric_bike,1,Sunday,2026-07,14,3144,56479.05768333333
casual,electric_bike,1,Sunday,2026-07,15,2957,52238.5399
casual,electric_bike,1,Sunday,2026-07,16,3010,53277.860133333335
casual,electric_bike,1,Sunday,2026-07,17,3291,57360.12353333333
casual,electric_bike,1,Sunday,2026-07,18,2676,44522.9067
casual,electric_bike,1,Sunday,2026-07,19,2193,36908.63016666667
casual,electric_bike,1,Sunday,2026-07,20,1687,28536.898133333332
casual,electric_bike,1,Sunday,2026-07,21,1256,20876.902266666668
casual,electric_bike,1,Sunday,2026-07,22,1223,17652.3696
casual,electric_bike,1,Sunday,2026-07,23,814,12448.008366666667
casual,electric_bike,1,Sunday,2026-08,0,2191,29092.853833333334
casual,electric_bike,1,Sunday,2026-08,1,1527,22052.068483333333
casual,electric_bike,1,Sunday,2026-08,2,970,12228.6248
casual,electric_bike,1,Sunday,2026-08,3,577,7054.816666666667
casual,electric_bike,1,Sunday,2026-08,4,387,5153.659
casual,electric_bike,1,Sunday,2026-08,5,328,4090.1943
casual,electric_bike,1,Sunday,2026-08,6,407,5430.3634833333335
casual,electric_bike,1,Sunday,2026-08,7,532,7824.485633333334
casual,electric_bike,1,Sunday,2026-08,8,879,13487.500966666666
casual,electric_bike,1,Sunday,2026-08,9,1523,24499.55745
casual,electric_bike,1,Sunday,2026-08,10,2374,39428.3552
casual,electric_bike,1,Sunday,2026-08,11,2959,54012.17161666667
casual,electric_bike,1,Sunday,2026-08,12,3737,68409.76293333333
casual,electric_bike,1,Sunday,2026-08,13,3735,69054.72906666667
casual,electric_bike,1,Sunday,2026-08,14,3223,59223.293633333335
casual,electric_bike,1,Sunday,2026-08,15,3115,57757.08921666667
casual,electric_bike,1,Sunday,2026-08,16,3465,64124.207266666665
casual,electric_bike,1,Sunday,2026-08,17,3217,55427.25023333333
casual,electric_bike,1,Sunday,2026-08,18,2627,44643.80293333333
casual,electric_bike,1,Sunday,2026-08,19,2171,36587.21683333333
casual,electric_bike,1,Sunday,2026-08,20,1737,26193.915733333335
casual,electric_bike,1,Sunday,2026-08,21,1505,21551.884133333333
casual,electric_bike,1,Sunday,2026-08,22,1237,18577.067033333333
casual,electric_bike,1,Sunday,2026-08,23,689,9697.726
casual,electric_bike,2,Monday,2025-09,0,594,9141.012566666666
casual,electric_bike,2,Monday,2025-09,1,316,4921.735683333333
casual,electric_bike,2,Monday,2025-09,2,237,2962.7664
casual,electric_bike,2,Monday,2025-09,3,170,2501.7163666666665
casual,electric_bike,2,Monday,2025-09,4,136,1714.2016
casual,electric_bike,2,Monday,2025-09,5,150,1423.9727166666667
casual,electric_bike,2,Monday,2025-09,6,430,4060.476616666667
casual,electric_bike,2,Monday,2025-09,7,727,7732.3324999999995
casual,electric_bike,2,Monday,2025-09,8,965,11407.340383333334
casual,electric_bike,2,Monday,2025-09,9,857,13624.777416666666
casual,electric_bike,2,Monday,2025-09,10,926,16813.399333333335
casual,electric_bike,2,Monday,2025-09,11,1300,24329.602483333332
casual,electric_bike,2,Monday,2025-09,12,1677,32440.5109
casual,electric_bike,2,Monday,2025-09,13,1676,33069.360316666665
casual,electric_bike,2,Monday,2025-09,14,1782,33438.69715
casual,electric_bike,2,Monday,2025-09,15,1959,34372.05153333333
casual,electric_bike,2,Monday,2025-09,16,2364,39248.86285
casual,electric_bike,2,Monday,2025-09,17,2844,46028.768566666666
casual,electric_bike,2,Monday,2025-09,18,2399,36307.701316666666
casual,electric_bike,2,Monday,2025-09,19,1549,21157.691683333334
casual,electric_bike,2,Monday,2025-09,20,986,13379.118366666667
casual,electric_bike,2,Monday,2025-09,21,860,10996.1125
casual,electric_bike,2,Monday,2025-09,22,1158,18206.399583333332
casual,electric_bike,2,Monday,2025-09,23,739,10696.342183333334
casual,electric_bike,2,Monday,2025-10,0,227,2399.00835
casual,electric_bike,2,Monday,2025-10,1,144,1684.6567666666667
casual,electric_bike,2,Monday,2025-10,2,103,1474.5796333333333
casual,electric_bike,2,Monday,2025-10,3,60,854.0665166666666
casual,electric_bike,2,Monday,2025-10,4,65,667.3530333333333
casual,electric_bike,2,Monday,2025-10,5,133,1015.2483166666667
casual,electric_bike,2,Monday,2025-10,6,337,2775.4279
casual,electric_bike,2,Monday,2025-10,7,646,5556.348133333333
casual,electric_bike,2,Monday,2025-10,8,768,8327.9637
casual,electric_bike,2,Monday,2025-10,9,603,8065.3126
casual,electric_bike,2,Monday,2025-10,10,604,9352.463916666668
casual,electric_bike,2,Monday,2025-10,11,722,13152.63165
casual,electric_bike,2,Monday,2025-10,12,953,16050.655066666666
casual,electric_bike,2,Monday,2025-10,13,919,14445.894783333333
casual,electric_bike,2,Monday,2025-10,14,958,16887.624766666668
casual,electric_bike,2,Monday,2025-10,15,1086,16208.0072
casual,electric_bike,2,Monday,2025-10,16,1368,18676.382383333334
casual,electric_bike,2,Monday,2025-10,17,1526,19239.65695
casual,electric_bike,2,Monday,2025-10,18,1065,11963.79515
casual,electric_bike,2,Monday,2025-10,19,712,7917.030833333333
casual,electric_bike,2,Monday,2025-10,20,509,5626.131566666667
casual,electric_bike,2,Monday,2025-10,21,451,4844.074233333334
casual,electric_bike,2,Monday,2025-10,22,412,4553.6915
casual,electric_bike,2,Monday,2025-10,23,202,2014.6199833333333
casual,electric_bike,2,Monday,2025-11,0,72,619.0000833333334
casual,electric_bike,2,Monday,2025-11,1,42,724.4993333333333
casual,electric_bike,2,Monday,2025-11,2,43,516.9424833333334
casual,electric_bike,2,Monday,2025-11,3,24,262.8000666666667
casual,electric_bike,2,Monday,2025-11,4,31,259.3654
casual,electric_bike,2,Monday,2025-11,5,67,586.5284333333334
casual,electric_bike,2,Monday,2025-11,6,181,1226.8562
casual,electric_bike,2,Monday,2025-11,7,324,2619.0273333333334
casual,electric_bike,2,Monday,2025-11,8,402,3441.6307
casual,electric_bike,2,Monday,2025-11,9,277,3142.861933333333
casual,electric_bike,2,Monday,2025-11,10,248,3731.99935
casual,electric_bike,2,Monday,2025-11,11,303,4222.752183333333
casual,electric_bike,2,Monday,2025-11,12,376,4773.294183333333
casual,electric_bike,2,Monday,2025-11,13,440,5615.6307
casual,electric_bike,2,Monday,2025-11,14,409,4939.48135
casual,electric_bike,2,Monday,2025-11,15,517,5453.589216666666
casual,electric_bike,2,Monday,2025-11,16,657,6690.2311666666665
casual,electric_bike,2,Monday,2025-11,17,662,6657.416066666667
casual,electric_bike,2,Monday,2025-11,18,489,4099.321933333334
casual,electric_bike,2,Monday,2025-11,19,359,3158.2116833333334
casual,electric_bike,2,Monday,2025-11,20,269,2541.2113666666664
casual,electric_bike,2,Monday,2025-11,21,265,2795.7795166666665
casual,electric_bike,2,Monday,2025-11,22,179,1774.2420666666667
casual,electric_bike,2,Monday,2025-11,23,179,2147.9687833333332
casual,electric_bike,2,Monday,2025-12,0,37,375.4662666666667
casual,electric_bike,2,Monday,2025-12,1,17,131.33886666666666
casual,electric_bike,2,Monday,2025-12,2,24,322.40428333333335
casual,electric_bike,2,Monday,2025-12,3,11,126.73513333333334
casual,electric_bike,2,Monday,2025-12,4,18,163.1044
casual,electric_bike,2,Monday,2025-12,5,31,224.08338333333333
casual,electric_bike,2,Monday,2025-12,6,67,509.68106666666665
casual,electric_bike,2,Monday,2025-12,7,134,1013.55915
casual,electric_bike,2,Monday,2025-12,8,154,1372.1764666666666
casual,electric_bike,2,Monday,2025-12,9,92,671.1035166666667
casual,electric_bike,2,Monday,2025-12,10,79,784.6863333333333
casual,electric_bike,2,Monday,2025-12,11,110,1137.4662666666666
casual,electric_bike,2,Monday,2025-12,12,126,1079.06555
casual,electric_bike,2,Monday,2025-12,13,153,1404.2245166666667
casual,electric_bike,2,Monday,2025-12,14,173,1910.2253666666666
casual,electric_bike,2,Monday,2025-12,15,222,2098.501116666667
casual,electric_bike,2,Monday,2025-12,16,247,2211.608383333333
casual,electric_bike,2,Monday,2025-12,17,227,2327.7811333333334
casual,electric_bike,2,Monday,2025-12,18,167,1478.90505
casual,electric_bike,2,Monday,2025-12,19,140,1318.9025666666666
casual,electric_bike,2,Monday,2025-12,20,90,746.9176666666667
casual,electric_bike,2,Monday,2025-12,21,82,694.9749166666667
casual,electric_bike,2,Monday,2025-12,22,61,565.5372
casual,electric_bike,2,Monday,2025-12,23,56,475.66755
casual,electric_bike,2,Monday,2026-01,0,44,483.9366
casual,electric_bike,2,Monday,2026-01,1,27,210.66913333333332
casual,electric_bike,2,Monday,2026-01,2,10,65.29893333333332
casual,electric_bike,2,Monday,2026-01,3,4,19.375516666666666
casual,electric_bike,2,Monday,2026-01,4,5,31.70426666666667
casual,electric_bike,2,Monday,2026-01,5,35,248.78438333333332
casual,electric_bike,2,Monday,2026-01,6,52,333.58275
casual,electric_bike,2,Monday,2026-01,7,91,573.8287666666666
casual,electric_bike,2,Monday,2026-01,8,150,1049.9607166666667
casual,electric_bike,2,Monday,2026-01,9,91,741.8791166666667
casual,electric_bike,2,Monday,2026-01,10,64,530.0888333333334
casual,electric_bike,2,Monday,2026-01,11,80,698.4459
casual,electric_bike,2,Monday,2026-01,12,113,1051.4018166666667
casual,electric_bike,2,Monday,2026-01,13,120,1283.9365833333334
casual,electric_bike,2,Monday,2026-01,14,120,910.7035166666667
casual,electric_bike,2,Monday,2026-01,15,180,1846.95805
casual,electric_bike,2,Monday,2026-01,16,242,2120.619816666667
casual,electric_bike,2,Monday,2026-01,17,222,1815.7086333333334
casual,electric_bike,2,Monday,2026-01,18,140,1264.2348
casual,electric_bike,2,Monday,2026-01,19,110,916.1880666666666
casual,electric_bike,2,Monday,2026-01,20,76,1039.4203333333332
casual,electric_bike,2,Monday,2026-01,21,63,493.4981666666667
casual,electric_bike,2,Monday,2026-01,22,53,423.56623333333334
casual,electric_bike,2,Monday,2026-01,23,34,244.17245
casual,electric_bike,2,Monday,2026-02,0,36,466.36805000000004
casual,electric_bike,2,Monday,2026-02,1,29,448.05435
casual,electric_bike,2,Monday,2026-02,2,22,154.38931666666667
casual,electric_bike,2,Monday,2026-02,3,11,57.67685
casual,electric_bike,2,Monday,2026-02,4,6,31.79205
casual,electric_bike,2,Monday,2026-02,5,36,272.3489666666667
casual,electric_bike,2,Monday,2026-02,6,90,538.99175
casual,electric_bike,2,Monday,2026-02,7,123,844.9674
casual,electric_bike,2,Monday,2026-02,8,144,1268.1261
casual,electric_bike,2,Monday,2026-02,9,144,1036.5342833333334
casual,electric_bike,2,Monday,2026-02,10,117,1283.06415
casual,electric_bike,2,Monday,2026-02,11,149,1687.0972
casual,electric_bike,2,Monday,2026-02,12,210,2333.0857666666666
casual,electric_bike,2,Monday,2026-02,13,242,3945.3781166666668
casual,electric_bike,2,Monday,2026-02,14,271,4123.47745
casual,electric_bike,2,Monday,2026-02,15,350,5117.937966666666
casual,electric_bike,2,Monday,2026-02,16,404,5323.205616666667
casual,electric_bike,2,Monday,2026-02,17,359,4594.951533333333
casual,electric_bike,2,Monday,2026-02,18,235,2713.2063
casual,electric_bike,2,Monday,2026-02,19,179,1661.8493666666666
casual,electric_bike,2,Monday,2026-02,20,149,1703.4579666666666
casual,electric_bike,2,Monday,2026-02,21,90,893.5098
casual,electric_bike,2,Monday,2026-02,22,72,861.3423166666666
casual,electric_bike,2,Monday,2026-02,23,55,536.3166333333334
casual,electric_bike,2,Monday,2026-03,0,127,2094.500666666667
casual,electric_bike,2,Monday,2026-03,1,85,1561.4569333333334
casual,electric_bike,2,Monday,2026-03,2,49,593.4057
casual,electric_bike,2,Monday,2026-03,3,17,180.5473333333333
casual,electric_bike,2,Monday,2026-03,4,21,288.7011
casual,electric_bike,2,Monday,2026-03,5,72,614.4088
casual,electric_bike,2,Monday,2026-03,6,173,1220.0297166666667
casual,electric_bike,2,Monday,2026-03,7,265,1982.0342
casual,electric_bike,2,Monday,2026-03,8,425,3752.296733333333
casual,electric_bike,2,Monday,2026-03,9,258,2601.378583333333
casual,electric_bike,2,Monday,2026-03,10,264,3763.6552166666665
casual,electric_bike,2,Monday,2026-03,11,366,5951.298616666667
casual,electric_bike,2,Monday,2026-03,12,430,7203.396216666667
casual,electric_bike,2,Monday,2026-03,13,553,10084.405066666666
casual,electric_bike,2,Monday,2026-03,14,599,10742.039483333334
casual,electric_bike,2,Monday,2026-03,15,829,13736.199783333333
casual,electric_bike,2,Monday,2026-03,16,1168,18579.132866666667
casual,electric_bike,2,Monday,2026-03,17,1458,23000.66835
casual,electric_bike,2,Monday,2026-03,18,1054,15991.398716666667
casual,electric_bike,2,Monday,2026-03,19,700,9892.963733333334
casual,electric_bike,2,Monday,2026-03,20,506,6929.03465
casual,electric_bike,2,Monday,2026-03,21,554,7539.291366666666
casual,electric_bike,2,Monday,2026-03,22,283,3454.38525
casual,electric_bike,2,Monday,2026-03,23,114,1250.8634
casual,electric_bike,2,Monday,2026-04,0,123,1784.4616833333334
casual,electric_bike,2,Monday,2026-04,1,87,1354.0653166666666
casual,electric_bike,2,Monday,2026-04,2,53,561.6616833333334
casual,electric_bike,2,Monday,2026-04,3,35,598.2388166666667
casual,electric_bike,2,Monday,2026-04,4,42,399.17151666666666
casual,electric_bike,2,Monday,2026-04,5,81,738.49625
casual,electric_bike,2,Monday,2026-04,6,229,1526.8499
casual,electric_bike,2,Monday,2026-04,7,392,3476.1532333333334
casual,electric_bike,2,Monday,2026-04,8,479,4534.427516666667
casual,electric_bike,2,Monday,2026-04,9,353,3498.5882666666666
casual,electric_bike,2,Monday,2026-04,10,253,3342.30915
casual,electric_bike,2,Monday,2026-04,11,410,6621.915566666667
casual,electric_bike,2,Monday,2026-04,12,427,6098.526366666667
casual,electric_bike,2,Monday,2026-04,13,417,5707.3401
casual,electric_bike,2,Monday,2026-04,14,457,6101.06735
casual,electric_bike,2,Monday,2026-04,15,605,7880.497816666667
casual,electric_bike,2,Monday,2026-04,16,921,10951.116516666667
casual,electric_bike,2,Monday,2026-04,17,1141,14262.727383333333
casual,electric_bike,2,Monday,2026-04,18,914,10652.46505
casual,electric_bike,2,Monday,2026-04,19,533,6115.1484666666665
casual,electric_bike,2,Monday,2026-04,20,376,4490.081033333333
casual,electric_bike,2,Monday,2026-04,21,361,3938.5071
casual,electric_bike,2,Monday,2026-04,22,295,3280.29695
casual,electric_bike,2,Monday,2026-04,23,152,2131.1479
casual,electric_bike,2,Monday,2026-05,0,437,6542.897483333333
casual,electric_bike,2,Monday,2026-05,1,282,4410.11785
casual,electric_bike,2,Monday,2026-05,2,159,2424.989
casual,electric_bike,2,Monday,2026-05,3,105,1361.79725
casual,electric_bike,2,Monday,2026-05,4,88,1054.2368
casual,electric_bike,2,Monday,2026-05,5,158,1500.5418666666667
casual,electric_bike,2,Monday,2026-05,6,257,2245.1622666666667
casual,electric_bike,2,Monday,2026-05,7,487,4844.968283333334
casual,electric_bike,2,Monday,2026-05,8,684,7960.0803166666665
casual,electric_bike,2,Monday,2026-05,9,643,10855.5839
casual,electric_bike,2,Monday,2026-05,10,856,17027.520383333333
casual,electric_bike,2,Monday,2026-05,11,1065,22347.9228
casual,electric_bike,2,Monday,2026-05,12,1468,31750.1585
casual,electric_bike,2,Monday,2026-05,13,1545,30607.578116666667
casual,electric_bike,2,Monday,2026-05,14,1723,35867.647033333335
casual,electric_bike,2,Monday,2026-05,15,1944,36014.08361666666
casual,electric_bike,2,Monday,2026-05,16,2214,36000.483433333335
casual,electric_bike,2,Monday,2026-05,17,2272,35248.4173
casual,electric_bike,2,Monday,2026-05,18,1745,26491.9215
casual,electric_bike,2,Monday,2026-05,19,1264,19337.049766666667
casual,electric_bike,2,Monday,2026-05,20,911,13372.42465
casual,electric_bike,2,Monday,2026-05,21,811,12154.18825
casual,electric_bike,2,Monday,2026-05,22,670,9815.805133333333
casual,electric_bike,2,Monday,2026-05,23,345,4898.809183333333
casual,electric_bike,2,Monday,2026-06,0,462,6666.109583333334
casual,electric_bike,2,Monday,2026-06,1,266,4342.639266666667
casual,electric_bike,2,Monday,2026-06,2,213,4192.541066666667
casual,electric_bike,2,Monday,2026-06,3,93,1232.4543666666666
casual,electric_bike,2,Monday,2026-06,4,122,1262.7298333333333
casual,electric_bike,2,Monday,2026-06,5,216,2456.9777
casual,electric_bike,2,Monday,2026-06,6,454,4008.46195
casual,electric_bike,2,Monday,2026-06,7,816,7836.700233333333
casual,electric_bike,2,Monday,2026-06,8,1113,12228.385483333333
casual,electric_bike,2,Monday,2026-06,9,764,11125.561816666666
casual,electric_bike,2,Monday,2026-06,10,884,17826.963266666666
casual,electric_bike,2,Monday,2026-06,11,1079,20720.748050000002
casual,electric_bike,2,Monday,2026-06,12,1355,24509.906233333335
casual,electric_bike,2,Monday,2026-06,13,1404,23996.220033333335
casual,electric_bike,2,Monday,2026-06,14,1536,26156.064416666668
casual,electric_bike,2,Monday,2026-06,15,1771,28067.718116666667
casual,electric_bike,2,Monday,2026-06,16,2203,31697.910466666668
casual,electric_bike,2,Monday,2026-06,17,2720,39013.676016666665
casual,electric_bike,2,Monday,2026-06,18,2465,35641.5711
casual,electric_bike,2,Monday,2026-06,19,2162,30688.779316666667
casual,electric_bike,2,Monday,2026-06,20,1753,23928.04815
casual,electric_bike,2,Monday,2026-06,21,1230,18073.836
casual,electric_bike,2,Monday,2026-06,22,1016,13869.548333333334
casual,electric_bike,2,Monday,2026-06,23,580,7242.227466666666
casual,electric_bike,2,Monday,2026-07,0,491,8523.757083333334
casual,electric_bike,2,Monday,2026-07,1,327,4896.459716666666
casual,electric_bike,2,Monday,2026-07,2,166,2665.82915
casual,electric_bike,2,Monday,2026-07,3,102,1331.5598833333333
casual,electric_bike,2,Monday,2026-07,4,97,851.3033833333333
casual,electric_bike,2,Monday,2026-07,5,235,2023.1890666666666
casual,electric_bike,2,Monday,2026-07,6,464,4459.3578
casual,electric_bike,2,Monday,2026-07,7,801,7699.8916
casual,electric_bike,2,Monday,2026-07,8,1064,10391.174483333334
casual,electric_bike,2,Monday,2026-07,9,735,11374.835666666666
casual,electric_bike,2,Monday,2026-07,10,774,12296.735433333333
casual,electric_bike,2,Monday,2026-07,11,936,15611.78835
casual,electric_bike,2,Monday,2026-07,12,988,19565.961166666668
casual,electric_bike,2,Monday,2026-07,13,1023,18634.08753333333
casual,electric_bike,2,Monday,2026-07,14,1179,20522.93095
casual,electric_bike,2,Monday,2026-07,15,1379,21474.519166666665
casual,electric_bike,2,Monday,2026-07,16,1896,26459.346183333335
casual,electric_bike,2,Monday,2026-07,17,2405,35939.036733333334
casual,electric_bike,2,Monday,2026-07,18,2315,31426.43645
casual,electric_bike,2,Monday,2026-07,19,1676,23646.419433333333
casual,electric_bike,2,Monday,2026-07,20,1385,19133.7401
casual,electric_bike,2,Monday,2026-07,21,1381,17647.814266666668
casual,electric_bike,2,Monday,2026-07,22,826,11606.003783333334
casual,electric_bike,2,Monday,2026-07,23,562,7590.402316666667
casual,electric_bike,2,Monday,2026-08,0,533,6764.820366666667
casual,electric_bike,2,Monday,2026-08,1,350,5101.375983333333
casual,electric_bike,2,Monday,2026-08,2,267,3600.1966333333335
casual,electric_bike,2,Monday,2026-08,3,176,2352.3930666666665
casual,electric_bike,2,Monday,2026-08,4,169,1849.2632833333332
casual,electric_bike,2,Monday,2026-08,5,292,2406.0152333333335
casual,electric_bike,2,Monday,2026-08,6,663,5552.077816666667
casual,electric_bike,2,Monday,2026-08,7,978,9506.785933333333
casual,electric_bike,2,Monday,2026-08,8,1241,11795.070483333333
casual,electric_bike,2,Monday,2026-08,9,925,13109.449283333333
casual,electric_bike,2,Monday,2026-08,10,930,16865.641216666667
casual,electric_bike,2,Monday,2026-08,11,1234,22431.847383333334
casual,electric_bike,2,Monday,2026-08,12,1569,28083.7651
casual,electric_bike,2,Monday,2026-08,13,1787,33352.465083333336
casual,electric_bike,2,Monday,2026-08,14,1724,30807.297033333332
casual,electric_bike,2,Monday,2026-08,15,2060,35657.16348333333
casual,electric_bike,2,Monday,2026-08,16,2678,40365.64746666667
casual,electric_bike,2,Monday,2026-08,17,3339,47878.6432
casual,electric_bike,2,Monday,2026-08,18,2933,43569.90921666667
casual,electric_bike,2,Monday,2026-08,19,2214,30874.452966666668
casual,electric_bike,2,Monday,2026-08,20,1688,23064.74175
casual,electric_bike,2,Monday,2026-08,21,1483,20639.692900000002
casual,electric_bike,2,Monday,2026-08,22,1275,17482.52815
casual,electric_bike,2,Monday,2026-08,23,652,8636.5234
casual,electric_bike,3,Tuesday,2025-09,0,391,4543.474633333333
casual,electric_bike,3,Tuesday,2025-09,1,201,2718.9898166666667
casual,electric_bike,3,Tuesday,2025-09,2,122,1327.2312166666668
casual,electric_bike,3,Tuesday,2025-09,3,58,602.5973666666666
casual,electric_bike,3,Tuesday,2025-09,4,86,735.4742
casual,electric_bike,3,Tuesday,2025-09,5,161,1476.6627166666667
casual,electric_bike,3,Tuesday,2025-09,6,557,4777.532433333334
casual,electric_bike,3,Tuesday,2025-09,7,1049,10174.415433333334
casual,electric_bike,3,Tuesday,2025-09,8,1312,13679.062466666666
casual,electric_bike,3,Tuesday,2025-09,9,809,9290.945483333333
casual,electric_bike,3,Tuesday,2025-09,10,663,10062.00335
casual,electric_bike,3,Tuesday,2025-09,11,833,12211.250366666667
casual,electric_bike,3,Tuesday,2025-09,12,1105,17349.3407
casual,electric_bike,3,Tuesday,2025-09,13,1158,17691.071816666667
casual,electric_bike,3,Tuesday,2025-09,14,1232,19934.439416666668
casual,electric_bike,3,Tuesday,2025-09,15,1599,23682.755633333334
casual,electric_bike,3,Tuesday,2025-09,16,2288,32873.90035
casual,electric_bike,3,Tuesday,2025-09,17,3063,43692.959866666664
casual,electric_bike,3,Tuesday,2025-09,18,2544,34054.811583333336
casual,electric_bike,3,Tuesday,2025-09,19,1741,22029.00391666667
casual,electric_bike,3,Tuesday,2025-09,20,1122,13423.84655
casual,electric_bike,3,Tuesday,2025-09,21,1231,15856.0548
casual,electric_bike,3,Tuesday,2025-09,22,804,10342.6616
casual,electric_bike,3,Tuesday,2025-09,23,444,5400.791833333334
casual,electric_bike,3,Tuesday,2025-10,0,162,1536.31725
casual,electric_bike,3,Tuesday,2025-10,1,111,1132.855
casual,electric_bike,3,Tuesday,2025-10,2,86,620.70925
casual,electric_bike,3,Tuesday,2025-10,3,42,408.78695
casual,electric_bike,3,Tuesday,2025-10,4,50,389.0699333333333
casual,electric_bike,3,Tuesday,2025-10,5,93,693.6567333333334
casual,electric_bike,3,Tuesday,2025-10,6,290,2321.8641666666667
casual,electric_bike,3,Tuesday,2025-10,7,633,5378.4589
casual,electric_bike,3,Tuesday,2025-10,8,749,6886.866683333334
casual,electric_bike,3,Tuesday,2025-10,9,550,5042.003433333333
casual,electric_bike,3,Tuesday,2025-10,10,423,5918.696483333333
casual,electric_bike,3,Tuesday,2025-10,11,525,6513.293366666667
casual,electric_bike,3,Tuesday,2025-10,12,641,8536.817183333333
casual,electric_bike,3,Tuesday,2025-10,13,593,7222.0271
casual,electric_bike,3,Tuesday,2025-10,14,723,9968.395716666666
casual,electric_bike,3,Tuesday,2025-10,15,995,12729.90805
casual,electric_bike,3,Tuesday,2025-10,16,1379,16295.9287
casual,electric_bike,3,Tuesday,2025-10,17,1492,19043.44575
casual,electric_bike,3,Tuesday,2025-10,18,1191,13425.90575
casual,electric_bike,3,Tuesday,2025-10,19,708,7250.828883333334
casual,electric_bike,3,Tuesday,2025-10,20,536,5529.3785333333335
casual,electric_bike,3,Tuesday,2025-10,21,480,5029.49715
casual,electric_bike,3,Tuesday,2025-10,22,366,3701.4808
casual,electric_bike,3,Tuesday,2025-10,23,230,2303.36335
casual,electric_bike,3,Tuesday,2025-11,0,99,886.0626166666667
casual,electric_bike,3,Tuesday,2025-11,1,53,568.414
casual,electric_bike,3,Tuesday,2025-11,2,51,501.18811666666664
casual,electric_bike,3,Tuesday,2025-11,3,17,180.12273333333331
casual,electric_bike,3,Tuesday,2025-11,4,28,186.68105
casual,electric_bike,3,Tuesday,2025-11,5,66,506.3317166666667
casual,electric_bike,3,Tuesday,2025-11,6,149,1074.07685
casual,electric_bike,3,Tuesday,2025-11,7,345,2475.1972833333334
casual,electric_bike,3,Tuesday,2025-11,8,507,4399.381483333334
casual,electric_bike,3,Tuesday,2025-11,9,359,2981.3485166666665
casual,electric_bike,3,Tuesday,2025-11,10,250,2703.28625
casual,electric_bike,3,Tuesday,2025-11,11,340,3496.7648833333333
casual,electric_bike,3,Tuesday,2025-11,12,400,4513.212133333333
casual,electric_bike,3,Tuesday,2025-11,13,441,4928.0927
casual,electric_bike,3,Tuesday,2025-11,14,433,4599.330266666667
casual,electric_bike,3,Tuesday,2025-11,15,570,5718.831716666667
casual,electric_bike,3,Tuesday,2025-11,16,791,8519.275883333334
casual,electric_bike,3,Tuesday,2025-11,17,792,7895.0862
casual,electric_bike,3,Tuesday,2025-11,18,596,5953.984366666667
casual,electric_bike,3,Tuesday,2025-11,19,402,3448.06285
casual,electric_bike,3,Tuesday,2025-11,20,310,2983.046733333333
casual,electric_bike,3,Tuesday,2025-11,21,298,2877.535533333333
casual,electric_bike,3,Tuesday,2025-11,22,234,2287.8294833333334
casual,electric_bike,3,Tuesday,2025-11,23,143,1354.7383333333332
casual,electric_bike,3,Tuesday,2025-12,0,43,400.38736666666665
casual,electric_bike,3,Tuesday,2025-12,1,28,253.04793333333333
casual,electric_bike,3,Tuesday,2025-12,2,28,363.5684166666667
casual,electric_bike,3,Tuesday,2025-12,3,22,313.2176333333333
casual,electric_bike,3,Tuesday,2025-12,4,22,135.61236666666667
casual,electric_bike,3,Tuesday,2025-12,5,52,360.95005
casual,electric_bike,3,Tuesday,2025-12,6,77,484.60903333333334
casual,electric_bike,3,Tuesday,2025-12,7,189,1416.4292
casual,electric_bike,3,Tuesday,2025-12,8,228,1672.4719333333333
casual,electric_bike,3,Tuesday,2025-12,9,160,1202.0579666666667
casual,electric_bike,3,Tuesday,2025-12,10,105,968.5240333333334
casual,electric_bike,3,Tuesday,2025-12,11,141,1369.3457666666666
casual,electric_bike,3,Tuesday,2025-12,12,204,2196.0567833333334
casual,electric_bike,3,Tuesday,2025-12,13,215,2731.1642833333335
casual,electric_bike,3,Tuesday,2025-12,14,270,3067.1601333333333
casual,electric_bike,3,Tuesday,2025-12,15,321,3381.47285
casual,electric_bike,3,Tuesday,2025-12,16,394,3832.9717666666666
casual,electric_bike,3,Tuesday,2025-12,17,367,3801.9925
casual,electric_bike,3,Tuesday,2025-12,18,233,1927.8196333333333
casual,electric_bike,3,Tuesday,2025-12,19,131,1153.3454833333333
casual,electric_bike,3,Tuesday,2025-12,20,94,778.2499833333334
casual,electric_bike,3,Tuesday,2025-12,21,95,953.7078833333334
casual,electric_bike,3,Tuesday,2025-12,22,74,931.1494833333334
casual,electric_bike,3,Tuesday,2025-12,23,98,922.5831833333333
casual,electric_bike,3,Tuesday,2026-01,0,29,263.24376666666666
casual,electric_bike,3,Tuesday,2026-01,1,10,79.25286666666666
casual,electric_bike,3,Tuesday,2026-01,2,10,48.15776666666667
casual,electric_bike,3,Tuesday,2026-01,3,6,31.41375
casual,electric_bike,3,Tuesday,2026-01,4,15,104.52376666666666
casual,electric_bike,3,Tuesday,2026-01,5,34,195.9477
casual,electric_bike,3,Tuesday,2026-01,6,108,695.2637
casual,electric_bike,3,Tuesday,2026-01,7,199,1430.8013166666667
casual,electric_bike,3,Tuesday,2026-01,8,247,1980.3385166666667
casual,electric_bike,3,Tuesday,2026-01,9,140,1300.0804666666666
casual,electric_bike,3,Tuesday,2026-01,10,93,686.0185833333334
casual,electric_bike,3,Tuesday,2026-01,11,127,1117.8893166666667
casual,electric_bike,3,Tuesday,2026-01,12,140,1194.1983166666666
casual,electric_bike,3,Tuesday,2026-01,13,151,1429.5932833333334
casual,electric_bike,3,Tuesday,2026-01,14,163,1568.08255
casual,electric_bike,3,Tuesday,2026-01,15,230,2129.2368333333334
casual,electric_bike,3,Tuesday,2026-01,16,333,3120.0342
casual,electric_bike,3,Tuesday,2026-01,17,337,2959.1104
casual,electric_bike,3,Tuesday,2026-01,18,236,1983.2634666666668
casual,electric_bike,3,Tuesday,2026-01,19,154,1233.4006166666666
casual,electric_bike,3,Tuesday,2026-01,20,113,977.5682833333333
casual,electric_bike,3,Tuesday,2026-01,21,93,770.0356666666667
casual,electric_bike,3,Tuesday,2026-01,22,63,518.4949666666666
casual,electric_bike,3,Tuesday,2026-01,23,41,308.5634333333333
casual,electric_bike,3,Tuesday,2026-02,0,42,524.4737166666666
casual,electric_bike,3,Tuesday,2026-02,1,19,209.22006666666667
casual,electric_bike,3,Tuesday,2026-02,2,20,145.23364999999998
casual,electric_bike,3,Tuesday,2026-02,3,4,42.88075
casual,electric_bike,3,Tuesday,2026-02,4,20,124.98476666666666
casual,electric_bike,3,Tuesday,2026-02,5,63,406.6026166666667
casual,electric_bike,3,Tuesday,2026-02,6,128,726.4885833333333
casual,electric_bike,3,Tuesday,2026-02,7,222,1582.2002
casual,electric_bike,3,Tuesday,2026-02,8,259,2083.5367666666666
casual,electric_bike,3,Tuesday,2026-02,9,217,1870.5410666666667
casual,electric_bike,3,Tuesday,2026-02,10,121,1023.6632333333333
casual,electric_bike,3,Tuesday,2026-02,11,138,1417.9561
casual,electric_bike,3,Tuesday,2026-02,12,167,1457.9082833333334
casual,electric_bike,3,Tuesday,2026-02,13,208,1895.2053166666667
casual,electric_bike,3,Tuesday,2026-02,14,214,2028.3713833333334
casual,electric_bike,3,Tuesday,2026-02,15,296,2473.43665
casual,electric_bike,3,Tuesday,2026-02,16,377,3596.0414166666665
casual,electric_bike,3,Tuesday,2026-02,17,388,4072.4548666666665
casual,electric_bike,3,Tuesday,2026-02,18,270,2590.1711666666665
casual,electric_bike,3,Tuesday,2026-02,19,175,1349.9225000000001
casual,electric_bike,3,Tuesday,2026-02,20,115,909.0598833333333
casual,electric_bike,3,Tuesday,2026-02,21,123,1134.8286666666668
casual,electric_bike,3,Tuesday,2026-02,22,75,706.4481666666667
casual,electric_bike,3,Tuesday,2026-02,23,53,458.599
casual,electric_bike,3,Tuesday,2026-03,0,111,967.2796500000001
casual,electric_bike,3,Tuesday,2026-03,1,59,736.0383833333333
casual,electric_bike,3,Tuesday,2026-03,2,48,702.8102333333334
casual,electric_bike,3,Tuesday,2026-03,3,28,277.10973333333334
casual,electric_bike,3,Tuesday,2026-03,4,39,339.44365
casual,electric_bike,3,Tuesday,2026-03,5,86,616.6073
casual,electric_bike,3,Tuesday,2026-03,6,221,1731.6329833333334
casual,electric_bike,3,Tuesday,2026-03,7,402,3204.0582666666664
casual,electric_bike,3,Tuesday,2026-03,8,589,4881.115366666667
casual,electric_bike,3,Tuesday,2026-03,9,302,2129.02235
casual,electric_bike,3,Tuesday,2026-03,10,210,2327.1156499999997
casual,electric_bike,3,Tuesday,2026-03,11,187,1583.285
casual,electric_bike,3,Tuesday,2026-03,12,296,3084.3505666666665
casual,electric_bike,3,Tuesday,2026-03,13,297,3182.34415
casual,electric_bike,3,Tuesday,2026-03,14,372,4090.957716666667
casual,electric_bike,3,Tuesday,2026-03,15,487,4646.429866666666
casual,electric_bike,3,Tuesday,2026-03,16,651,5932.310966666667
casual,electric_bike,3,Tuesday,2026-03,17,734,6687.04975
casual,electric_bike,3,Tuesday,2026-03,18,442,4311.74285
casual,electric_bike,3,Tuesday,2026-03,19,333,2995.3875666666668
casual,electric_bike,3,Tuesday,2026-03,20,208,2098.093733333333
casual,electric_bike,3,Tuesday,2026-03,21,213,2029.98005
casual,electric_bike,3,Tuesday,2026-03,22,231,2536.0207
casual,electric_bike,3,Tuesday,2026-03,23,86,777.5627166666667
casual,electric_bike,3,Tuesday,2026-04,0,151,2013.2331666666666
casual,electric_bike,3,Tuesday,2026-04,1,71,713.5890833333333
casual,electric_bike,3,Tuesday,2026-04,2,46,614.3256166666666
casual,electric_bike,3,Tuesday,2026-04,3,22,174.96798333333334
casual,electric_bike,3,Tuesday,2026-04,4,37,225.18926666666667
casual,electric_bike,3,Tuesday,2026-04,5,78,524.7299333333333
casual,electric_bike,3,Tuesday,2026-04,6,193,1580.6835666666666
casual,electric_bike,3,Tuesday,2026-04,7,393,3175.0293666666666
casual,electric_bike,3,Tuesday,2026-04,8,721,6487.8659333333335
casual,electric_bike,3,Tuesday,2026-04,9,442,4240.446466666666
casual,electric_bike,3,Tuesday,2026-04,10,377,4731.317783333333
casual,electric_bike,3,Tuesday,2026-04,11,498,7510.15415
casual,electric_bike,3,Tuesday,2026-04,12,582,8692.490183333333
casual,electric_bike,3,Tuesday,2026-04,13,600,9114.49365
casual,electric_bike,3,Tuesday,2026-04,14,672,9909.008
casual,electric_bike,3,Tuesday,2026-04,15,780,10186.486466666667
casual,electric_bike,3,Tuesday,2026-04,16,1257,17163.1175
casual,electric_bike,3,Tuesday,2026-04,17,1617,22163.02165
casual,electric_bike,3,Tuesday,2026-04,18,1314,17050.051716666665
casual,electric_bike,3,Tuesday,2026-04,19,851,11613.1855
casual,electric_bike,3,Tuesday,2026-04,20,601,7784.782883333333
casual,electric_bike,3,Tuesday,2026-04,21,663,8558.776933333333
casual,electric_bike,3,Tuesday,2026-04,22,406,5005.522866666666
casual,electric_bike,3,Tuesday,2026-04,23,168,1993.4447166666666
casual,electric_bike,3,Tuesday,2026-05,0,312,4959.376033333333
casual,electric_bike,3,Tuesday,2026-05,1,158,2693.799
casual,electric_bike,3,Tuesday,2026-05,2,86,1385.8638333333333
casual,electric_bike,3,Tuesday,2026-05,3,55,859.8585333333333
casual,electric_bike,3,Tuesday,2026-05,4,65,657.6217166666667
casual,electric_bike,3,Tuesday,2026-05,5,135,1120.32035
casual,electric_bike,3,Tuesday,2026-05,6,332,2741.77395
casual,electric_bike,3,Tuesday,2026-05,7,565,5306.392716666666
casual,electric_bike,3,Tuesday,2026-05,8,836,8378.20765
casual,electric_bike,3,Tuesday,2026-05,9,579,6979.824433333333
casual,electric_bike,3,Tuesday,2026-05,10,538,7777.5045
casual,electric_bike,3,Tuesday,2026-05,11,625,9917.9716
casual,electric_bike,3,Tuesday,2026-05,12,793,13257.432866666666
casual,electric_bike,3,Tuesday,2026-05,13,861,13351.050666666666
casual,electric_bike,3,Tuesday,2026-05,14,885,13709.055783333333
casual,electric_bike,3,Tuesday,2026-05,15,1081,15742.514566666667
casual,electric_bike,3,Tuesday,2026-05,16,1372,18521.120633333332
casual,electric_bike,3,Tuesday,2026-05,17,1859,25106.045683333334
casual,electric_bike,3,Tuesday,2026-05,18,1679,22546.349833333334
casual,electric_bike,3,Tuesday,2026-05,19,1383,17382.293583333332
casual,electric_bike,3,Tuesday,2026-05,20,1187,15622.631133333332
casual,electric_bike,3,Tuesday,2026-05,21,972,12482.88505
casual,electric_bike,3,Tuesday,2026-05,22,628,7721.2398
casual,electric_bike,3,Tuesday,2026-05,23,305,3640.9640833333333
casual,electric_bike,3,Tuesday,2026-06,0,427,6691.119333333333
casual,electric_bike,3,Tuesday,2026-06,1,217,3251.6705166666666
casual,electric_bike,3,Tuesday,2026-06,2,135,1761.5635833333333
casual,electric_bike,3,Tuesday,2026-06,3,77,995.2105666666666
casual,electric_bike,3,Tuesday,2026-06,4,105,1039.8118166666666
casual,electric_bike,3,Tuesday,2026-06,5,272,2494.1959166666666
casual,electric_bike,3,Tuesday,2026-06,6,603,5381.2471
casual,electric_bike,3,Tuesday,2026-06,7,1050,9489.557316666667
casual,electric_bike,3,Tuesday,2026-06,8,1397,14566.811133333333
casual,electric_bike,3,Tuesday,2026-06,9,836,12156.675116666667
casual,electric_bike,3,Tuesday,2026-06,10,758,12543.739466666666
casual,electric_bike,3,Tuesday,2026-06,11,1061,18451.15526666667
casual,electric_bike,3,Tuesday,2026-06,12,1192,19375.53245
casual,electric_bike,3,Tuesday,2026-06,13,1363,21333.640816666666
casual,electric_bike,3,Tuesday,2026-06,14,1537,25969.99003333333
casual,electric_bike,3,Tuesday,2026-06,15,1819,28632.049133333334
casual,electric_bike,3,Tuesday,2026-06,16,2687,38431.364466666666
casual,electric_bike,3,Tuesday,2026-06,17,3490,47764.325866666666
casual,electric_bike,3,Tuesday,2026-06,18,3288,45741.953433333336
casual,electric_bike,3,Tuesday,2026-06,19,2491,33347.842516666664
casual,electric_bike,3,Tuesday,2026-06,20,2035,28407.23165
casual,electric_bike,3,Tuesday,2026-06,21,1763,23986.10225
casual,electric_bike,3,Tuesday,2026-06,22,1323,18077.261716666668
casual,electric_bike,3,Tuesday,2026-06,23,653,8676.470016666666
casual,electric_bike,3,Tuesday,2026-07,0,350,5640.894433333333
casual,electric_bike,3,Tuesday,2026-07,1,199,2656.1545666666666
casual,electric_bike,3,Tuesday,2026-07,2,111,1443.1959
casual,electric_bike,3,Tuesday,2026-07,3,66,919.0156666666667
casual,electric_bike,3,Tuesday,2026-07,4,90,751.6274
casual,electric_bike,3,Tuesday,2026-07,5,258,2441.981083333333
casual,electric_bike,3,Tuesday,2026-07,6,538,4696.498883333334
casual,electric_bike,3,Tuesday,2026-07,7,1013,9738.912133333333
casual,electric_bike,3,Tuesday,2026-07,8,1342,14019.874366666667
casual,electric_bike,3,Tuesday,2026-07,9,788,10414.724116666666
casual,electric_bike,3,Tuesday,2026-07,10,737,11269.047566666666
casual,electric_bike,3,Tuesday,2026-07,11,898,15769.081716666667
casual,electric_bike,3,Tuesday,2026-07,12,1058,16991.057766666665
casual,electric_bike,3,Tuesday,2026-07,13,1196,20121.66955
casual,electric_bike,3,Tuesday,2026-07,14,1328,22088.138133333334
casual,electric_bike,3,Tuesday,2026-07,15,1625,24828.7226
casual,electric_bike,3,Tuesday,2026-07,16,2423,34794.58923333333
casual,electric_bike,3,Tuesday,2026-07,17,3274,45267.26848333333
casual,electric_bike,3,Tuesday,2026-07,18,2982,41146.74836666667
casual,electric_bike,3,Tuesday,2026-07,19,2196,30326.028416666668
casual,electric_bike,3,Tuesday,2026-07,20,1863,25508.4354
casual,electric_bike,3,Tuesday,2026-07,21,1528,21445.131383333333
casual,electric_bike,3,Tuesday,2026-07,22,1158,15671.067666666666
casual,electric_bike,3,Tuesday,2026-07,23,716,9674.26825
casual,electric_bike,3,Tuesday,2026-08,0,443,6239.525633333334
casual,electric_bike,3,Tuesday,2026-08,1,252,2966.68345
casual,electric_bike,3,Tuesday,2026-08,2,148,2205.9198
casual,electric_bike,3,Tuesday,2026-08,3,90,1260.5725166666666
casual,electric_bike,3,Tuesday,2026-08,4,109,1198.1869333333334
casual,electric_bike,3,Tuesday,2026-08,5,273,2176.8585
casual,electric_bike,3,Tuesday,2026-08,6,620,5105.679066666667
casual,electric_bike,3,Tuesday,2026-08,7,1107,10080.099516666667
casual,electric_bike,3,Tuesday,2026-08,8,1331,14285.883366666667
casual,electric_bike,3,Tuesday,2026-08,9,803,9685.981016666667
casual,electric_bike,3,Tuesday,2026-08,10,676,10463.0021
casual,electric_bike,3,Tuesday,2026-08,11,718,13719.169
casual,electric_bike,3,Tuesday,2026-08,12,892,14633.0706
casual,electric_bike,3,Tuesday,2026-08,13,1087,17243.5492
casual,electric_bike,3,Tuesday,2026-08,14,1330,22287.491816666665
casual,electric_bike,3,Tuesday,2026-08,15,1633,24251.0172
casual,electric_bike,3,Tuesday,2026-08,16,2539,37488.33458333333
casual,electric_bike,3,Tuesday,2026-08,17,3267,46316.596966666664
casual,electric_bike,3,Tuesday,2026-08,18,3075,43465.436616666666
casual,electric_bike,3,Tuesday,2026-08,19,2187,31122.9857
casual,electric_bike,3,Tuesday,2026-08,20,1705,23776.21065
casual,electric_bike,3,Tuesday,2026-08,21,1657,23191.946916666668
casual,electric_bike,3,Tuesday,2026-08,22,914,12816.055116666666
casual,electric_bike,3,Tuesday,2026-08,23,664,8920.4751
casual,electric_bike,4,Wednesday,2025-09,0,276,3154.991233333333
casual,electric_bike,4,Wednesday,2025-09,1,104,1195.2318333333333
casual,electric_bike,4,Wednesday,2025-09,2,78,928.2628833333333
casual,electric_bike,4,Wednesday,2025-09,3,58,599.7360333333334
casual,electric_bike,4,Wednesday,2025-09,4,91,847.3029166666666
casual,electric_bike,4,Wednesday,2025-09,5,131,1019.65005
casual,electric_bike,4,Wednesday,2025-09,6,440,4053.53655
casual,electric_bike,4,Wednesday,2025-09,7,849,8153.033433333333
casual,electric_bike,4,Wednesday,2025-09,8,1068,10338.915266666667
casual,electric_bike,4,Wednesday,2025-09,9,619,6776.734233333334
casual,electric_bike,4,Wednesday,2025-09,10,584,9924.5631
casual,electric_bike,4,Wednesday,2025-09,11,701,9856.54605
casual,electric_bike,4,Wednesday,2025-09,12,841,11447.273
casual,electric_bike,4,Wednesday,2025-09,13,775,10489.538933333333
casual,electric_bike,4,Wednesday,2025-09,14,938,14869.36375
casual,electric_bike,4,Wednesday,2025-09,15,1100,15516.007183333333
casual,electric_bike,4,Wednesday,2025-09,16,1703,22621.00595
casual,electric_bike,4,Wednesday,2025-09,17,2085,28125.756066666665
casual,electric_bike,4,Wednesday,2025-09,18,1817,24575.758066666665
casual,electric_bike,4,Wednesday,2025-09,19,1405,17595.876800000002
casual,electric_bike,4,Wednesday,2025-09,20,962,11131.5644
casual,electric_bike,4,Wednesday,2025-09,21,1026,14282.51535
casual,electric_bike,4,Wednesday,2025-09,22,666,8239.36605
casual,electric_bike,4,Wednesday,2025-09,23,377,4154.030216666667
casual,electric_bike,4,Wednesday,2025-10,0,253,2630.091683333333
casual,electric_bike,4,Wednesday,2025-10,1,151,1559.9802833333333
casual,electric_bike,4,Wednesday,2025-10,2,102,1065.81565
casual,electric_bike,4,Wednesday,2025-10,3,49,793.407
casual,electric_bike,4,Wednesday,2025-10,4,82,645.49745
casual,electric_bike,4,Wednesday,2025-10,5,156,1344.4799333333333
casual,electric_bike,4,Wednesday,2025-10,6,430,3229.3319833333335
casual,electric_bike,4,Wednesday,2025-10,7,958,8153.4818
casual,electric_bike,4,Wednesday,2025-10,8,1198,11107.078583333334
casual,electric_bike,4,Wednesday,2025-10,9,657,6221.036133333333
casual,electric_bike,4,Wednesday,2025-10,10,499,6040.987433333334
casual,electric_bike,4,Wednesday,2025-10,11,701,8625.292233333334
casual,electric_bike,4,Wednesday,2025-10,12,894,10738.231916666666
casual,electric_bike,4,Wednesday,2025-10,13,986,12183.88865
casual,electric_bike,4,Wednesday,2025-10,14,1112,14000.394683333334
casual,electric_bike,4,Wednesday,2025-10,15,1440,17699.864
casual,electric_bike,4,Wednesday,2025-10,16,1821,22248.49295
casual,electric_bike,4,Wednesday,2025-10,17,2533,30388.585883333333
casual,electric_bike,4,Wednesday,2025-10,18,1818,20320.441066666666
casual,electric_bike,4,Wednesday,2025-10,19,1328,14806.271916666667
casual,electric_bike,4,Wednesday,2025-10,20,962,10500.88255
casual,electric_bike,4,Wednesday,2025-10,21,818,8592.622466666666
casual,electric_bike,4,Wednesday,2025-10,22,628,7081.666683333334
casual,electric_bike,4,Wednesday,2025-10,23,362,3723.576016666667
casual,electric_bike,4,Wednesday,2025-11,0,127,1111.2122666666667
casual,electric_bike,4,Wednesday,2025-11,1,59,534.0038666666667
casual,electric_bike,4,Wednesday,2025-11,2,47,407.3704666666667
casual,electric_bike,4,Wednesday,2025-11,3,27,254.39813333333333
casual,electric_bike,4,Wednesday,2025-11,4,35,287.47513333333336
casual,electric_bike,4,Wednesday,2025-11,5,83,565.6059666666666
casual,electric_bike,4,Wednesday,2025-11,6,223,1595.2599833333334
casual,electric_bike,4,Wednesday,2025-11,7,456,3563.0625333333332
casual,electric_bike,4,Wednesday,2025-11,8,574,4985.025666666666
casual,electric_bike,4,Wednesday,2025-11,9,336,2675.9685833333333
casual,electric_bike,4,Wednesday,2025-11,10,285,2612.0673
casual,electric_bike,4,Wednesday,2025-11,11,321,3693.0180833333334
casual,electric_bike,4,Wednesday,2025-11,12,401,4147.097733333333
casual,electric_bike,4,Wednesday,2025-11,13,426,4121.123633333334
casual,electric_bike,4,Wednesday,2025-11,14,455,4514.323483333334
casual,electric_bike,4,Wednesday,2025-11,15,581,5713.0884
casual,electric_bike,4,Wednesday,2025-11,16,773,7981.789566666666
casual,electric_bike,4,Wednesday,2025-11,17,869,8801.9054
casual,electric_bike,4,Wednesday,2025-11,18,660,6891.692266666667
casual,electric_bike,4,Wednesday,2025-11,19,446,4064.3443166666666
casual,electric_bike,4,Wednesday,2025-11,20,346,3558.4660833333332
casual,electric_bike,4,Wednesday,2025-11,21,287,2716.2960166666667
casual,electric_bike,4,Wednesday,2025-11,22,259,2502.86135
casual,electric_bike,4,Wednesday,2025-11,23,227,2243.92565
casual,electric_bike,4,Wednesday,2025-12,0,71,695.8643
casual,electric_bike,4,Wednesday,2025-12,1,38,376.5009
casual,electric_bike,4,Wednesday,2025-12,2,31,364.9574333333333
casual,electric_bike,4,Wednesday,2025-12,3,14,223.58825000000002
casual,electric_bike,4,Wednesday,2025-12,4,22,120.36126666666667
casual,electric_bike,4,Wednesday,2025-12,5,41,264.05421666666666
casual,electric_bike,4,Wednesday,2025-12,6,78,503.03455
casual,electric_bike,4,Wednesday,2025-12,7,199,1610.2526333333333
casual,electric_bike,4,Wednesday,2025-12,8,181,1509.3199
casual,electric_bike,4,Wednesday,2025-12,9,128,955.4693833333333
casual,electric_bike,4,Wednesday,2025-12,10,102,909.5975666666667
casual,electric_bike,4,Wednesday,2025-12,11,164,1478.5740666666668
casual,electric_bike,4,Wednesday,2025-12,12,225,2258.23215
casual,electric_bike,4,Wednesday,2025-12,13,217,2215.1826
casual,electric_bike,4,Wednesday,2025-12,14,226,2161.0108
casual,electric_bike,4,Wednesday,2025-12,15,276,3094.59095
casual,electric_bike,4,Wednesday,2025-12,16,323,3207.256733333333
casual,electric_bike,4,Wednesday,2025-12,17,319,3168.1232333333332
casual,electric_bike,4,Wednesday,2025-12,18,208,1863.2613333333334
casual,electric_bike,4,Wednesday,2025-12,19,140,1558.3329833333335
casual,electric_bike,4,Wednesday,2025-12,20,123,999.9049166666666
casual,electric_bike,4,Wednesday,2025-12,21,128,1291.3071166666666
casual,electric_bike,4,Wednesday,2025-12,22,87,793.84435
casual,electric_bike,4,Wednesday,2025-12,23,80,891.4767333333333
casual,electric_bike,4,Wednesday,2026-01,0,27,221.02443333333332
casual,electric_bike,4,Wednesday,2026-01,1,16,109.33743333333334
casual,electric_bike,4,Wednesday,2026-01,2,19,190.09711666666666
casual,electric_bike,4,Wednesday,2026-01,3,9,96.32153333333333
casual,electric_bike,4,Wednesday,2026-01,4,15,102.56666666666666
casual,electric_bike,4,Wednesday,2026-01,5,38,212.19021666666666
casual,electric_bike,4,Wednesday,2026-01,6,95,643.4254
casual,electric_bike,4,Wednesday,2026-01,7,176,1294.6655166666667
casual,electric_bike,4,Wednesday,2026-01,8,227,1851.3917
casual,electric_bike,4,Wednesday,2026-01,9,119,930.92435
casual,electric_bike,4,Wednesday,2026-01,10,78,672.0767333333333
casual,electric_bike,4,Wednesday,2026-01,11,103,784.6143
casual,electric_bike,4,Wednesday,2026-01,12,122,872.2424
casual,electric_bike,4,Wednesday,2026-01,13,105,872.7579833333333
casual,electric_bike,4,Wednesday,2026-01,14,154,1595.8526166666666
casual,electric_bike,4,Wednesday,2026-01,15,219,2096.2062166666665
casual,electric_bike,4,Wednesday,2026-01,16,314,2885.18785
casual,electric_bike,4,Wednesday,2026-01,17,296,2778.8928
casual,electric_bike,4,Wednesday,2026-01,18,193,1799.0293166666668
casual,electric_bike,4,Wednesday,2026-01,19,146,1379.2374333333332
casual,electric_bike,4,Wednesday,2026-01,20,80,696.8442666666667
casual,electric_bike,4,Wednesday,2026-01,21,84,715.9780333333333
casual,electric_bike,4,Wednesday,2026-01,22,56,513.9641333333334
casual,electric_bike,4,Wednesday,2026-01,23,46,509.657
casual,electric_bike,4,Wednesday,2026-02,0,26,235.05603333333335
casual,electric_bike,4,Wednesday,2026-02,1,20,218.50848333333332
casual,electric_bike,4,Wednesday,2026-02,2,18,173.30713333333333
casual,electric_bike,4,Wednesday,2026-02,3,12,79.04258333333333
casual,electric_bike,4,Wednesday,2026-02,4,29,206.25981666666667
casual,electric_bike,4,Wednesday,2026-02,5,48,308.3297
casual,electric_bike,4,Wednesday,2026-02,6,113,686.0022833333334
casual,electric_bike,4,Wednesday,2026-02,7,242,1827.8508666666667
casual,electric_bike,4,Wednesday,2026-02,8,323,2511.4423333333334
casual,electric_bike,4,Wednesday,2026-02,9,178,1270.7628333333334
casual,electric_bike,4,Wednesday,2026-02,10,121,1318.26595
casual,electric_bike,4,Wednesday,2026-02,11,155,1733.4330833333333
casual,electric_bike,4,Wednesday,2026-02,12,184,2201.4599
casual,electric_bike,4,Wednesday,2026-02,13,211,2061.0199166666666
casual,electric_bike,4,Wednesday,2026-02,14,265,3109.9625166666665
casual,electric_bike,4,Wednesday,2026-02,15,327,3931.9117333333334
casual,electric_bike,4,Wednesday,2026-02,16,496,5452.387
casual,electric_bike,4,Wednesday,2026-02,17,515,5351.785216666667
casual,electric_bike,4,Wednesday,2026-02,18,352,3776.35045
casual,electric_bike,4,Wednesday,2026-02,19,232,2470.5979333333335
casual,electric_bike,4,Wednesday,2026-02,20,162,1689.9360666666666
casual,electric_bike,4,Wednesday,2026-02,21,136,1105.0331166666667
casual,electric_bike,4,Wednesday,2026-02,22,99,731.65815
casual,electric_bike,4,Wednesday,2026-02,23,64,515.1445833333333
casual,electric_bike,4,Wednesday,2026-03,0,55,669.5562166666667
casual,electric_bike,4,Wednesday,2026-03,1,43,476.29318333333333
casual,electric_bike,4,Wednesday,2026-03,2,19,192.26045
casual,electric_bike,4,Wednesday,2026-03,3,12,116.88388333333333
casual,electric_bike,4,Wednesday,2026-03,4,30,203.16506666666666
casual,electric_bike,4,Wednesday,2026-03,5,52,360.64323333333334
casual,electric_bike,4,Wednesday,2026-03,6,109,772.4523833333334
casual,electric_bike,4,Wednesday,2026-03,7,238,1727.283
casual,electric_bike,4,Wednesday,2026-03,8,404,3329.3317333333334
casual,electric_bike,4,Wednesday,2026-03,9,201,1496.1534166666665
casual,electric_bike,4,Wednesday,2026-03,10,155,1229.6744166666667
casual,electric_bike,4,Wednesday,2026-03,11,196,1951.2517166666667
casual,electric_bike,4,Wednesday,2026-03,12,217,2613.6622666666667
casual,electric_bike,4,Wednesday,2026-03,13,243,2662.54095
casual,electric_bike,4,Wednesday,2026-03,14,291,3385.8421333333335
casual,electric_bike,4,Wednesday,2026-03,15,455,6583.274283333333
casual,electric_bike,4,Wednesday,2026-03,16,586,7102.724966666667
casual,electric_bike,4,Wednesday,2026-03,17,740,10191.439816666667
casual,electric_bike,4,Wednesday,2026-03,18,572,7642.062166666667
casual,electric_bike,4,Wednesday,2026-03,19,428,5238.69505
casual,electric_bike,4,Wednesday,2026-03,20,276,3072.6377666666667
casual,electric_bike,4,Wednesday,2026-03,21,222,2683.6426500000002
casual,electric_bike,4,Wednesday,2026-03,22,219,2598.286416666667
casual,electric_bike,4,Wednesday,2026-03,23,119,1162.4966666666667
casual,electric_bike,4,Wednesday,2026-04,0,162,1786.2342833333332
casual,electric_bike,4,Wednesday,2026-04,1,108,1432.3540833333334
casual,electric_bike,4,Wednesday,2026-04,2,57,701.0037
casual,electric_bike,4,Wednesday,2026-04,3,38,395.64573333333334
casual,electric_bike,4,Wednesday,2026-04,4,50,316.7998666666667
casual,electric_bike,4,Wednesday,2026-04,5,99,646.0592333333334
casual,electric_bike,4,Wednesday,2026-04,6,299,2370.1564333333336
casual,electric_bike,4,Wednesday,2026-04,7,572,5037.8259
casual,electric_bike,4,Wednesday,2026-04,8,904,8002.436866666667
casual,electric_bike,4,Wednesday,2026-04,9,538,4862.347716666666
casual,electric_bike,4,Wednesday,2026-04,10,383,4298.0170333333335
casual,electric_bike,4,Wednesday,2026-04,11,448,4714.270316666667
casual,electric_bike,4,Wednesday,2026-04,12,608,6691.052183333333
casual,electric_bike,4,Wednesday,2026-04,13,642,8124.302166666666
casual,electric_bike,4,Wednesday,2026-04,14,698,8111.55485
casual,electric_bike,4,Wednesday,2026-04,15,932,11681.746366666666
casual,electric_bike,4,Wednesday,2026-04,16,1418,17845.65708333333
casual,electric_bike,4,Wednesday,2026-04,17,1740,21003.5226
casual,electric_bike,4,Wednesday,2026-04,18,1350,15791.307333333334
casual,electric_bike,4,Wednesday,2026-04,19,995,12402.904016666667
casual,electric_bike,4,Wednesday,2026-04,20,639,6527.701033333334
casual,electric_bike,4,Wednesday,2026-04,21,603,6303.953316666667
casual,electric_bike,4,Wednesday,2026-04,22,431,4318.997166666667
casual,electric_bike,4,Wednesday,2026-04,23,231,2344.5991
casual,electric_bike,4,Wednesday,2026-05,0,277,3339.859516666667
casual,electric_bike,4,Wednesday,2026-05,1,100,1298.83845
casual,electric_bike,4,Wednesday,2026-05,2,89,1107.0634666666667
casual,electric_bike,4,Wednesday,2026-05,3,50,490.6929166666667
casual,electric_bike,4,Wednesday,2026-05,4,51,349.7314166666667
casual,electric_bike,4,Wednesday,2026-05,5,157,1242.8234166666666
casual,electric_bike,4,Wednesday,2026-05,6,334,3034.58665
casual,electric_bike,4,Wednesday,2026-05,7,745,7247.908666666666
casual,electric_bike,4,Wednesday,2026-05,8,1011,10027.809833333333
casual,electric_bike,4,Wednesday,2026-05,9,590,6809.265816666667
casual,electric_bike,4,Wednesday,2026-05,10,497,6281.661016666667
casual,electric_bike,4,Wednesday,2026-05,11,584,7301.201466666666
casual,electric_bike,4,Wednesday,2026-05,12,784,11060.12415
casual,electric_bike,4,Wednesday,2026-05,13,783,11259.833616666667
casual,electric_bike,4,Wednesday,2026-05,14,855,12370.4896
casual,electric_bike,4,Wednesday,2026-05,15,1061,13974.29935
casual,electric_bike,4,Wednesday,2026-05,16,1753,22232.338616666668
casual,electric_bike,4,Wednesday,2026-05,17,2185,29134.311
casual,electric_bike,4,Wednesday,2026-05,18,1869,23852.7394
casual,electric_bike,4,Wednesday,2026-05,19,1368,17253.30095
casual,electric_bike,4,Wednesday,2026-05,20,994,11391.10895
casual,electric_bike,4,Wednesday,2026-05,21,785,8770.869183333334
casual,electric_bike,4,Wednesday,2026-05,22,538,5830.207066666667
casual,electric_bike,4,Wednesday,2026-05,23,338,3723.946516666667
casual,electric_bike,4,Wednesday,2026-06,0,352,4672.12765
casual,electric_bike,4,Wednesday,2026-06,1,179,2957.551016666667
casual,electric_bike,4,Wednesday,2026-06,2,105,1703.7029166666666
casual,electric_bike,4,Wednesday,2026-06,3,90,1192.4410666666668
casual,electric_bike,4,Wednesday,2026-06,4,88,952.8176
casual,electric_bike,4,Wednesday,2026-06,5,233,2048.8845
casual,electric_bike,4,Wednesday,2026-06,6,480,4260.4883666666665
casual,electric_bike,4,Wednesday,2026-06,7,851,7565.829216666667
casual,electric_bike,4,Wednesday,2026-06,8,1151,12241.822
casual,electric_bike,4,Wednesday,2026-06,9,626,7108.82825
casual,electric_bike,4,Wednesday,2026-06,10,521,6929.701283333334
casual,electric_bike,4,Wednesday,2026-06,11,576,9842.0764
casual,electric_bike,4,Wednesday,2026-06,12,659,9980.94915
casual,electric_bike,4,Wednesday,2026-06,13,681,10327.501333333334
casual,electric_bike,4,Wednesday,2026-06,14,676,10215.08295
casual,electric_bike,4,Wednesday,2026-06,15,1057,15431.706400000001
casual,electric_bike,4,Wednesday,2026-06,16,1370,17749.80743333333
casual,electric_bike,4,Wednesday,2026-06,17,2088,28511.8175
casual,electric_bike,4,Wednesday,2026-06,18,1986,26699.998416666665
casual,electric_bike,4,Wednesday,2026-06,19,1325,16937.843533333333
casual,electric_bike,4,Wednesday,2026-06,20,1073,14578.1564
casual,electric_bike,4,Wednesday,2026-06,21,883,12365.3794
casual,electric_bike,4,Wednesday,2026-06,22,722,9990.506166666666
casual,electric_bike,4,Wednesday,2026-06,23,485,6154.499833333333
casual,electric_bike,4,Wednesday,2026-07,0,527,7581.946
casual,electric_bike,4,Wednesday,2026-07,1,297,3697.6096166666666
casual,electric_bike,4,Wednesday,2026-07,2,141,1728.3540333333333
casual,electric_bike,4,Wednesday,2026-07,3,135,2014.5898666666667
casual,electric_bike,4,Wednesday,2026-07,4,125,1241.1983333333333
casual,electric_bike,4,Wednesday,2026-07,5,316,2815.920833333333
casual,electric_bike,4,Wednesday,2026-07,6,712,6390.668433333333
casual,electric_bike,4,Wednesday,2026-07,7,1280,12301.569483333333
casual,electric_bike,4,Wednesday,2026-07,8,1731,17780.2616
casual,electric_bike,4,Wednesday,2026-07,9,1085,12994.138133333334
casual,electric_bike,4,Wednesday,2026-07,10,972,15506.821866666667
casual,electric_bike,4,Wednesday,2026-07,11,1295,20756.84315
casual,electric_bike,4,Wednesday,2026-07,12,1577,23997.361816666667
casual,electric_bike,4,Wednesday,2026-07,13,1758,25979.013616666667
casual,electric_bike,4,Wednesday,2026-07,14,1803,26808.537583333335
casual,electric_bike,4,Wednesday,2026-07,15,2195,32757.234466666665
casual,electric_bike,4,Wednesday,2026-07,16,3409,48513.1402
casual,electric_bike,4,Wednesday,2026-07,17,4630,64558.12723333333
casual,electric_bike,4,Wednesday,2026-07,18,4371,59825.422966666665
casual,electric_bike,4,Wednesday,2026-07,19,3460,48422.90245
casual,electric_bike,4,Wednesday,2026-07,20,2826,42005.9745
casual,electric_bike,4,Wednesday,2026-07,21,2797,38055.231583333334
casual,electric_bike,4,Wednesday,2026-07,22,1859,26733.812416666668
casual,electric_bike,4,Wednesday,2026-07,23,1140,16521.690066666666
casual,electric_bike,4,Wednesday,2026-08,0,426,5367.545266666667
casual,electric_bike,4,Wednesday,2026-08,1,243,3286.1617166666665
casual,electric_bike,4,Wednesday,2026-08,2,130,2135.4206
casual,electric_bike,4,Wednesday,2026-08,3,89,1323.9816833333334
casual,electric_bike,4,Wednesday,2026-08,4,94,1022.7167666666667
casual,electric_bike,4,Wednesday,2026-08,5,286,2466.9216833333335
casual,electric_bike,4,Wednesday,2026-08,6,677,6037.029283333333
casual,electric_bike,4,Wednesday,2026-08,7,1191,11572.52775
casual,electric_bike,4,Wednesday,2026-08,8,1399,14097.617166666667
casual,electric_bike,4,Wednesday,2026-08,9,879,9790.218133333334
casual,electric_bike,4,Wednesday,2026-08,10,632,8687.52375
casual,electric_bike,4,Wednesday,2026-08,11,862,12718.522416666667
casual,electric_bike,4,Wednesday,2026-08,12,1198,18636.886166666667
casual,electric_bike,4,Wednesday,2026-08,13,1136,17084.139033333333
casual,electric_bike,4,Wednesday,2026-08,14,1220,18744.110183333334
casual,electric_bike,4,Wednesday,2026-08,15,1619,23694.032966666666
casual,electric_bike,4,Wednesday,2026-08,16,2549,36305.42651666667
casual,electric_bike,4,Wednesday,2026-08,17,3378,45648.88533333333
casual,electric_bike,4,Wednesday,2026-08,18,2857,38679.16873333333
casual,electric_bike,4,Wednesday,2026-08,19,2200,31492.098733333332
casual,electric_bike,4,Wednesday,2026-08,20,1817,25186.852966666665
casual,electric_bike,4,Wednesday,2026-08,21,1562,21218.314283333333
casual,electric_bike,4,Wednesday,2026-08,22,1110,14549.6223
casual,electric_bike,4,Wednesday,2026-08,23,615,8061.972966666666
casual,electric_bike,5,Thursday,2025-09,0,308,3742.02075
casual,electric_bike,5,Thursday,2025-09,1,187,2007.031
casual,electric_bike,5,Thursday,2025-09,2,101,1174.1788000000001
casual,electric_bike,5,Thursday,2025-09,3,57,622.16515
casual,electric_bike,5,Thursday,2025-09,4,80,666.3667
casual,electric_bike,5,Thursday,2025-09,5,138,1251.0370833333334
casual,electric_bike,5,Thursday,2025-09,6,444,4086.7898
casual,electric_bike,5,Thursday,2025-09,7,915,8790.173016666668
casual,electric_bike,5,Thursday,2025-09,8,1096,10805.282733333333
casual,electric_bike,5,Thursday,2025-09,9,725,8816.17055
casual,electric_bike,5,Thursday,2025-09,10,583,9094.25365
casual,electric_bike,5,Thursday,2025-09,11,728,12781.060616666666
casual,electric_bike,5,Thursday,2025-09,12,967,14876.7448
casual,electric_bike,5,Thursday,2025-09,13,976,16181.218083333333
casual,electric_bike,5,Thursday,2025-09,14,1140,19302.36025
casual,electric_bike,5,Thursday,2025-09,15,1360,21323.62015
casual,electric_bike,5,Thursday,2025-09,16,2001,29334.1239
casual,electric_bike,5,Thursday,2025-09,17,2672,36665.75223333333
casual,electric_bike,5,Thursday,2025-09,18,2253,29444.863
casual,electric_bike,5,Thursday,2025-09,19,1638,19765.67085
casual,electric_bike,5,Thursday,2025-09,20,970,12434.502016666667
casual,electric_bike,5,Thursday,2025-09,21,973,12284.115016666667
casual,electric_bike,5,Thursday,2025-09,22,869,10002.212533333333
casual,electric_bike,5,Thursday,2025-09,23,525,6246.590516666667
casual,electric_bike,5,Thursday,2025-10,0,299,2861.7235
casual,electric_bike,5,Thursday,2025-10,1,167,1613.1126833333333
casual,electric_bike,5,Thursday,2025-10,2,99,1020.8843166666667
casual,electric_bike,5,Thursday,2025-10,3,69,695.08555
casual,electric_bike,5,Thursday,2025-10,4,77,624.2764666666667
casual,electric_bike,5,Thursday,2025-10,5,122,857.0118166666666
casual,electric_bike,5,Thursday,2025-10,6,450,3746.7766833333335
casual,electric_bike,5,Thursday,2025-10,7,978,8232.7609
casual,electric_bike,5,Thursday,2025-10,8,1217,11724.78345
casual,electric_bike,5,Thursday,2025-10,9,857,8741.059466666668
casual,electric_bike,5,Thursday,2025-10,10,708,9247.9872
casual,electric_bike,5,Thursday,2025-10,11,787,11359.388216666666
casual,electric_bike,5,Thursday,2025-10,12,999,12686.5255
casual,electric_bike,5,Thursday,2025-10,13,1067,17048.26125
casual,electric_bike,5,Thursday,2025-10,14,1360,19964.49355
casual,electric_bike,5,Thursday,2025-10,15,1694,23366.489066666665
casual,electric_bike,5,Thursday,2025-10,16,2209,27731.608483333333
casual,electric_bike,5,Thursday,2025-10,17,2554,31395.82555
casual,electric_bike,5,Thursday,2025-10,18,2165,25674.205733333332
casual,electric_bike,5,Thursday,2025-10,19,1773,20752.008383333334
casual,electric_bike,5,Thursday,2025-10,20,1073,11148.10135
casual,electric_bike,5,Thursday,2025-10,21,884,8813.668933333332
casual,electric_bike,5,Thursday,2025-10,22,827,8771.624016666667
casual,electric_bike,5,Thursday,2025-10,23,994,11585.512733333333
casual,electric_bike,5,Thursday,2025-11,0,137,1286.1572666666666
casual,electric_bike,5,Thursday,2025-11,1,110,995.9033166666667
casual,electric_bike,5,Thursday,2025-11,2,81,718.0570166666666
casual,electric_bike,5,Thursday,2025-11,3,44,480.2110166666667
casual,electric_bike,5,Thursday,2025-11,4,43,405.11809999999997
casual,electric_bike,5,Thursday,2025-11,5,65,445.31083333333333
casual,electric_bike,5,Thursday,2025-11,6,188,1357.26305
casual,electric_bike,5,Thursday,2025-11,7,418,3182.5731
casual,electric_bike,5,Thursday,2025-11,8,574,4777.807383333334
casual,electric_bike,5,Thursday,2025-11,9,396,3570.5567166666665
casual,electric_bike,5,Thursday,2025-11,10,276,2458.6225
casual,electric_bike,5,Thursday,2025-11,11,349,3905.3265666666666
casual,electric_bike,5,Thursday,2025-11,12,448,5368.018683333334
casual,electric_bike,5,Thursday,2025-11,13,435,4707.290766666667
casual,electric_bike,5,Thursday,2025-11,14,484,5829.8084
casual,electric_bike,5,Thursday,2025-11,15,627,6835.344433333334
casual,electric_bike,5,Thursday,2025-11,16,835,8597.762883333333
casual,electric_bike,5,Thursday,2025-11,17,941,9812.917733333334
casual,electric_bike,5,Thursday,2025-11,18,687,6990.71515
casual,electric_bike,5,Thursday,2025-11,19,451,3941.4779333333336
casual,electric_bike,5,Thursday,2025-11,20,314,2913.0493666666666
casual,electric_bike,5,Thursday,2025-11,21,296,2722.80075
casual,electric_bike,5,Thursday,2025-11,22,270,2372.0705
casual,electric_bike,5,Thursday,2025-11,23,207,1868.9919666666667
casual,electric_bike,5,Thursday,2025-12,0,57,471.3899333333333
casual,electric_bike,5,Thursday,2025-12,1,31,292.67286666666666
casual,electric_bike,5,Thursday,2025-12,2,19,144.344
casual,electric_bike,5,Thursday,2025-12,3,15,136.55485
casual,electric_bike,5,Thursday,2025-12,4,16,77.33656666666667
casual,electric_bike,5,Thursday,2025-12,5,36,258.87368333333336
casual,electric_bike,5,Thursday,2025-12,6,52,482.64608333333337
casual,electric_bike,5,Thursday,2025-12,7,154,1176.4976833333333
casual,electric_bike,5,Thursday,2025-12,8,171,1427.7638333333334
casual,electric_bike,5,Thursday,2025-12,9,124,890.4323333333333
casual,electric_bike,5,Thursday,2025-12,10,96,1155.6472166666667
casual,electric_bike,5,Thursday,2025-12,11,116,1012.8137166666667
casual,electric_bike,5,Thursday,2025-12,12,156,1509.0458166666667
casual,electric_bike,5,Thursday,2025-12,13,115,1228.2683333333334
casual,electric_bike,5,Thursday,2025-12,14,150,1663.8046666666667
casual,electric_bike,5,Thursday,2025-12,15,170,1636.5097
casual,electric_bike,5,Thursday,2025-12,16,275,2556.1716499999998
casual,electric_bike,5,Thursday,2025-12,17,283,2836.2326333333335
casual,electric_bike,5,Thursday,2025-12,18,177,1708.2704
casual,electric_bike,5,Thursday,2025-12,19,159,1377.1942833333333
casual,electric_bike,5,Thursday,2025-12,20,110,943.0917333333333
casual,electric_bike,5,Thursday,2025-12,21,86,755.9831833333334
casual,electric_bike,5,Thursday,2025-12,22,79,646.5740166666667
casual,electric_bike,5,Thursday,2025-12,23,75,767.3191666666667
casual,electric_bike,5,Thursday,2026-01,0,69,630.4307
casual,electric_bike,5,Thursday,2026-01,1,74,766.0887833333334
casual,electric_bike,5,Thursday,2026-01,2,70,767.9295
casual,electric_bike,5,Thursday,2026-01,3,15,93.92756666666666
casual,electric_bike,5,Thursday,2026-01,4,21,176.64586666666665
casual,electric_bike,5,Thursday,2026-01,5,42,267.00141666666667
casual,electric_bike,5,Thursday,2026-01,6,92,596.55265
casual,electric_bike,5,Thursday,2026-01,7,192,1497.0601666666666
casual,electric_bike,5,Thursday,2026-01,8,266,2162.7302666666665
casual,electric_bike,5,Thursday,2026-01,9,164,1302.5121666666666
casual,electric_bike,5,Thursday,2026-01,10,115,831.7058666666667
casual,electric_bike,5,Thursday,2026-01,11,117,979.9292
casual,electric_bike,5,Thursday,2026-01,12,165,1434.215
casual,electric_bike,5,Thursday,2026-01,13,152,1403.6285833333334
casual,electric_bike,5,Thursday,2026-01,14,183,2087.62675
casual,electric_bike,5,Thursday,2026-01,15,208,1988.4074833333334
casual,electric_bike,5,Thursday,2026-01,16,305,2433.204816666667
casual,electric_bike,5,Thursday,2026-01,17,230,1924.1096666666667
casual,electric_bike,5,Thursday,2026-01,18,141,1070.3507833333333
casual,electric_bike,5,Thursday,2026-01,19,95,693.3039666666667
casual,electric_bike,5,Thursday,2026-01,20,77,616.2103333333333
casual,electric_bike,5,Thursday,2026-01,21,67,471.50345
casual,electric_bike,5,Thursday,2026-01,22,57,572.1585333333334
casual,electric_bike,5,Thursday,2026-01,23,51,549.7599166666666
casual,electric_bike,5,Thursday,2026-02,0,50,453.38545
casual,electric_bike,5,Thursday,2026-02,1,35,245.89341666666667
casual,electric_bike,5,Thursday,2026-02,2,14,187.37488333333334
casual,electric_bike,5,Thursday,2026-02,3,9,64.08021666666667
casual,electric_bike,5,Thursday,2026-02,4,24,185.67203333333333
casual,electric_bike,5,Thursday,2026-02,5,48,328.84145
casual,electric_bike,5,Thursday,2026-02,6,108,664.05695
casual,electric_bike,5,Thursday,2026-02,7,252,1945.6586166666666
casual,electric_bike,5,Thursday,2026-02,8,321,2487.2384833333335
casual,electric_bike,5,Thursday,2026-02,9,202,1328.7852166666667
casual,electric_bike,5,Thursday,2026-02,10,121,961.9087666666667
casual,electric_bike,5,Thursday,2026-02,11,145,1233.9777666666666
casual,electric_bike,5,Thursday,2026-02,12,215,2479.3678333333332
casual,electric_bike,5,Thursday,2026-02,13,222,2099.65555
casual,electric_bike,5,Thursday,2026-02,14,242,2563.5526833333333
casual,electric_bike,5,Thursday,2026-02,15,288,2727.0646333333334
casual,electric_bike,5,Thursday,2026-02,16,405,3935.971633333333
casual,electric_bike,5,Thursday,2026-02,17,467,4440.235966666667
casual,electric_bike,5,Thursday,2026-02,18,317,2673.86025
casual,electric_bike,5,Thursday,2026-02,19,178,1612.1253333333334
casual,electric_bike,5,Thursday,2026-02,20,148,1240.2113666666667
casual,electric_bike,5,Thursday,2026-02,21,154,1504.9543833333332
casual,electric_bike,5,Thursday,2026-02,22,109,869.7481
casual,electric_bike,5,Thursday,2026-02,23,74,589.4664666666666
casual,electric_bike,5,Thursday,2026-03,0,91,956.4078000000001
casual,electric_bike,5,Thursday,2026-03,1,53,538.4703833333333
casual,electric_bike,5,Thursday,2026-03,2,36,339.20256666666666
casual,electric_bike,5,Thursday,2026-03,3,26,333.8406166666667
casual,electric_bike,5,Thursday,2026-03,4,40,250.05688333333333
casual,electric_bike,5,Thursday,2026-03,5,50,318.13365
casual,electric_bike,5,Thursday,2026-03,6,137,930.8833833333333
casual,electric_bike,5,Thursday,2026-03,7,321,2732.554183333333
casual,electric_bike,5,Thursday,2026-03,8,531,4597.246933333333
casual,electric_bike,5,Thursday,2026-03,9,296,2624.1070666666665
casual,electric_bike,5,Thursday,2026-03,10,240,2428.94395
casual,electric_bike,5,Thursday,2026-03,11,377,4677.3355833333335
casual,electric_bike,5,Thursday,2026-03,12,399,4569.2409333333335
casual,electric_bike,5,Thursday,2026-03,13,408,5061.20025
casual,electric_bike,5,Thursday,2026-03,14,384,4309.982283333334
casual,electric_bike,5,Thursday,2026-03,15,504,5482.7177833333335
casual,electric_bike,5,Thursday,2026-03,16,661,7169.774183333333
casual,electric_bike,5,Thursday,2026-03,17,661,7166.869366666667
casual,electric_bike,5,Thursday,2026-03,18,474,4642.5842
casual,electric_bike,5,Thursday,2026-03,19,312,3125.917033333333
casual,electric_bike,5,Thursday,2026-03,20,236,2449.9036833333334
casual,electric_bike,5,Thursday,2026-03,21,226,2256.6088666666665
casual,electric_bike,5,Thursday,2026-03,22,202,2432.44865
casual,electric_bike,5,Thursday,2026-03,23,151,1921.1264833333335
casual,electric_bike,5,Thursday,2026-04,0,160,1468.29925
casual,electric_bike,5,Thursday,2026-04,1,97,1216.9808333333333
casual,electric_bike,5,Thursday,2026-04,2,42,330.6688
casual,electric_bike,5,Thursday,2026-04,3,39,349.3048
casual,electric_bike,5,Thursday,2026-04,4,50,511.97538333333335
casual,electric_bike,5,Thursday,2026-04,5,104,746.2301666666667
casual,electric_bike,5,Thursday,2026-04,6,299,2532.3058
casual,electric_bike,5,Thursday,2026-04,7,584,5418.4239
casual,electric_bike,5,Thursday,2026-04,8,906,8875.28065
casual,electric_bike,5,Thursday,2026-04,9,602,6293.4670166666665
casual,electric_bike,5,Thursday,2026-04,10,510,7865.42125
casual,electric_bike,5,Thursday,2026-04,11,674,9725.818866666667
casual,electric_bike,5,Thursday,2026-04,12,793,11138.993183333334
casual,electric_bike,5,Thursday,2026-04,13,776,11274.6178
casual,electric_bike,5,Thursday,2026-04,14,881,12335.03325
casual,electric_bike,5,Thursday,2026-04,15,1172,16317.067416666667
casual,electric_bike,5,Thursday,2026-04,16,1721,25327.366516666665
casual,electric_bike,5,Thursday,2026-04,17,2071,27359.31865
casual,electric_bike,5,Thursday,2026-04,18,1620,21401.6237
casual,electric_bike,5,Thursday,2026-04,19,1008,12952.262083333333
casual,electric_bike,5,Thursday,2026-04,20,738,8191.2153499999995
casual,electric_bike,5,Thursday,2026-04,21,523,6105.058333333333
casual,electric_bike,5,Thursday,2026-04,22,476,6237.19885
casual,electric_bike,5,Thursday,2026-04,23,337,4346.657516666666
casual,electric_bike,5,Thursday,2026-05,0,242,2468.6549666666665
casual,electric_bike,5,Thursday,2026-05,1,145,1477.95275
casual,electric_bike,5,Thursday,2026-05,2,81,944.9574
casual,electric_bike,5,Thursday,2026-05,3,72,905.5193333333333
casual,electric_bike,5,Thursday,2026-05,4,48,414.6372666666667
casual,electric_bike,5,Thursday,2026-05,5,153,1413.8716666666667
casual,electric_bike,5,Thursday,2026-05,6,284,2360.7894666666666
casual,electric_bike,5,Thursday,2026-05,7,701,6148.6615
casual,electric_bike,5,Thursday,2026-05,8,887,8600.718233333333
casual,electric_bike,5,Thursday,2026-05,9,601,6105.695916666667
casual,electric_bike,5,Thursday,2026-05,10,468,5906.831883333333
casual,electric_bike,5,Thursday,2026-05,11,641,8962.8671
casual,electric_bike,5,Thursday,2026-05,12,792,10917.66845
casual,electric_bike,5,Thursday,2026-05,13,943,13774.695066666667
casual,electric_bike,5,Thursday,2026-05,14,921,13402.657416666667
casual,electric_bike,5,Thursday,2026-05,15,1121,16052.52435
casual,electric_bike,5,Thursday,2026-05,16,1671,23992.076333333334
casual,electric_bike,5,Thursday,2026-05,17,1974,26037.2765
casual,electric_bike,5,Thursday,2026-05,18,1725,21373.525833333333
casual,electric_bike,5,Thursday,2026-05,19,1383,16993.75573333333
casual,electric_bike,5,Thursday,2026-05,20,991,10956.081766666666
casual,electric_bike,5,Thursday,2026-05,21,719,7842.7028
casual,electric_bike,5,Thursday,2026-05,22,560,6042.962533333333
casual,electric_bike,5,Thursday,2026-05,23,385,4269.9736
casual,electric_bike,5,Thursday,2026-06,0,298,3968.102733333333
casual,electric_bike,5,Thursday,2026-06,1,142,1892.8749166666666
casual,electric_bike,5,Thursday,2026-06,2,95,1025.0289333333333
casual,electric_bike,5,Thursday,2026-06,3,56,541.4610666666666
casual,electric_bike,5,Thursday,2026-06,4,92,1028.63175
casual,electric_bike,5,Thursday,2026-06,5,228,2572.2312833333335
casual,electric_bike,5,Thursday,2026-06,6,455,4105.04135
casual,electric_bike,5,Thursday,2026-06,7,863,9259.580716666667
casual,electric_bike,5,Thursday,2026-06,8,1179,13508.834683333333
casual,electric_bike,5,Thursday,2026-06,9,740,9338.073183333334
casual,electric_bike,5,Thursday,2026-06,10,688,11868.72625
casual,electric_bike,5,Thursday,2026-06,11,883,14174.584366666666
casual,electric_bike,5,Thursday,2026-06,12,1119,18056.98135
casual,electric_bike,5,Thursday,2026-06,13,1352,21966.565483333332
casual,electric_bike,5,Thursday,2026-06,14,1208,20831.63755
casual,electric_bike,5,Thursday,2026-06,15,1489,24641.0239
casual,electric_bike,5,Thursday,2026-06,16,2241,32823.229616666664
casual,electric_bike,5,Thursday,2026-06,17,2964,42393.844816666664
casual,electric_bike,5,Thursday,2026-06,18,2645,37934.55243333333
casual,electric_bike,5,Thursday,2026-06,19,2017,28833.778299999998
casual,electric_bike,5,Thursday,2026-06,20,1573,21090.322733333334
casual,electric_bike,5,Thursday,2026-06,21,1259,16318.897233333333
casual,electric_bike,5,Thursday,2026-06,22,1096,13762.2403
casual,electric_bike,5,Thursday,2026-06,23,884,10843.910283333333
casual,electric_bike,5,Thursday,2026-07,0,638,8907.191933333334
casual,electric_bike,5,Thursday,2026-07,1,344,5102.201216666666
casual,electric_bike,5,Thursday,2026-07,2,219,3213.7789333333335
casual,electric_bike,5,Thursday,2026-07,3,127,1499.3635333333334
casual,electric_bike,5,Thursday,2026-07,4,129,1366.22565
casual,electric_bike,5,Thursday,2026-07,5,326,3220.8303333333333
casual,electric_bike,5,Thursday,2026-07,6,698,5883.701316666667
casual,electric_bike,5,Thursday,2026-07,7,1206,11841.3398
casual,electric_bike,5,Thursday,2026-07,8,1602,16894.91845
casual,electric_bike,5,Thursday,2026-07,9,1096,13652.482466666666
casual,electric_bike,5,Thursday,2026-07,10,1072,17706.500933333333
casual,electric_bike,5,Thursday,2026-07,11,1360,22235.7859
casual,electric_bike,5,Thursday,2026-07,12,1698,26363.166616666666
casual,electric_bike,5,Thursday,2026-07,13,1748,29311.861
casual,electric_bike,5,Thursday,2026-07,14,2036,33543.48295
casual,electric_bike,5,Thursday,2026-07,15,2372,36466.74691666666
casual,electric_bike,5,Thursday,2026-07,16,3247,46173.732033333334
casual,electric_bike,5,Thursday,2026-07,17,3933,54001.25541666667
casual,electric_bike,5,Thursday,2026-07,18,3512,47441.58881666667
casual,electric_bike,5,Thursday,2026-07,19,2880,39366.23796666667
casual,electric_bike,5,Thursday,2026-07,20,2402,33185.10925
casual,electric_bike,5,Thursday,2026-07,21,1747,23273.308333333334
casual,electric_bike,5,Thursday,2026-07,22,1642,22279.054416666666
casual,electric_bike,5,Thursday,2026-07,23,840,10485.771616666667
casual,electric_bike,5,Thursday,2026-08,0,497,6148.49175
casual,electric_bike,5,Thursday,2026-08,1,293,3540.0605
casual,electric_bike,5,Thursday,2026-08,2,161,1964.16605
casual,electric_bike,5,Thursday,2026-08,3,89,1150.2630666666666
casual,electric_bike,5,Thursday,2026-08,4,110,1086.0253833333334
casual,electric_bike,5,Thursday,2026-08,5,273,2395.78575
casual,electric_bike,5,Thursday,2026-08,6,625,5375.704816666666
casual,electric_bike,5,Thursday,2026-08,7,1085,10188.921733333333
casual,electric_bike,5,Thursday,2026-08,8,1394,14142.411033333334
casual,electric_bike,5,Thursday,2026-08,9,896,11087.620183333333
casual,electric_bike,5,Thursday,2026-08,10,912,14763.17425
casual,electric_bike,5,Thursday,2026-08,11,1014,16884.496333333333
casual,electric_bike,5,Thursday,2026-08,12,1335,21511.290566666667
casual,electric_bike,5,Thursday,2026-08,13,1288,20648.142233333332
casual,electric_bike,5,Thursday,2026-08,14,1237,19954.067516666666
casual,electric_bike,5,Thursday,2026-08,15,1657,24173.6612
casual,electric_bike,5,Thursday,2026-08,16,2287,32781.15278333333
casual,electric_bike,5,Thursday,2026-08,17,3321,46130.17796666667
casual,electric_bike,5,Thursday,2026-08,18,2918,40460.69741666667
casual,electric_bike,5,Thursday,2026-08,19,2287,33420.46925
casual,electric_bike,5,Thursday,2026-08,20,1769,23213.787666666667
casual,electric_bike,5,Thursday,2026-08,21,1401,18120.9792
casual,electric_bike,5,Thursday,2026-08,22,1241,17291.572416666666
casual,electric_bike,5,Thursday,2026-08,23,909,11433.430383333332
casual,electric_bike,6,Friday,2025-09,0,442,4918.5361
casual,electric_bike,6,Friday,2025-09,1,258,2902.8900333333336
casual,electric_bike,6,Friday,2025-09,2,145,1576.5590833333333
casual,electric_bike,6,Friday,2025-09,3,117,1373.60645
casual,electric_bike,6,Friday,2025-09,4,98,830.0251666666667
casual,electric_bike,6,Friday,2025-09,5,128,1500.3429333333333
casual,electric_bike,6,Friday,2025-09,6,439,4018.73965
casual,electric_bike,6,Friday,2025-09,7,702,6894.370983333333
casual,electric_bike,6,Friday,2025-09,8,860,9160.736733333333
casual,electric_bike,6,Friday,2025-09,9,764,10305.219
casual,electric_bike,6,Friday,2025-09,10,868,15635.810950000001
casual,electric_bike,6,Friday,2025-09,11,1157,21881.175066666667
casual,electric_bike,6,Friday,2025-09,12,1477,25923.43605
casual,electric_bike,6,Friday,2025-09,13,1523,24778.948533333332
casual,electric_bike,6,Friday,2025-09,14,1512,27251.584666666666
casual,electric_bike,6,Friday,2025-09,15,1812,30515.698783333333
casual,electric_bike,6,Friday,2025-09,16,2361,36238.41306666667
casual,electric_bike,6,Friday,2025-09,17,2589,38263.29241666666
casual,electric_bike,6,Friday,2025-09,18,2325,33110.72938333333
casual,electric_bike,6,Friday,2025-09,19,1692,23101.214016666665
casual,electric_bike,6,Friday,2025-09,20,1121,14502.557833333334
casual,electric_bike,6,Friday,2025-09,21,1037,15049.8691
casual,electric_bike,6,Friday,2025-09,22,1103,16293.226616666667
casual,electric_bike,6,Friday,2025-09,23,1007,14086.967133333334
casual,electric_bike,6,Friday,2025-10,0,541,5716.381083333334
casual,electric_bike,6,Friday,2025-10,1,280,2894.412083333333
casual,electric_bike,6,Friday,2025-10,2,187,1759.6521166666666
casual,electric_bike,6,Friday,2025-10,3,97,843.5970166666666
casual,electric_bike,6,Friday,2025-10,4,120,1134.01655
casual,electric_bike,6,Friday,2025-10,5,129,1286.2515833333332
casual,electric_bike,6,Friday,2025-10,6,402,3633.22665
casual,electric_bike,6,Friday,2025-10,7,761,7325.5459
casual,electric_bike,6,Friday,2025-10,8,939,9792.745083333333
casual,electric_bike,6,Friday,2025-10,9,876,9640.036516666667
casual,electric_bike,6,Friday,2025-10,10,920,14255.820833333333
casual,electric_bike,6,Friday,2025-10,11,1192,21142.887283333333
casual,electric_bike,6,Friday,2025-10,12,1483,24095.981366666667
casual,electric_bike,6,Friday,2025-10,13,1690,26869.374733333334
casual,electric_bike,6,Friday,2025-10,14,1689,26628.823666666667
casual,electric_bike,6,Friday,2025-10,15,2183,33709.37476666667
casual,electric_bike,6,Friday,2025-10,16,2292,32951.172966666665
casual,electric_bike,6,Friday,2025-10,17,2574,34738.325749999996
casual,electric_bike,6,Friday,2025-10,18,2060,26895.62855
casual,electric_bike,6,Friday,2025-10,19,1487,16999.9412
casual,electric_bike,6,Friday,2025-10,20,1111,13354.4455
casual,electric_bike,6,Friday,2025-10,21,1049,13180.689166666667
casual,electric_bike,6,Friday,2025-10,22,1033,13036.560916666667
casual,electric_bike,6,Friday,2025-10,23,949,11344.4483
casual,electric_bike,6,Friday,2025-11,0,171,1499.9338666666667
casual,electric_bike,6,Friday,2025-11,1,98,751.1681833333333
casual,electric_bike,6,Friday,2025-11,2,66,658.1910333333333
casual,electric_bike,6,Friday,2025-11,3,40,393.67591666666664
casual,electric_bike,6,Friday,2025-11,4,64,499.54175
casual,electric_bike,6,Friday,2025-11,5,65,539.6043833333333
casual,electric_bike,6,Friday,2025-11,6,210,1681.2045166666667
casual,electric_bike,6,Friday,2025-11,7,345,3009.40545
casual,electric_bike,6,Friday,2025-11,8,438,3974.1685666666667
casual,electric_bike,6,Friday,2025-11,9,385,3713.5469333333335
casual,electric_bike,6,Friday,2025-11,10,391,5056.1893
casual,electric_bike,6,Friday,2025-11,11,564,7506.126533333333
casual,electric_bike,6,Friday,2025-11,12,630,8668.306983333334
casual,electric_bike,6,Friday,2025-11,13,706,10448.4166
casual,electric_bike,6,Friday,2025-11,14,792,10906.824816666667
casual,electric_bike,6,Friday,2025-11,15,945,12271.446016666667
casual,electric_bike,6,Friday,2025-11,16,1010,12871.411033333334
casual,electric_bike,6,Friday,2025-11,17,980,11460.740183333333
casual,electric_bike,6,Friday,2025-11,18,810,9017.70665
casual,electric_bike,6,Friday,2025-11,19,632,6918.64045
casual,electric_bike,6,Friday,2025-11,20,388,4749.058333333333
casual,electric_bike,6,Friday,2025-11,21,358,3822.53175
casual,electric_bike,6,Friday,2025-11,22,392,3963.0885
casual,electric_bike,6,Friday,2025-11,23,419,4522.09735
casual,electric_bike,6,Friday,2025-12,0,51,372.53675
casual,electric_bike,6,Friday,2025-12,1,27,215.21965
casual,electric_bike,6,Friday,2025-12,2,28,223.98000000000002
casual,electric_bike,6,Friday,2025-12,3,13,114.86665
casual,electric_bike,6,Friday,2025-12,4,21,150.5307
casual,electric_bike,6,Friday,2025-12,5,33,220.55896666666666
casual,electric_bike,6,Friday,2025-12,6,76,502.0682333333333
casual,electric_bike,6,Friday,2025-12,7,113,833.1146833333333
casual,electric_bike,6,Friday,2025-12,8,98,947.4322166666667
casual,electric_bike,6,Friday,2025-12,9,124,1118.5189833333334
casual,electric_bike,6,Friday,2025-12,10,102,908.4455166666667
casual,electric_bike,6,Friday,2025-12,11,142,1125.51415
casual,electric_bike,6,Friday,2025-12,12,185,1716.0801999999999
casual,electric_bike,6,Friday,2025-12,13,197,1821.5379
casual,electric_bike,6,Friday,2025-12,14,242,2659.2512166666666
casual,electric_bike,6,Friday,2025-12,15,238,2497.604333333333
casual,electric_bike,6,Friday,2025-12,16,280,2905.86845
casual,electric_bike,6,Friday,2025-12,17,251,2536.27425
casual,electric_bike,6,Friday,2025-12,18,203,1996.1775833333334
casual,electric_bike,6,Friday,2025-12,19,173,1956.0509333333334
casual,electric_bike,6,Friday,2025-12,20,103,951.9670166666667
casual,electric_bike,6,Friday,2025-12,21,116,1307.1326999999999
casual,electric_bike,6,Friday,2025-12,22,84,584.3030666666666
casual,electric_bike,6,Friday,2025-12,23,110,896.9332666666667
casual,electric_bike,6,Friday,2026-01,0,39,396.87935
casual,electric_bike,6,Friday,2026-01,1,25,272.11375
casual,electric_bike,6,Friday,2026-01,2,20,146.43533333333335
casual,electric_bike,6,Friday,2026-01,3,11,166.67818333333332
casual,electric_bike,6,Friday,2026-01,4,14,111.63406666666667
casual,electric_bike,6,Friday,2026-01,5,38,264.25781666666666
casual,electric_bike,6,Friday,2026-01,6,63,375.82236666666665
casual,electric_bike,6,Friday,2026-01,7,93,634.3456
casual,electric_bike,6,Friday,2026-01,8,105,870.9260833333334
casual,electric_bike,6,Friday,2026-01,9,116,942.5260666666667
casual,electric_bike,6,Friday,2026-01,10,94,784.4958166666667
casual,electric_bike,6,Friday,2026-01,11,108,1067.6394333333333
casual,electric_bike,6,Friday,2026-01,12,134,1291.26105
casual,electric_bike,6,Friday,2026-01,13,145,1469.5224
casual,electric_bike,6,Friday,2026-01,14,187,1870.2290833333334
casual,electric_bike,6,Friday,2026-01,15,242,2707.2582833333336
casual,electric_bike,6,Friday,2026-01,16,268,2782.4779166666667
casual,electric_bike,6,Friday,2026-01,17,256,2312.2291
casual,electric_bike,6,Friday,2026-01,18,196,1827.6356666666666
casual,electric_bike,6,Friday,2026-01,19,173,1537.6361166666666
casual,electric_bike,6,Friday,2026-01,20,94,880.23435
casual,electric_bike,6,Friday,2026-01,21,110,1214.9897166666667
casual,electric_bike,6,Friday,2026-01,22,108,1130.6405166666666
casual,electric_bike,6,Friday,2026-01,23,93,826.4077666666667
casual,electric_bike,6,Friday,2026-02,0,63,485.4694333333333
casual,electric_bike,6,Friday,2026-02,1,36,337.0806333333333
casual,electric_bike,6,Friday,2026-02,2,31,338.8240833333333
casual,electric_bike,6,Friday,2026-02,3,15,130.7656166666667
casual,electric_bike,6,Friday,2026-02,4,25,169.87928333333335
casual,electric_bike,6,Friday,2026-02,5,36,307.42655
casual,electric_bike,6,Friday,2026-02,6,80,567.5618166666667
casual,electric_bike,6,Friday,2026-02,7,173,1276.2936
casual,electric_bike,6,Friday,2026-02,8,218,1729.52525
casual,electric_bike,6,Friday,2026-02,9,149,1270.9308833333334
casual,electric_bike,6,Friday,2026-02,10,166,1533.0412333333334
casual,electric_bike,6,Friday,2026-02,11,207,1947.6735166666667
casual,electric_bike,6,Friday,2026-02,12,271,3327.3578333333335
casual,electric_bike,6,Friday,2026-02,13,336,3881.9244833333332
casual,electric_bike,6,Friday,2026-02,14,394,5269.9039
casual,electric_bike,6,Friday,2026-02,15,471,6864.850783333333
casual,electric_bike,6,Friday,2026-02,16,627,8342.8686
casual,electric_bike,6,Friday,2026-02,17,626,8151.64075
casual,electric_bike,6,Friday,2026-02,18,488,5316.7149
casual,electric_bike,6,Friday,2026-02,19,302,3316.9314
casual,electric_bike,6,Friday,2026-02,20,180,1784.0892333333334
casual,electric_bike,6,Friday,2026-02,21,181,1684.8184166666667
casual,electric_bike,6,Friday,2026-02,22,169,2091.18465
casual,electric_bike,6,Friday,2026-02,23,177,2180.0778833333334
casual,electric_bike,6,Friday,2026-03,0,147,1473.268
casual,electric_bike,6,Friday,2026-03,1,66,880.97105
casual,electric_bike,6,Friday,2026-03,2,36,319.89535
casual,electric_bike,6,Friday,2026-03,3,18,178.66658333333334
casual,electric_bike,6,Friday,2026-03,4,34,268.13048333333336
casual,electric_bike,6,Friday,2026-03,5,56,393.0937
casual,electric_bike,6,Friday,2026-03,6,149,1133.9770333333333
casual,electric_bike,6,Friday,2026-03,7,254,1955.9782833333334
casual,electric_bike,6,Friday,2026-03,8,331,2660.7424166666665
casual,electric_bike,6,Friday,2026-03,9,241,2551.1554
casual,electric_bike,6,Friday,2026-03,10,233,2826.3391833333335
casual,electric_bike,6,Friday,2026-03,11,302,3737.7329833333333
casual,electric_bike,6,Friday,2026-03,12,340,4102.808333333333
casual,electric_bike,6,Friday,2026-03,13,445,5779.6413
casual,electric_bike,6,Friday,2026-03,14,595,8582.485433333333
casual,electric_bike,6,Friday,2026-03,15,649,8577.54645
casual,electric_bike,6,Friday,2026-03,16,711,8505.0019
casual,electric_bike,6,Friday,2026-03,17,889,10589.635033333334
casual,electric_bike,6,Friday,2026-03,18,676,7643.334883333333
casual,electric_bike,6,Friday,2026-03,19,448,5187.157516666667
casual,electric_bike,6,Friday,2026-03,20,300,3454.5154333333335
casual,electric_bike,6,Friday,2026-03,21,284,3276.4539
casual,electric_bike,6,Friday,2026-03,22,346,3484.417733333333
casual,electric_bike,6,Friday,2026-03,23,319,3463.4477
casual,electric_bike,6,Friday,2026-04,0,259,3173.500466666667
casual,electric_bike,6,Friday,2026-04,1,155,1695.4365333333333
casual,electric_bike,6,Friday,2026-04,2,92,1021.5593666666666
casual,electric_bike,6,Friday,2026-04,3,45,520.7790166666666
casual,electric_bike,6,Friday,2026-04,4,59,499.34316666666666
casual,electric_bike,6,Friday,2026-04,5,80,635.4593166666666
casual,electric_bike,6,Friday,2026-04,6,244,2014.8662666666667
casual,electric_bike,6,Friday,2026-04,7,384,3319.06585
casual,electric_bike,6,Friday,2026-04,8,516,5244.94805
casual,electric_bike,6,Friday,2026-04,9,444,5219.05025
casual,electric_bike,6,Friday,2026-04,10,569,8284.810316666666
casual,electric_bike,6,Friday,2026-04,11,757,11581.712866666667
casual,electric_bike,6,Friday,2026-04,12,920,13534.9722
casual,electric_bike,6,Friday,2026-04,13,979,13037.6157
casual,electric_bike,6,Friday,2026-04,14,1025,15832.10205
casual,electric_bike,6,Friday,2026-04,15,1221,18798.222766666666
casual,electric_bike,6,Friday,2026-04,16,1578,22193.602183333333
casual,electric_bike,6,Friday,2026-04,17,1567,21235.066666666666
casual,electric_bike,6,Friday,2026-04,18,1352,18312.904683333334
casual,electric_bike,6,Friday,2026-04,19,1010,12375.735983333334
casual,electric_bike,6,Friday,2026-04,20,670,8099.05515
casual,electric_bike,6,Friday,2026-04,21,394,4827.742466666667
casual,electric_bike,6,Friday,2026-04,22,372,4520.012566666666
casual,electric_bike,6,Friday,2026-04,23,290,2831.1006
casual,electric_bike,6,Friday,2026-05,0,365,3657.9092
casual,electric_bike,6,Friday,2026-05,1,260,2958.51
casual,electric_bike,6,Friday,2026-05,2,143,1711.4986666666666
casual,electric_bike,6,Friday,2026-05,3,64,574.2181666666667
casual,electric_bike,6,Friday,2026-05,4,84,781.6729666666666
casual,electric_bike,6,Friday,2026-05,5,181,1726.4034166666665
casual,electric_bike,6,Friday,2026-05,6,365,3128.20325
casual,electric_bike,6,Friday,2026-05,7,679,6531.963933333333
casual,electric_bike,6,Friday,2026-05,8,861,8703.527233333334
casual,electric_bike,6,Friday,2026-05,9,696,8426.79585
casual,electric_bike,6,Friday,2026-05,10,804,12489.667483333333
casual,electric_bike,6,Friday,2026-05,11,1124,17173.19115
casual,electric_bike,6,Friday,2026-05,12,1487,23573.928783333333
casual,electric_bike,6,Friday,2026-05,13,1607,25799.2569
casual,electric_bike,6,Friday,2026-05,14,1786,28700.74018333333
casual,electric_bike,6,Friday,2026-05,15,2030,30603.64605
casual,electric_bike,6,Friday,2026-05,16,2743,40190.49943333333
casual,electric_bike,6,Friday,2026-05,17,2715,39885.43146666667
casual,electric_bike,6,Friday,2026-05,18,2373,34541.972616666666
casual,electric_bike,6,Friday,2026-05,19,1880,27252.446416666666
casual,electric_bike,6,Friday,2026-05,20,1245,17497.264266666665
casual,electric_bike,6,Friday,2026-05,21,1107,14439.054583333333
casual,electric_bike,6,Friday,2026-05,22,1036,14400.913183333334
casual,electric_bike,6,Friday,2026-05,23,856,11317.85345
casual,electric_bike,6,Friday,2026-06,0,844,10707.959533333333
casual,electric_bike,6,Friday,2026-06,1,623,7751.2737
casual,electric_bike,6,Friday,2026-06,2,287,3555.339
casual,electric_bike,6,Friday,2026-06,3,127,1635.3608166666668
casual,electric_bike,6,Friday,2026-06,4,141,1783.0291166666666
casual,electric_bike,6,Friday,2026-06,5,255,2882.1765666666665
casual,electric_bike,6,Friday,2026-06,6,508,5593.727666666667
casual,electric_bike,6,Friday,2026-06,7,771,8814.461066666667
casual,electric_bike,6,Friday,2026-06,8,939,11284.553516666667
casual,electric_bike,6,Friday,2026-06,9,945,14419.381666666666
casual,electric_bike,6,Friday,2026-06,10,1039,20421.034216666667
casual,electric_bike,6,Friday,2026-06,11,1539,30215.680516666667
casual,electric_bike,6,Friday,2026-06,12,1940,34165.66136666667
casual,electric_bike,6,Friday,2026-06,13,2133,36033.00958333333
casual,electric_bike,6,Friday,2026-06,14,1964,34229.374683333335
casual,electric_bike,6,Friday,2026-06,15,2092,35774.67588333333
casual,electric_bike,6,Friday,2026-06,16,3044,50855.45196666667
casual,electric_bike,6,Friday,2026-06,17,3314,50711.15715
casual,electric_bike,6,Friday,2026-06,18,2978,46146.53136666667
casual,electric_bike,6,Friday,2026-06,19,2454,38711.086533333335
casual,electric_bike,6,Friday,2026-06,20,1708,24892.543916666666
casual,electric_bike,6,Friday,2026-06,21,1373,19449.343066666668
casual,electric_bike,6,Friday,2026-06,22,1717,25686.945583333334
casual,electric_bike,6,Friday,2026-06,23,1755,27047.372
casual,electric_bike,6,Friday,2026-07,0,685,8311.09845
casual,electric_bike,6,Friday,2026-07,1,486,5673.5865
casual,electric_bike,6,Friday,2026-07,2,290,3975.0995166666667
casual,electric_bike,6,Friday,2026-07,3,188,2598.5446
casual,electric_bike,6,Friday,2026-07,4,149,2115.911016666667
casual,electric_bike,6,Friday,2026-07,5,324,3664.73325
casual,electric_bike,6,Friday,2026-07,6,682,6630.002466666667
casual,electric_bike,6,Friday,2026-07,7,978,10852.597133333333
casual,electric_bike,6,Friday,2026-07,8,1337,15906.08445
casual,electric_bike,6,Friday,2026-07,9,1259,18768.156233333335
casual,electric_bike,6,Friday,2026-07,10,1540,28801.8847
casual,electric_bike,6,Friday,2026-07,11,2209,42294.06836666667
casual,electric_bike,6,Friday,2026-07,12,2690,48937.27335
casual,electric_bike,6,Friday,2026-07,13,2450,41249.68656666666
casual,electric_bike,6,Friday,2026-07,14,2306,40058.17686666667
casual,electric_bike,6,Friday,2026-07,15,2433,38616.26428333333
casual,electric_bike,6,Friday,2026-07,16,3143,49662.35981666666
casual,electric_bike,6,Friday,2026-07,17,3614,53349.3456
casual,electric_bike,6,Friday,2026-07,18,3526,51923.26875
casual,electric_bike,6,Friday,2026-07,19,2794,39824.237916666665
casual,electric_bike,6,Friday,2026-07,20,2617,39471.84285
casual,electric_bike,6,Friday,2026-07,21,2135,30091.792716666667
casual,electric_bike,6,Friday,2026-07,22,2193,32629.412716666666
casual,electric_bike,6,Friday,2026-07,23,1519,21589.80215
casual,electric_bike,6,Friday,2026-08,0,784,9568.4156
casual,electric_bike,6,Friday,2026-08,1,468,5613.713033333333
casual,electric_bike,6,Friday,2026-08,2,252,3386.0699833333333
casual,electric_bike,6,Friday,2026-08,3,158,2010.2352166666667
casual,electric_bike,6,Friday,2026-08,4,129,1459.2593
casual,electric_bike,6,Friday,2026-08,5,346,4043.2085166666666
casual,electric_bike,6,Friday,2026-08,6,663,7057.599916666667
casual,electric_bike,6,Friday,2026-08,7,986,10632.455266666666
casual,electric_bike,6,Friday,2026-08,8,1255,14139.0622
casual,electric_bike,6,Friday,2026-08,9,1051,14703.592766666667
casual,electric_bike,6,Friday,2026-08,10,1287,22827.716183333334
casual,electric_bike,6,Friday,2026-08,11,1737,30851.2967
casual,electric_bike,6,Friday,2026-08,12,2205,40618.77271666667
casual,electric_bike,6,Friday,2026-08,13,2345,40204.86753333333
casual,electric_bike,6,Friday,2026-08,14,2422,43409.56286666667
casual,electric_bike,6,Friday,2026-08,15,2884,49848.391566666665
casual,electric_bike,6,Friday,2026-08,16,3568,59033.188533333334
casual,electric_bike,6,Friday,2026-08,17,3794,59251.113816666664
casual,electric_bike,6,Friday,2026-08,18,3530,53500.009333333335
casual,electric_bike,6,Friday,2026-08,19,2766,39728.4547
casual,electric_bike,6,Friday,2026-08,20,2022,29451.695
casual,electric_bike,6,Friday,2026-08,21,1749,23379.169783333335
casual,electric_bike,6,Friday,2026-08,22,1785,26561.7757
casual,electric_bike,6,Friday,2026-08,23,1546,22495.697316666665
casual,electric_bike,7,Saturday,2025-09,0,958,10989.028116666666
casual,electric_bike,7,Saturday,2025-09,1,644,7218.873566666667
casual,electric_bike,7,Saturday,2025-09,2,451,5650.418383333334
casual,electric_bike,7,Saturday,2025-09,3,261,3382.0885333333335
casual,electric_bike,7,Saturday,2025-09,4,117,1406.0446
casual,electric_bike,7,Saturday,2025-09,5,108,1275.3980166666668
casual,electric_bike,7,Saturday,2025-09,6,242,2910.1794
casual,electric_bike,7,Saturday,2025-09,7,348,4565.2783
casual,electric_bike,7,Saturday,2025-09,8,627,9530.643383333334
casual,electric_bike,7,Saturday,2025-09,9,1024,17056.734533333332
casual,electric_bike,7,Saturday,2025-09,10,1552,28183.218483333334
casual,electric_bike,7,Saturday,2025-09,11,1987,37057.68938333333
casual,electric_bike,7,Saturday,2025-09,12,2484,49109.14298333333
casual,electric_bike,7,Saturday,2025-09,13,2413,45332.19905
casual,electric_bike,7,Saturday,2025-09,14,2354,42677.171116666665
casual,electric_bike,7,Saturday,2025-09,15,2433,46095.92735
casual,electric_bike,7,Saturday,2025-09,16,2566,45861.68545
casual,electric_bike,7,Saturday,2025-09,17,2318,40798.892133333335
casual,electric_bike,7,Saturday,2025-09,18,1896,31663.165833333333
casual,electric_bike,7,Saturday,2025-09,19,1459,22310.512683333334
casual,electric_bike,7,Saturday,2025-09,20,1071,15123.987116666667
casual,electric_bike,7,Saturday,2025-09,21,1115,18891.019
casual,electric_bike,7,Saturday,2025-09,22,1122,16725.672133333333
casual,electric_bike,7,Saturday,2025-09,23,883,12530.543583333334
casual,electric_bike,7,Saturday,2025-10,0,900,10279.81885
casual,electric_bike,7,Saturday,2025-10,1,603,7352.39695
casual,electric_bike,7,Saturday,2025-10,2,391,4516.988716666667
casual,electric_bike,7,Saturday,2025-10,3,217,2527.0528
casual,electric_bike,7,Saturday,2025-10,4,146,1514.85625
casual,electric_bike,7,Saturday,2025-10,5,92,893.98145
casual,electric_bike,7,Saturday,2025-10,6,177,2099.4204
casual,electric_bike,7,Saturday,2025-10,7,429,5815.0598666666665
casual,electric_bike,7,Saturday,2025-10,8,710,9993.6133
casual,electric_bike,7,Saturday,2025-10,9,1141,17801.0983
casual,electric_bike,7,Saturday,2025-10,10,1712,29690.9877
casual,electric_bike,7,Saturday,2025-10,11,2190,39609.24951666666
casual,electric_bike,7,Saturday,2025-10,12,2373,42380.61021666667
casual,electric_bike,7,Saturday,2025-10,13,2260,41998.854933333336
casual,electric_bike,7,Saturday,2025-10,14,2415,44243.683966666664
casual,electric_bike,7,Saturday,2025-10,15,2341,42248.167283333336
casual,electric_bike,7,Saturday,2025-10,16,2062,34509.7374
casual,electric_bike,7,Saturday,2025-10,17,1897,29293.200933333334
casual,electric_bike,7,Saturday,2025-10,18,1747,24933.849933333335
casual,electric_bike,7,Saturday,2025-10,19,1095,14131.314783333333
casual,electric_bike,7,Saturday,2025-10,20,757,9046.13685
casual,electric_bike,7,Saturday,2025-10,21,754,9156.576683333333
casual,electric_bike,7,Saturday,2025-10,22,753,9436.6408
casual,electric_bike,7,Saturday,2025-10,23,591,6859.56055
casual,electric_bike,7,Saturday,2025-11,0,738,7730.316183333333
casual,electric_bike,7,Saturday,2025-11,1,594,6504.800633333333
casual,electric_bike,7,Saturday,2025-11,2,451,5141.927416666666
casual,electric_bike,7,Saturday,2025-11,3,179,1697.282
casual,electric_bike,7,Saturday,2025-11,4,111,1193.9806166666667
casual,electric_bike,7,Saturday,2025-11,5,56,491.74576666666667
casual,electric_bike,7,Saturday,2025-11,6,135,1365.8972666666666
casual,electric_bike,7,Saturday,2025-11,7,212,2166.5587833333334
casual,electric_bike,7,Saturday,2025-11,8,408,4323.290866666666
casual,electric_bike,7,Saturday,2025-11,9,604,6899.062333333333
casual,electric_bike,7,Saturday,2025-11,10,848,11551.837783333332
casual,electric_bike,7,Saturday,2025-11,11,964,15037.537716666666
casual,electric_bike,7,Saturday,2025-11,12,1078,15981.2786
casual,electric_bike,7,Saturday,2025-11,13,1174,18149.135316666667
casual,electric_bike,7,Saturday,2025-11,14,1379,23248.644766666668
casual,electric_bike,7,Saturday,2025-11,15,1205,18749.49675
casual,electric_bike,7,Saturday,2025-11,16,1119,17011.465783333333
casual,electric_bike,7,Saturday,2025-11,17,1144,17071.67325
casual,electric_bike,7,Saturday,2025-11,18,764,9838.777633333333
casual,electric_bike,7,Saturday,2025-11,19,493,5260.929366666666
casual,electric_bike,7,Saturday,2025-11,20,389,5596.142966666666
casual,electric_bike,7,Saturday,2025-11,21,385,5035.016183333333
casual,electric_bike,7,Saturday,2025-11,22,310,3142.2822166666665
casual,electric_bike,7,Saturday,2025-11,23,397,3965.43895
casual,electric_bike,7,Saturday,2025-12,0,123,1469.1203833333334
casual,electric_bike,7,Saturday,2025-12,1,97,1093.0582833333333
casual,electric_bike,7,Saturday,2025-12,2,62,728.9679833333333
casual,electric_bike,7,Saturday,2025-12,3,37,393.5439
casual,electric_bike,7,Saturday,2025-12,4,37,321.8842166666667
casual,electric_bike,7,Saturday,2025-12,5,22,141.98743333333334
casual,electric_bike,7,Saturday,2025-12,6,27,150.36205
casual,electric_bike,7,Saturday,2025-12,7,51,619.3802
casual,electric_bike,7,Saturday,2025-12,8,76,888.5275833333333
casual,electric_bike,7,Saturday,2025-12,9,104,1005.0789
casual,electric_bike,7,Saturday,2025-12,10,172,2092.6867666666667
casual,electric_bike,7,Saturday,2025-12,11,202,2707.734066666667
casual,electric_bike,7,Saturday,2025-12,12,236,2442.008083333333
casual,electric_bike,7,Saturday,2025-12,13,204,1956.2006333333334
casual,electric_bike,7,Saturday,2025-12,14,266,3219.243033333333
casual,electric_bike,7,Saturday,2025-12,15,261,3334.5341
casual,electric_bike,7,Saturday,2025-12,16,253,3209.3124333333335
casual,electric_bike,7,Saturday,2025-12,17,211,2270.7295833333333
casual,electric_bike,7,Saturday,2025-12,18,213,2213.98785
casual,electric_bike,7,Saturday,2025-12,19,155,1828.6809
casual,electric_bike,7,Saturday,2025-12,20,97,968.12295
casual,electric_bike,7,Saturday,2025-12,21,97,1188.5951166666666
casual,electric_bike,7,Saturday,2025-12,22,154,1907.8112333333333
casual,electric_bike,7,Saturday,2025-12,23,164,1556.94925
casual,electric_bike,7,Saturday,2026-01,0,74,1084.1110166666667
casual,electric_bike,7,Saturday,2026-01,1,63,522.80535
casual,electric_bike,7,Saturday,2026-01,2,47,401.4123666666667
casual,electric_bike,7,Saturday,2026-01,3,30,200.11395
casual,electric_bike,7,Saturday,2026-01,4,13,89.29345
casual,electric_bike,7,Saturday,2026-01,5,6,35.41288333333333
casual,electric_bike,7,Saturday,2026-01,6,19,122.05501666666666
casual,electric_bike,7,Saturday,2026-01,7,44,321.73716666666667
casual,electric_bike,7,Saturday,2026-01,8,52,329.22156666666666
casual,electric_bike,7,Saturday,2026-01,9,78,563.6313166666666
casual,electric_bike,7,Saturday,2026-01,10,106,890.0890499999999
casual,electric_bike,7,Saturday,2026-01,11,94,734.8262
casual,electric_bike,7,Saturday,2026-01,12,107,1101.4961833333334
casual,electric_bike,7,Saturday,2026-01,13,151,1519.3622166666667
casual,electric_bike,7,Saturday,2026-01,14,176,1693.86905
casual,electric_bike,7,Saturday,2026-01,15,217,2215.8967333333335
casual,electric_bike,7,Saturday,2026-01,16,195,2181.3531
casual,electric_bike,7,Saturday,2026-01,17,195,2028.219
casual,electric_bike,7,Saturday,2026-01,18,144,1589.1021833333334
casual,electric_bike,7,Saturday,2026-01,19,82,635.41725
casual,electric_bike,7,Saturday,2026-01,20,82,732.0697
casual,electric_bike,7,Saturday,2026-01,21,73,674.1993
casual,electric_bike,7,Saturday,2026-01,22,122,1457.6734333333334
casual,electric_bike,7,Saturday,2026-01,23,178,1943.03625
casual,electric_bike,7,Saturday,2026-02,0,167,1931.4517333333333
casual,electric_bike,7,Saturday,2026-02,1,142,1405.3603666666668
casual,electric_bike,7,Saturday,2026-02,2,96,1166.3364333333334
casual,electric_bike,7,Saturday,2026-02,3,50,406.4535333333333
casual,electric_bike,7,Saturday,2026-02,4,27,213.66008333333332
casual,electric_bike,7,Saturday,2026-02,5,16,173.856
casual,electric_bike,7,Saturday,2026-02,6,32,208.11393333333334
casual,electric_bike,7,Saturday,2026-02,7,61,471.55525
casual,electric_bike,7,Saturday,2026-02,8,134,1167.0724666666667
casual,electric_bike,7,Saturday,2026-02,9,181,1438.9932166666667
casual,electric_bike,7,Saturday,2026-02,10,239,2140.664116666667
casual,electric_bike,7,Saturday,2026-02,11,245,2754.8817166666668
casual,electric_bike,7,Saturday,2026-02,12,282,3120.8357333333333
casual,electric_bike,7,Saturday,2026-02,13,359,4375.467616666667
casual,electric_bike,7,Saturday,2026-02,14,315,3718.1697833333333
casual,electric_bike,7,Saturday,2026-02,15,307,3201.4455
casual,electric_bike,7,Saturday,2026-02,16,314,4107.848933333334
casual,electric_bike,7,Saturday,2026-02,17,239,2604.5552333333335
casual,electric_bike,7,Saturday,2026-02,18,210,2132.7226166666665
casual,electric_bike,7,Saturday,2026-02,19,144,1483.5947666666666
casual,electric_bike,7,Saturday,2026-02,20,126,1335.18
casual,electric_bike,7,Saturday,2026-02,21,137,1587.4436666666666
casual,electric_bike,7,Saturday,2026-02,22,117,1154.8088666666667
casual,electric_bike,7,Saturday,2026-02,23,108,1234.9546833333334
casual,electric_bike,7,Saturday,2026-03,0,303,3098.90885
casual,electric_bike,7,Saturday,2026-03,1,218,2146.6794833333333
casual,electric_bike,7,Saturday,2026-03,2,121,1235.4361166666667
casual,electric_bike,7,Saturday,2026-03,3,75,731.4721333333333
casual,electric_bike,7,Saturday,2026-03,4,33,273.18108333333333
casual,electric_bike,7,Saturday,2026-03,5,23,183.09563333333332
casual,electric_bike,7,Saturday,2026-03,6,67,721.7962166666666
casual,electric_bike,7,Saturday,2026-03,7,133,1145.9051333333334
casual,electric_bike,7,Saturday,2026-03,8,302,3221.505833333333
casual,electric_bike,7,Saturday,2026-03,9,414,4869.778833333334
casual,electric_bike,7,Saturday,2026-03,10,707,9744.68645
casual,electric_bike,7,Saturday,2026-03,11,729,10927.33735
casual,electric_bike,7,Saturday,2026-03,12,914,13903.49925
casual,electric_bike,7,Saturday,2026-03,13,1068,17114.904566666668
casual,electric_bike,7,Saturday,2026-03,14,1135,19278.29735
casual,electric_bike,7,Saturday,2026-03,15,1261,23279.44961666667
casual,electric_bike,7,Saturday,2026-03,16,1322,22558.560933333334
casual,electric_bike,7,Saturday,2026-03,17,1137,19302.665283333332
casual,electric_bike,7,Saturday,2026-03,18,984,16755.92175
casual,electric_bike,7,Saturday,2026-03,19,796,12355.69765
casual,electric_bike,7,Saturday,2026-03,20,529,7822.071216666666
casual,electric_bike,7,Saturday,2026-03,21,460,7147.123066666667
casual,electric_bike,7,Saturday,2026-03,22,464,6548.665683333334
casual,electric_bike,7,Saturday,2026-03,23,465,6855.5857
casual,electric_bike,7,Saturday,2026-04,0,303,2840.3544333333334
casual,electric_bike,7,Saturday,2026-04,1,224,2290.3719166666665
casual,electric_bike,7,Saturday,2026-04,2,155,1885.2684666666667
casual,electric_bike,7,Saturday,2026-04,3,91,988.0682833333333
casual,electric_bike,7,Saturday,2026-04,4,68,616.6986166666667
casual,electric_bike,7,Saturday,2026-04,5,41,305.49328333333335
casual,electric_bike,7,Saturday,2026-04,6,97,952.8611166666667
casual,electric_bike,7,Saturday,2026-04,7,148,1398.5047833333333
casual,electric_bike,7,Saturday,2026-04,8,325,4324.735116666667
casual,electric_bike,7,Saturday,2026-04,9,531,6172.449433333333
casual,electric_bike,7,Saturday,2026-04,10,790,11962.351216666666
casual,electric_bike,7,Saturday,2026-04,11,940,14349.6713
casual,electric_bike,7,Saturday,2026-04,12,1153,17045.190983333334
casual,electric_bike,7,Saturday,2026-04,13,1095,16552.856383333332
casual,electric_bike,7,Saturday,2026-04,14,1086,17679.548433333333
casual,electric_bike,7,Saturday,2026-04,15,1138,17737.0676
casual,electric_bike,7,Saturday,2026-04,16,1154,16657.382316666666
casual,electric_bike,7,Saturday,2026-04,17,1083,15756.748966666666
casual,electric_bike,7,Saturday,2026-04,18,833,11226.339783333333
casual,electric_bike,7,Saturday,2026-04,19,662,7592.1181166666665
casual,electric_bike,7,Saturday,2026-04,20,457,4455.01055
casual,electric_bike,7,Saturday,2026-04,21,406,4803.957766666666
casual,electric_bike,7,Saturday,2026-04,22,467,5598.51695
casual,electric_bike,7,Saturday,2026-04,23,329,3298.76355
casual,electric_bike,7,Saturday,2026-05,0,953,11583.780283333334
casual,electric_bike,7,Saturday,2026-05,1,708,9121.00275
casual,electric_bike,7,Saturday,2026-05,2,490,5885.920316666667
casual,electric_bike,7,Saturday,2026-05,3,252,3477.8142833333336
casual,electric_bike,7,Saturday,2026-05,4,134,1519.493
casual,electric_bike,7,Saturday,2026-05,5,132,1618.0376166666667
casual,electric_bike,7,Saturday,2026-05,6,250,2993.5394833333335
casual,electric_bike,7,Saturday,2026-05,7,393,4728.236133333334
casual,electric_bike,7,Saturday,2026-05,8,746,9766.2704
casual,electric_bike,7,Saturday,2026-05,9,1208,18239.417633333334
casual,electric_bike,7,Saturday,2026-05,10,1856,31862.27675
casual,electric_bike,7,Saturday,2026-05,11,2512,49773.71496666667
casual,electric_bike,7,Saturday,2026-05,12,2902,56014.03991666667
casual,electric_bike,7,Saturday,2026-05,13,3060,59402.78766666666
casual,electric_bike,7,Saturday,2026-05,14,3143,60693.90755
casual,electric_bike,7,Saturday,2026-05,15,3414,64478.35996666666
casual,electric_bike,7,Saturday,2026-05,16,3271,58400.27595
casual,electric_bike,7,Saturday,2026-05,17,2903,51300.7125
casual,electric_bike,7,Saturday,2026-05,18,2674,45784.5312
casual,electric_bike,7,Saturday,2026-05,19,2165,33714.3925
casual,electric_bike,7,Saturday,2026-05,20,1534,21778.719316666666
casual,electric_bike,7,Saturday,2026-05,21,1315,19913.6581
casual,electric_bike,7,Saturday,2026-05,22,1466,22357.223783333335
casual,electric_bike,7,Saturday,2026-05,23,1166,16872.8991
casual,electric_bike,7,Saturday,2026-06,0,1678,22504.722466666666
casual,electric_bike,7,Saturday,2026-06,1,1048,14191.122066666667
casual,electric_bike,7,Saturday,2026-06,2,566,6622.7732166666665
casual,electric_bike,7,Saturday,2026-06,3,327,4496.264116666666
casual,electric_bike,7,Saturday,2026-06,4,195,2410.868033333333
casual,electric_bike,7,Saturday,2026-06,5,184,2760.7099333333335
casual,electric_bike,7,Saturday,2026-06,6,259,3566.1651
casual,electric_bike,7,Saturday,2026-06,7,510,7559.070733333333
casual,electric_bike,7,Saturday,2026-06,8,873,14625.905266666667
casual,electric_bike,7,Saturday,2026-06,9,1596,29286.817183333333
casual,electric_bike,7,Saturday,2026-06,10,2273,43196.15908333333
casual,electric_bike,7,Saturday,2026-06,11,3283,66408.92476666666
casual,electric_bike,7,Saturday,2026-06,12,4109,86264.75486666667
casual,electric_bike,7,Saturday,2026-06,13,3819,73907.81928333333
casual,electric_bike,7,Saturday,2026-06,14,3751,74562.03733333333
casual,electric_bike,7,Saturday,2026-06,15,4161,79730.90656666667
casual,electric_bike,7,Saturday,2026-06,16,4405,81059.10415
casual,electric_bike,7,Saturday,2026-06,17,3936,71910.91968333333
casual,electric_bike,7,Saturday,2026-06,18,3432,59784.7048
casual,electric_bike,7,Saturday,2026-06,19,2723,45958.41556666667
casual,electric_bike,7,Saturday,2026-06,20,2011,31718.23298333333
casual,electric_bike,7,Saturday,2026-06,21,1691,27096.96005
casual,electric_bike,7,Saturday,2026-06,22,2027,34081.59446666667
casual,electric_bike,7,Saturday,2026-06,23,1544,23418.294333333335
casual,electric_bike,7,Saturday,2026-07,0,1214,16099.674366666666
casual,electric_bike,7,Saturday,2026-07,1,967,13451.282616666667
casual,electric_bike,7,Saturday,2026-07,2,619,7322.919266666667
casual,electric_bike,7,Saturday,2026-07,3,327,4973.948516666666
casual,electric_bike,7,Saturday,2026-07,4,194,2910.1912
casual,electric_bike,7,Saturday,2026-07,5,210,3874.350233333333
casual,electric_bike,7,Saturday,2026-07,6,442,6041.955666666667
casual,electric_bike,7,Saturday,2026-07,7,552,8929.518066666667
casual,electric_bike,7,Saturday,2026-07,8,1043,18064.534433333334
casual,electric_bike,7,Saturday,2026-07,9,1781,34170.64741666667
casual,electric_bike,7,Saturday,2026-07,10,2550,51029.43513333333
casual,electric_bike,7,Saturday,2026-07,11,3187,60964.49916666667
casual,electric_bike,7,Saturday,2026-07,12,3567,68090.60418333333
casual,electric_bike,7,Saturday,2026-07,13,3839,73561.1239
casual,electric_bike,7,Saturday,2026-07,14,3892,73813.6567
casual,electric_bike,7,Saturday,2026-07,15,4139,73010.6175
casual,electric_bike,7,Saturday,2026-07,16,3621,63018.69808333334
casual,electric_bike,7,Saturday,2026-07,17,2912,49212.05351666667
casual,electric_bike,7,Saturday,2026-07,18,2729,45564.80273333333
casual,electric_bike,7,Saturday,2026-07,19,2667,45545.24291666667
casual,electric_bike,7,Saturday,2026-07,20,2291,39568.180733333335
casual,electric_bike,7,Saturday,2026-07,21,2304,42099.339166666665
casual,electric_bike,7,Saturday,2026-07,22,2297,37999.32935
casual,electric_bike,7,Saturday,2026-07,23,2357,38227.45963333333
casual,electric_bike,7,Saturday,2026-08,0,1865,23774.937866666667
casual,electric_bike,7,Saturday,2026-08,1,1505,19068.838516666667
casual,electric_bike,7,Saturday,2026-08,2,942,12841.367116666666
casual,electric_bike,7,Saturday,2026-08,3,416,5734.798816666666
casual,electric_bike,7,Saturday,2026-08,4,247,3669.89815
casual,electric_bike,7,Saturday,2026-08,5,205,2495.9230166666666
casual,electric_bike,7,Saturday,2026-08,6,326,4496.095083333334
casual,electric_bike,7,Saturday,2026-08,7,563,7891.0615333333335
casual,electric_bike,7,Saturday,2026-08,8,1084,16394.189833333334
casual,electric_bike,7,Saturday,2026-08,9,1610,25950.358683333332
casual,electric_bike,7,Saturday,2026-08,10,2312,39868.566
casual,electric_bike,7,Saturday,2026-08,11,3354,60107.67261666666
casual,electric_bike,7,Saturday,2026-08,12,4400,84196.36605
casual,electric_bike,7,Saturday,2026-08,13,4582,87206.5952
casual,electric_bike,7,Saturday,2026-08,14,4862,90209.43205
casual,electric_bike,7,Saturday,2026-08,15,5240,95091.9418
casual,electric_bike,7,Saturday,2026-08,16,4961,86422.94305
casual,electric_bike,7,Saturday,2026-08,17,4184,70469.47271666667
casual,electric_bike,7,Saturday,2026-08,18,3574,55699.13871666667
casual,electric_bike,7,Saturday,2026-08,19,3168,49862.726716666664
casual,electric_bike,7,Saturday,2026-08,20,2403,35839.75685
casual,electric_bike,7,Saturday,2026-08,21,2624,40292.82833333333
casual,electric_bike,7,Saturday,2026-08,22,2700,41530.20486666667
casual,electric_bike,7,Saturday,2026-08,23,2144,30271.464116666666
member,classic_bike,1,Sunday,2025-09,0,262,3965.1860166666665
member,classic_bike,1,Sunday,2025-09,1,183,2046.78775
member,classic_bike,1,Sunday,2025-09,2,117,1822.9429166666666
member,classic_bike,1,Sunday,2025-09,3,56,811.4785666666667
member,classic_bike,1,Sunday,2025-09,4,34,446.6001166666667
member,classic_bike,1,Sunday,2025-09,5,55,1420.701
member,classic_bike,1,Sunday,2025-09,6,158,2498.2927833333333
member,classic_bike,1,Sunday,2025-09,7,318,4984.8282
member,classic_bike,1,Sunday,2025-09,8,646,8965.8884
member,classic_bike,1,Sunday,2025-09,9,949,13612.4902
member,classic_bike,1,Sunday,2025-09,10,1204,17082.507183333335
member,classic_bike,1,Sunday,2025-09,11,1441,20894.230783333333
member,classic_bike,1,Sunday,2025-09,12,1460,23552.6738
member,classic_bike,1,Sunday,2025-09,13,1435,22247.5221
member,classic_bike,1,Sunday,2025-09,14,1421,23567.526683333333
member,classic_bike,1,Sunday,2025-09,15,1429,22644.506566666667
member,classic_bike,1,Sunday,2025-09,16,1558,24392.409416666665
member,classic_bike,1,Sunday,2025-09,17,1373,21335.96973333333
member,classic_bike,1,Sunday,2025-09,18,1437,21485.905466666667
member,classic_bike,1,Sunday,2025-09,19,866,11621.182583333333
member,classic_bike,1,Sunday,2025-09,20,553,7091.78475
member,classic_bike,1,Sunday,2025-09,21,374,4913.247433333333
member,classic_bike,1,Sunday,2025-09,22,239,2852.0704666666666
member,classic_bike,1,Sunday,2025-09,23,153,2705.8518
member,classic_bike,1,Sunday,2025-10,0,238,3291.078
member,classic_bike,1,Sunday,2025-10,1,134,1536.8322166666667
member,classic_bike,1,Sunday,2025-10,2,74,1597.2624166666667
member,classic_bike,1,Sunday,2025-10,3,44,426.32735
member,classic_bike,1,Sunday,2025-10,4,30,292.24465
member,classic_bike,1,Sunday,2025-10,5,69,1503.4539166666668
member,classic_bike,1,Sunday,2025-10,6,144,2032.4195
member,classic_bike,1,Sunday,2025-10,7,292,4019.05235
member,classic_bike,1,Sunday,2025-10,8,498,7470.994883333334
member,classic_bike,1,Sunday,2025-10,9,716,11195.68535
member,classic_bike,1,Sunday,2025-10,10,958,14881.51375
member,classic_bike,1,Sunday,2025-10,11,1057,20963.9893
member,classic_bike,1,Sunday,2025-10,12,1165,21332.74285
member,classic_bike,1,Sunday,2025-10,13,1229,22445.784
member,classic_bike,1,Sunday,2025-10,14,1306,22967.420583333333
member,classic_bike,1,Sunday,2025-10,15,1393,24705.0941
member,classic_bike,1,Sunday,2025-10,16,1398,26567.671233333334
member,classic_bike,1,Sunday,2025-10,17,1347,21123.0685
member,classic_bike,1,Sunday,2025-10,18,1172,17953.99845
member,classic_bike,1,Sunday,2025-10,19,667,8803.7894
member,classic_bike,1,Sunday,2025-10,20,483,5431.853733333333
member,classic_bike,1,Sunday,2025-10,21,359,5448.198283333333
member,classic_bike,1,Sunday,2025-10,22,228,3228.0605833333334
member,classic_bike,1,Sunday,2025-10,23,135,2465.6086833333334
member,classic_bike,1,Sunday,2025-11,0,167,1811.3314333333333
member,classic_bike,1,Sunday,2025-11,1,118,2858.3295333333335
member,classic_bike,1,Sunday,2025-11,2,64,691.3802833333333
member,classic_bike,1,Sunday,2025-11,3,30,423.1779833333334
member,classic_bike,1,Sunday,2025-11,4,13,257.7228
member,classic_bike,1,Sunday,2025-11,5,52,699.4154166666667
member,classic_bike,1,Sunday,2025-11,6,102,1359.5560833333334
member,classic_bike,1,Sunday,2025-11,7,162,1690.4352666666666
member,classic_bike,1,Sunday,2025-11,8,314,4194.901066666666
member,classic_bike,1,Sunday,2025-11,9,513,7541.6989
member,classic_bike,1,Sunday,2025-11,10,681,10021.023283333334
member,classic_bike,1,Sunday,2025-11,11,919,13768.77895
member,classic_bike,1,Sunday,2025-11,12,842,10826.75365
member,classic_bike,1,Sunday,2025-11,13,849,10965.551616666666
member,classic_bike,1,Sunday,2025-11,14,826,14178.0136
member,classic_bike,1,Sunday,2025-11,15,957,15165.708216666666
member,classic_bike,1,Sunday,2025-11,16,858,11894.387716666666
member,classic_bike,1,Sunday,2025-11,17,704,10407.291566666667
member,classic_bike,1,Sunday,2025-11,18,554,7679.412166666667
member,classic_bike,1,Sunday,2025-11,19,382,3901.89125
member,classic_bike,1,Sunday,2025-11,20,270,2876.149
member,classic_bike,1,Sunday,2025-11,21,218,3343.3111833333332
member,classic_bike,1,Sunday,2025-11,22,144,1376.9812
member,classic_bike,1,Sunday,2025-11,23,88,833.2187833333334
member,classic_bike,1,Sunday,2025-12,0,65,670.8518666666666
member,classic_bike,1,Sunday,2025-12,1,36,456.6322833333333
member,classic_bike,1,Sunday,2025-12,2,21,294.95255
member,classic_bike,1,Sunday,2025-12,3,15,165.52891666666667
member,classic_bike,1,Sunday,2025-12,4,4,25.461833333333335
member,classic_bike,1,Sunday,2025-12,5,13,85.61086666666667
member,classic_bike,1,Sunday,2025-12,6,14,608.42975
member,classic_bike,1,Sunday,2025-12,7,36,1224.0319166666666
member,classic_bike,1,Sunday,2025-12,8,74,980.1458166666667
member,classic_bike,1,Sunday,2025-12,9,108,1617.0742666666667
member,classic_bike,1,Sunday,2025-12,10,176,1947.3368333333333
member,classic_bike,1,Sunday,2025-12,11,205,1988.4438833333334
member,classic_bike,1,Sunday,2025-12,12,176,2588.91875
member,classic_bike,1,Sunday,2025-12,13,184,1929.98435
member,classic_bike,1,Sunday,2025-12,14,202,2174.503
member,classic_bike,1,Sunday,2025-12,15,232,2376.3777666666665
member,classic_bike,1,Sunday,2025-12,16,229,3662.33215
member,classic_bike,1,Sunday,2025-12,17,176,4984.781733333333
member,classic_bike,1,Sunday,2025-12,18,158,1600.3163166666666
member,classic_bike,1,Sunday,2025-12,19,113,2173.9999833333336
member,classic_bike,1,Sunday,2025-12,20,84,2679.6185166666664
member,classic_bike,1,Sunday,2025-12,21,51,512.50915
member,classic_bike,1,Sunday,2025-12,22,54,2785.1789
member,classic_bike,1,Sunday,2025-12,23,36,1393.9197333333334
member,classic_bike,1,Sunday,2026-01,0,41,1265.66165
member,classic_bike,1,Sunday,2026-01,1,29,303.34186666666665
member,classic_bike,1,Sunday,2026-01,2,21,224.57456666666667
member,classic_bike,1,Sunday,2026-01,3,13,126.6879
member,classic_bike,1,Sunday,2026-01,4,10,60.61083333333333
member,classic_bike,1,Sunday,2026-01,5,11,377.9875666666667
member,classic_bike,1,Sunday,2026-01,6,18,471.8960333333333
member,classic_bike,1,Sunday,2026-01,7,60,1077.0656833333333
member,classic_bike,1,Sunday,2026-01,8,79,958.6496833333333
member,classic_bike,1,Sunday,2026-01,9,158,1730.0400666666667
member,classic_bike,1,Sunday,2026-01,10,236,3091.2426333333333
member,classic_bike,1,Sunday,2026-01,11,230,2646.0555833333333
member,classic_bike,1,Sunday,2026-01,12,231,2618.9280833333332
member,classic_bike,1,Sunday,2026-01,13,270,3058.7119166666666
member,classic_bike,1,Sunday,2026-01,14,286,2899.3890833333335
member,classic_bike,1,Sunday,2026-01,15,272,2692.75285
member,classic_bike,1,Sunday,2026-01,16,288,2959.5203833333335
member,classic_bike,1,Sunday,2026-01,17,209,3344.3869
member,classic_bike,1,Sunday,2026-01,18,167,1723.3578833333333
member,classic_bike,1,Sunday,2026-01,19,95,945.0794166666667
member,classic_bike,1,Sunday,2026-01,20,78,959.6539833333334
member,classic_bike,1,Sunday,2026-01,21,111,1115.9520333333332
member,classic_bike,1,Sunday,2026-01,22,54,1216.0528166666666
member,classic_bike,1,Sunday,2026-01,23,26,250.82023333333333
member,classic_bike,1,Sunday,2026-02,0,49,505.96053333333333
member,classic_bike,1,Sunday,2026-02,1,28,297.25258333333335
member,classic_bike,1,Sunday,2026-02,2,24,289.4377666666667
member,classic_bike,1,Sunday,2026-02,3,14,144.29415
member,classic_bike,1,Sunday,2026-02,4,10,133.75099999999998
member,classic_bike,1,Sunday,2026-02,5,10,102.32991666666666
member,classic_bike,1,Sunday,2026-02,6,37,477.56755
member,classic_bike,1,Sunday,2026-02,7,62,721.2900666666667
member,classic_bike,1,Sunday,2026-02,8,119,1505.5114166666667
member,classic_bike,1,Sunday,2026-02,9,202,2115.610833333333
member,classic_bike,1,Sunday,2026-02,10,286,3545.2692666666667
member,classic_bike,1,Sunday,2026-02,11,365,4412.793383333334
member,classic_bike,1,Sunday,2026-02,12,400,4914.10195
member,classic_bike,1,Sunday,2026-02,13,457,5989.486533333334
member,classic_bike,1,Sunday,2026-02,14,472,6655.4466
member,classic_bike,1,Sunday,2026-02,15,432,7224.364983333334
member,classic_bike,1,Sunday,2026-02,16,479,6986.38295
member,classic_bike,1,Sunday,2026-02,17,383,4048.6273333333334
member,classic_bike,1,Sunday,2026-02,18,239,2544.8595833333334
member,classic_bike,1,Sunday,2026-02,19,150,1732.7620833333333
member,classic_bike,1,Sunday,2026-02,20,111,1352.0539333333334
member,classic_bike,1,Sunday,2026-02,21,111,2452.05305
member,classic_bike,1,Sunday,2026-02,22,78,929.5526166666667
member,classic_bike,1,Sunday,2026-02,23,47,524.0856833333333
member,classic_bike,1,Sunday,2026-03,0,130,1571.2994333333334
member,classic_bike,1,Sunday,2026-03,1,93,1424.4729333333332
member,classic_bike,1,Sunday,2026-03,2,45,506.02375
member,classic_bike,1,Sunday,2026-03,3,44,528.22585
member,classic_bike,1,Sunday,2026-03,4,35,762.9534166666667
member,classic_bike,1,Sunday,2026-03,5,27,358.8702666666667
member,classic_bike,1,Sunday,2026-03,6,77,1258.5392
member,classic_bike,1,Sunday,2026-03,7,189,2120.5420833333333
member,classic_bike,1,Sunday,2026-03,8,241,2661.9230333333335
member,classic_bike,1,Sunday,2026-03,9,457,5280.847666666667
member,classic_bike,1,Sunday,2026-03,10,553,6114.8339166666665
member,classic_bike,1,Sunday,2026-03,11,579,7174.420616666666
member,classic_bike,1,Sunday,2026-03,12,732,10415.667933333334
member,classic_bike,1,Sunday,2026-03,13,745,11240.505516666666
member,classic_bike,1,Sunday,2026-03,14,845,11555.572233333332
member,classic_bike,1,Sunday,2026-03,15,827,11601.555916666666
member,classic_bike,1,Sunday,2026-03,16,863,11877.514983333333
member,classic_bike,1,Sunday,2026-03,17,626,10013.66085
member,classic_bike,1,Sunday,2026-03,18,590,7918.191283333334
member,classic_bike,1,Sunday,2026-03,19,375,5463.497116666666
member,classic_bike,1,Sunday,2026-03,20,267,2922.5655666666667
member,classic_bike,1,Sunday,2026-03,21,188,2001.0746666666666
member,classic_bike,1,Sunday,2026-03,22,148,1567.7418
member,classic_bike,1,Sunday,2026-03,23,72,942.7070666666667
member,classic_bike,1,Sunday,2026-04,0,140,1585.3235333333334
member,classic_bike,1,Sunday,2026-04,1,78,963.8332166666667
member,classic_bike,1,Sunday,2026-04,2,60,659.407
member,classic_bike,1,Sunday,2026-04,3,37,386.70623333333333
member,classic_bike,1,Sunday,2026-04,4,12,196.1482
member,classic_bike,1,Sunday,2026-04,5,25,398.30443333333335
member,classic_bike,1,Sunday,2026-04,6,69,834.8229166666666
member,classic_bike,1,Sunday,2026-04,7,165,2262.5563166666666
member,classic_bike,1,Sunday,2026-04,8,360,4038.704783333333
member,classic_bike,1,Sunday,2026-04,9,536,6864.5248833333335
member,classic_bike,1,Sunday,2026-04,10,652,8392.606366666667
member,classic_bike,1,Sunday,2026-04,11,805,11678.594533333333
member,classic_bike,1,Sunday,2026-04,12,933,12397.089583333332
member,classic_bike,1,Sunday,2026-04,13,897,13128.8163
member,classic_bike,1,Sunday,2026-04,14,906,13382.524266666667
member,classic_bike,1,Sunday,2026-04,15,949,14686.41575
member,classic_bike,1,Sunday,2026-04,16,968,15654.630766666667
member,classic_bike,1,Sunday,2026-04,17,904,12693.884566666668
member,classic_bike,1,Sunday,2026-04,18,777,9560.39115
member,classic_bike,1,Sunday,2026-04,19,439,5247.13875
member,classic_bike,1,Sunday,2026-04,20,299,3407.1061833333333
member,classic_bike,1,Sunday,2026-04,21,195,4050.9201333333335
member,classic_bike,1,Sunday,2026-04,22,123,1502.6677833333333
member,classic_bike,1,Sunday,2026-04,23,82,911.17665
member,classic_bike,1,Sunday,2026-05,0,277,5375.052866666667
member,classic_bike,1,Sunday,2026-05,1,168,2578.3562166666666
member,classic_bike,1,Sunday,2026-05,2,106,1343.4826
member,classic_bike,1,Sunday,2026-05,3,48,1589.9259333333334
member,classic_bike,1,Sunday,2026-05,4,29,737.1547
member,classic_bike,1,Sunday,2026-05,5,65,971.2641666666667
member,classic_bike,1,Sunday,2026-05,6,163,2835.1781166666665
member,classic_bike,1,Sunday,2026-05,7,285,4431.7798
member,classic_bike,1,Sunday,2026-05,8,555,7091.7265
member,classic_bike,1,Sunday,2026-05,9,750,9827.127516666667
member,classic_bike,1,Sunday,2026-05,10,937,13624.855383333334
member,classic_bike,1,Sunday,2026-05,11,1064,15084.98935
member,classic_bike,1,Sunday,2026-05,12,1284,18935.89461666667
member,classic_bike,1,Sunday,2026-05,13,1426,22885.358783333333
member,classic_bike,1,Sunday,2026-05,14,1546,26996.11305
member,classic_bike,1,Sunday,2026-05,15,1516,26701.003466666665
member,classic_bike,1,Sunday,2026-05,16,1535,26327.535
member,classic_bike,1,Sunday,2026-05,17,1463,22491.564266666668
member,classic_bike,1,Sunday,2026-05,18,1393,23005.1586
member,classic_bike,1,Sunday,2026-05,19,1002,18216.42185
member,classic_bike,1,Sunday,2026-05,20,707,9713.087666666666
member,classic_bike,1,Sunday,2026-05,21,517,6599.38715
member,classic_bike,1,Sunday,2026-05,22,309,4893.479783333333
member,classic_bike,1,Sunday,2026-05,23,164,2395.403983333333
member,classic_bike,1,Sunday,2026-06,0,297,3897.6848666666665
member,classic_bike,1,Sunday,2026-06,1,233,3807.4330666666665
member,classic_bike,1,Sunday,2026-06,2,138,1713.0117833333334
member,classic_bike,1,Sunday,2026-06,3,94,1646.6461333333334
member,classic_bike,1,Sunday,2026-06,4,59,1749.6079333333332
member,classic_bike,1,Sunday,2026-06,5,92,1252.3142
member,classic_bike,1,Sunday,2026-06,6,162,2201.8540666666668
member,classic_bike,1,Sunday,2026-06,7,254,3933.7565833333333
member,classic_bike,1,Sunday,2026-06,8,467,6983.407516666667
member,classic_bike,1,Sunday,2026-06,9,737,10594.726133333334
member,classic_bike,1,Sunday,2026-06,10,1066,15741.272516666666
member,classic_bike,1,Sunday,2026-06,11,1182,18636.020366666668
member,classic_bike,1,Sunday,2026-06,12,1200,19738.205983333333
member,classic_bike,1,Sunday,2026-06,13,1230,21687.087766666667
member,classic_bike,1,Sunday,2026-06,14,1239,21161.290283333332
member,classic_bike,1,Sunday,2026-06,15,1070,17024.56195
member,classic_bike,1,Sunday,2026-06,16,1077,16790.84655
member,classic_bike,1,Sunday,2026-06,17,1003,14596.39505
member,classic_bike,1,Sunday,2026-06,18,846,12896.306983333334
member,classic_bike,1,Sunday,2026-06,19,602,8951.651966666666
member,classic_bike,1,Sunday,2026-06,20,495,7170.979533333333
member,classic_bike,1,Sunday,2026-06,21,370,5152.0507
member,classic_bike,1,Sunday,2026-06,22,247,3935.7786
member,classic_bike,1,Sunday,2026-06,23,125,1609.3682666666666
member,classic_bike,1,Sunday,2026-07,0,278,4174.523016666667
member,classic_bike,1,Sunday,2026-07,1,185,2568.808233333333
member,classic_bike,1,Sunday,2026-07,2,104,1295.6757
member,classic_bike,1,Sunday,2026-07,3,66,1702.0094000000001
member,classic_bike,1,Sunday,2026-07,4,51,1181.2132166666665
member,classic_bike,1,Sunday,2026-07,5,55,719.40935
member,classic_bike,1,Sunday,2026-07,6,160,2044.3147
member,classic_bike,1,Sunday,2026-07,7,326,5089.857266666667
member,classic_bike,1,Sunday,2026-07,8,569,7856.513383333333
member,classic_bike,1,Sunday,2026-07,9,799,13257.9842
member,classic_bike,1,Sunday,2026-07,10,998,14177.976683333334
member,classic_bike,1,Sunday,2026-07,11,1148,16630.125033333334
member,classic_bike,1,Sunday,2026-07,12,1382,21129.512483333332
member,classic_bike,1,Sunday,2026-07,13,1456,23468.882016666666
member,classic_bike,1,Sunday,2026-07,14,1309,20523.907133333334
member,classic_bike,1,Sunday,2026-07,15,1200,19218.318683333335
member,classic_bike,1,Sunday,2026-07,16,1141,17022.337783333332
member,classic_bike,1,Sunday,2026-07,17,1382,20566.22535
member,classic_bike,1,Sunday,2026-07,18,1322,19472.514883333333
member,classic_bike,1,Sunday,2026-07,19,1092,17705.45945
member,classic_bike,1,Sunday,2026-07,20,844,13861.54545
member,classic_bike,1,Sunday,2026-07,21,464,6580.12665
member,classic_bike,1,Sunday,2026-07,22,372,6728.704616666667
member,classic_bike,1,Sunday,2026-07,23,167,2004.1379833333333
member,classic_bike,1,Sunday,2026-08,0,339,5154.862733333333
member,classic_bike,1,Sunday,2026-08,1,218,3095.7343666666666
member,classic_bike,1,Sunday,2026-08,2,137,2618.8299166666666
member,classic_bike,1,Sunday,2026-08,3,78,1853.2943
member,classic_bike,1,Sunday,2026-08,4,69,1970.4952333333333
member,classic_bike,1,Sunday,2026-08,5,76,1255.7636833333333
member,classic_bike,1,Sunday,2026-08,6,156,2078.4973833333333
member,classic_bike,1,Sunday,2026-08,7,345,5452.509016666667
member,classic_bike,1,Sunday,2026-08,8,636,9845.71365
member,classic_bike,1,Sunday,2026-08,9,962,13470.227816666667
member,classic_bike,1,Sunday,2026-08,10,1306,19273.145966666667
member,classic_bike,1,Sunday,2026-08,11,1549,24175.16313333333
member,classic_bike,1,Sunday,2026-08,12,1667,24882.095766666665
member,classic_bike,1,Sunday,2026-08,13,1625,25741.736933333334
member,classic_bike,1,Sunday,2026-08,14,1302,20226.129
member,classic_bike,1,Sunday,2026-08,15,1375,22682.861816666667
member,classic_bike,1,Sunday,2026-08,16,1546,25085.656316666667
member,classic_bike,1,Sunday,2026-08,17,1540,23585.534683333335
member,classic_bike,1,Sunday,2026-08,18,1455,20339.396966666667
member,classic_bike,1,Sunday,2026-08,19,1156,18264.9355
member,classic_bike,1,Sunday,2026-08,20,819,17089.6524
member,classic_bike,1,Sunday,2026-08,21,610,8316.574333333334
member,classic_bike,1,Sunday,2026-08,22,389,6961.062616666667
member,classic_bike,1,Sunday,2026-08,23,172,2422.58475
member,classic_bike,2,Monday,2025-09,0,107,1249.24405
member,classic_bike,2,Monday,2025-09,1,49,572.0151166666667
member,classic_bike,2,Monday,2025-09,2,25,217.99265
member,classic_bike,2,Monday,2025-09,3,24,669.9836666666666
member,classic_bike,2,Monday,2025-09,4,44,542.5959
member,classic_bike,2,Monday,2025-09,5,242,3772.33335
member,classic_bike,2,Monday,2025-09,6,699,8498.89775
member,classic_bike,2,Monday,2025-09,7,1601,20453.22685
member,classic_bike,2,Monday,2025-09,8,2077,25788.207616666667
member,classic_bike,2,Monday,2025-09,9,1278,14911.501216666667
member,classic_bike,2,Monday,2025-09,10,1039,14000.597566666667
member,classic_bike,2,Monday,2025-09,11,1166,16031.9472
member,classic_bike,2,Monday,2025-09,12,1312,17520.392033333334
member,classic_bike,2,Monday,2025-09,13,1388,19631.419316666666
member,classic_bike,2,Monday,2025-09,14,1360,18575.248483333333
member,classic_bike,2,Monday,2025-09,15,1726,23724.666416666667
member,classic_bike,2,Monday,2025-09,16,2534,37002.890816666666
member,classic_bike,2,Monday,2025-09,17,3376,49438.64956666667
member,classic_bike,2,Monday,2025-09,18,2665,38493.780183333336
member,classic_bike,2,Monday,2025-09,19,1753,22882.6072
member,classic_bike,2,Monday,2025-09,20,1013,14596.7333
member,classic_bike,2,Monday,2025-09,21,708,8783.062883333334
member,classic_bike,2,Monday,2025-09,22,452,5987.971066666667
member,classic_bike,2,Monday,2025-09,23,204,3246.9346666666665
member,classic_bike,2,Monday,2025-10,0,55,574.4807333333333
member,classic_bike,2,Monday,2025-10,1,31,384.75441666666666
member,classic_bike,2,Monday,2025-10,2,13,147.53615
member,classic_bike,2,Monday,2025-10,3,10,92.68925
member,classic_bike,2,Monday,2025-10,4,25,272.87196666666665
member,classic_bike,2,Monday,2025-10,5,204,2998.0820833333332
member,classic_bike,2,Monday,2025-10,6,590,9073.925766666667
member,classic_bike,2,Monday,2025-10,7,1256,17530.06375
member,classic_bike,2,Monday,2025-10,8,1648,23336.15535
member,classic_bike,2,Monday,2025-10,9,982,10622.467733333333
member,classic_bike,2,Monday,2025-10,10,718,9706.75445
member,classic_bike,2,Monday,2025-10,11,859,10977.693083333334
member,classic_bike,2,Monday,2025-10,12,968,12481.844816666666
member,classic_bike,2,Monday,2025-10,13,955,13081.965533333334
member,classic_bike,2,Monday,2025-10,14,921,11671.396566666666
member,classic_bike,2,Monday,2025-10,15,1226,16658.540183333334
member,classic_bike,2,Monday,2025-10,16,1879,27641.057783333334
member,classic_bike,2,Monday,2025-10,17,2436,37603.31095
member,classic_bike,2,Monday,2025-10,18,1709,19734.971233333334
member,classic_bike,2,Monday,2025-10,19,987,12657.382233333334
member,classic_bike,2,Monday,2025-10,20,652,9196.679216666667
member,classic_bike,2,Monday,2025-10,21,466,6558.777283333333
member,classic_bike,2,Monday,2025-10,22,337,3807.9881333333333
member,classic_bike,2,Monday,2025-10,23,107,1740.6556333333333
member,classic_bike,2,Monday,2025-11,0,32,399.6838333333333
member,classic_bike,2,Monday,2025-11,1,19,245.79931666666667
member,classic_bike,2,Monday,2025-11,2,9,76.81428333333334
member,classic_bike,2,Monday,2025-11,3,6,87.85043333333333
member,classic_bike,2,Monday,2025-11,4,20,355.68146666666667
member,classic_bike,2,Monday,2025-11,5,169,2278.6625166666668
member,classic_bike,2,Monday,2025-11,6,425,5541.707866666667
member,classic_bike,2,Monday,2025-11,7,910,13839.3949
member,classic_bike,2,Monday,2025-11,8,1164,17365.05936666667
member,classic_bike,2,Monday,2025-11,9,582,7839.698533333333
member,classic_bike,2,Monday,2025-11,10,433,4653.712
member,classic_bike,2,Monday,2025-11,11,535,5323.628133333334
member,classic_bike,2,Monday,2025-11,12,623,7641.23865
member,classic_bike,2,Monday,2025-11,13,596,6438.791033333333
member,classic_bike,2,Monday,2025-11,14,593,7081.905666666667
member,classic_bike,2,Monday,2025-11,15,805,9569.114266666667
member,classic_bike,2,Monday,2025-11,16,1295,15795.429833333334
member,classic_bike,2,Monday,2025-11,17,1506,18612.612383333333
member,classic_bike,2,Monday,2025-11,18,1084,13628.996316666666
member,classic_bike,2,Monday,2025-11,19,694,8591.9415
member,classic_bike,2,Monday,2025-11,20,438,5278.1100166666665
member,classic_bike,2,Monday,2025-11,21,347,5468.630883333333
member,classic_bike,2,Monday,2025-11,22,189,3286.3188499999997
member,classic_bike,2,Monday,2025-11,23,94,1288.4476166666666
member,classic_bike,2,Monday,2025-12,0,25,321.79791666666665
member,classic_bike,2,Monday,2025-12,1,9,120.54451666666667
member,classic_bike,2,Monday,2025-12,2,8,71.64946666666667
member,classic_bike,2,Monday,2025-12,3,3,24.938866666666666
member,classic_bike,2,Monday,2025-12,4,17,165.50385
member,classic_bike,2,Monday,2025-12,5,86,932.72475
member,classic_bike,2,Monday,2025-12,6,186,2279.591733333333
member,classic_bike,2,Monday,2025-12,7,428,7478.170133333333
member,classic_bike,2,Monday,2025-12,8,547,8042.624316666666
member,classic_bike,2,Monday,2025-12,9,316,4654.097
member,classic_bike,2,Monday,2025-12,10,241,3094.0588833333336
member,classic_bike,2,Monday,2025-12,11,274,2549.9041666666667
member,classic_bike,2,Monday,2025-12,12,335,3756.31915
member,classic_bike,2,Monday,2025-12,13,305,3502.0052166666665
member,classic_bike,2,Monday,2025-12,14,331,5062.566566666666
member,classic_bike,2,Monday,2025-12,15,463,7543.736016666667
member,classic_bike,2,Monday,2025-12,16,611,8607.704566666667
member,classic_bike,2,Monday,2025-12,17,671,9538.3259
member,classic_bike,2,Monday,2025-12,18,463,5940.9959
member,classic_bike,2,Monday,2025-12,19,270,2911.9405166666666
member,classic_bike,2,Monday,2025-12,20,217,3227.9414666666667
member,classic_bike,2,Monday,2025-12,21,141,1405.6210833333334
member,classic_bike,2,Monday,2025-12,22,90,1427.3176833333332
member,classic_bike,2,Monday,2025-12,23,44,465.4717166666667
member,classic_bike,2,Monday,2026-01,0,18,725.2914166666667
member,classic_bike,2,Monday,2026-01,1,11,140.7979
member,classic_bike,2,Monday,2026-01,2,8,122.6454
member,classic_bike,2,Monday,2026-01,3,1,30.462133333333334
member,classic_bike,2,Monday,2026-01,4,9,131.4168
member,classic_bike,2,Monday,2026-01,5,84,750.3623333333334
member,classic_bike,2,Monday,2026-01,6,167,3189.4076666666665
member,classic_bike,2,Monday,2026-01,7,362,5119.2233166666665
member,classic_bike,2,Monday,2026-01,8,488,8959.251016666667
member,classic_bike,2,Monday,2026-01,9,259,3307.851833333333
member,classic_bike,2,Monday,2026-01,10,182,4925.3148
member,classic_bike,2,Monday,2026-01,11,231,2748.89385
member,classic_bike,2,Monday,2026-01,12,284,4037.9206666666664
member,classic_bike,2,Monday,2026-01,13,268,2598.4731
member,classic_bike,2,Monday,2026-01,14,244,5026.785883333333
member,classic_bike,2,Monday,2026-01,15,410,5751.396783333334
member,classic_bike,2,Monday,2026-01,16,594,8567.483233333332
member,classic_bike,2,Monday,2026-01,17,642,12985.179266666666
member,classic_bike,2,Monday,2026-01,18,462,7748.3697833333335
member,classic_bike,2,Monday,2026-01,19,261,5869.081583333334
member,classic_bike,2,Monday,2026-01,20,189,1898.5176000000001
member,classic_bike,2,Monday,2026-01,21,112,997.6615666666667
member,classic_bike,2,Monday,2026-01,22,68,2358.2594333333336
member,classic_bike,2,Monday,2026-01,23,43,427.5582333333333
member,classic_bike,2,Monday,2026-02,0,18,128.8687
member,classic_bike,2,Monday,2026-02,1,10,117.37841666666667
member,classic_bike,2,Monday,2026-02,2,7,452.38295000000005
member,classic_bike,2,Monday,2026-02,3,5,68.04008333333333
member,classic_bike,2,Monday,2026-02,4,9,127.014
member,classic_bike,2,Monday,2026-02,5,85,942.5770166666666
member,classic_bike,2,Monday,2026-02,6,200,1982.8709166666667
member,classic_bike,2,Monday,2026-02,7,519,5904.4141666666665
member,classic_bike,2,Monday,2026-02,8,607,6117.8348166666665
member,classic_bike,2,Monday,2026-02,9,390,4166.187783333333
member,classic_bike,2,Monday,2026-02,10,288,4260.6974
member,classic_bike,2,Monday,2026-02,11,334,3941.087716666667
member,classic_bike,2,Monday,2026-02,12,406,4820.152633333333
member,classic_bike,2,Monday,2026-02,13,434,5704.670733333333
member,classic_bike,2,Monday,2026-02,14,449,5727.4204666666665
member,classic_bike,2,Monday,2026-02,15,624,7640.30905
member,classic_bike,2,Monday,2026-02,16,875,11466.540566666667
member,classic_bike,2,Monday,2026-02,17,1000,12448.7863
member,classic_bike,2,Monday,2026-02,18,666,6899.22215
member,classic_bike,2,Monday,2026-02,19,409,4217.5561333333335
member,classic_bike,2,Monday,2026-02,20,312,4242.734316666667
member,classic_bike,2,Monday,2026-02,21,222,2250.3200333333334
member,classic_bike,2,Monday,2026-02,22,93,858.47875
member,classic_bike,2,Monday,2026-02,23,43,474.83748333333335
member,classic_bike,2,Monday,2026-03,0,30,392.1401833333333
member,classic_bike,2,Monday,2026-03,1,23,302.7955166666667
member,classic_bike,2,Monday,2026-03,2,15,225.66525
member,classic_bike,2,Monday,2026-03,3,7,46.77976666666666
member,classic_bike,2,Monday,2026-03,4,34,292.84023333333334
member,classic_bike,2,Monday,2026-03,5,115,1313.1642833333333
member,classic_bike,2,Monday,2026-03,6,358,3798.459283333333
member,classic_bike,2,Monday,2026-03,7,844,11364.735883333333
member,classic_bike,2,Monday,2026-03,8,1084,15749.556266666666
member,classic_bike,2,Monday,2026-03,9,624,6558.396216666667
member,classic_bike,2,Monday,2026-03,10,416,5153.125033333334
member,classic_bike,2,Monday,2026-03,11,534,5812.32145
member,classic_bike,2,Monday,2026-03,12,664,7612.331066666667
member,classic_bike,2,Monday,2026-03,13,651,8027.8805
member,classic_bike,2,Monday,2026-03,14,665,10735.004500000001
member,classic_bike,2,Monday,2026-03,15,934,15478.76855
member,classic_bike,2,Monday,2026-03,16,1433,23205.9745
member,classic_bike,2,Monday,2026-03,17,2027,29935.06135
member,classic_bike,2,Monday,2026-03,18,1414,19610.754016666666
member,classic_bike,2,Monday,2026-03,19,930,12244.228000000001
member,classic_bike,2,Monday,2026-03,20,604,8119.1751
member,classic_bike,2,Monday,2026-03,21,413,5305.730866666667
member,classic_bike,2,Monday,2026-03,22,215,2261.1118166666665
member,classic_bike,2,Monday,2026-03,23,78,757.9525333333333
member,classic_bike,2,Monday,2026-04,0,22,226.77188333333334
member,classic_bike,2,Monday,2026-04,1,10,108.09776666666667
member,classic_bike,2,Monday,2026-04,2,5,86.90635
member,classic_bike,2,Monday,2026-04,3,9,158.0093
member,classic_bike,2,Monday,2026-04,4,23,279.80578333333335
member,classic_bike,2,Monday,2026-04,5,136,1687.0136333333332
member,classic_bike,2,Monday,2026-04,6,403,4660.923
member,classic_bike,2,Monday,2026-04,7,927,10820.974716666668
member,classic_bike,2,Monday,2026-04,8,1233,15967.522616666667
member,classic_bike,2,Monday,2026-04,9,654,7130.718616666667
member,classic_bike,2,Monday,2026-04,10,410,4810.8374
member,classic_bike,2,Monday,2026-04,11,555,5730.977966666666
member,classic_bike,2,Monday,2026-04,12,570,5936.040033333334
member,classic_bike,2,Monday,2026-04,13,506,5461.578883333334
member,classic_bike,2,Monday,2026-04,14,548,5770.226066666667
member,classic_bike,2,Monday,2026-04,15,797,9627.798833333334
member,classic_bike,2,Monday,2026-04,16,1438,20567.452116666667
member,classic_bike,2,Monday,2026-04,17,1838,25533.36525
member,classic_bike,2,Monday,2026-04,18,1279,17926.46355
member,classic_bike,2,Monday,2026-04,19,695,9482.05385
member,classic_bike,2,Monday,2026-04,20,460,5045.248683333333
member,classic_bike,2,Monday,2026-04,21,342,4936.2575
member,classic_bike,2,Monday,2026-04,22,213,4059.5702333333334
member,classic_bike,2,Monday,2026-04,23,111,1335.7599666666667
member,classic_bike,2,Monday,2026-05,0,84,989.7787833333333
member,classic_bike,2,Monday,2026-05,1,34,370.87708333333336
member,classic_bike,2,Monday,2026-05,2,22,280.38323333333335
member,classic_bike,2,Monday,2026-05,3,16,168.0864
member,classic_bike,2,Monday,2026-05,4,29,341.02658333333335
member,classic_bike,2,Monday,2026-05,5,153,1645.9241166666666
member,classic_bike,2,Monday,2026-05,6,461,5908.054033333334
member,classic_bike,2,Monday,2026-05,7,1011,13079.187083333334
member,classic_bike,2,Monday,2026-05,8,1239,16145.90155
member,classic_bike,2,Monday,2026-05,9,848,10064.975983333334
member,classic_bike,2,Monday,2026-05,10,663,9691.917916666667
member,classic_bike,2,Monday,2026-05,11,724,10320.147433333334
member,classic_bike,2,Monday,2026-05,12,972,14705.891166666666
member,classic_bike,2,Monday,2026-05,13,901,13383.898883333333
member,classic_bike,2,Monday,2026-05,14,908,18328.316
member,classic_bike,2,Monday,2026-05,15,1283,20230.52435
member,classic_bike,2,Monday,2026-05,16,1687,26708.449616666665
member,classic_bike,2,Monday,2026-05,17,2017,31129.669283333333
member,classic_bike,2,Monday,2026-05,18,1431,21700.56335
member,classic_bike,2,Monday,2026-05,19,995,14301.133166666667
member,classic_bike,2,Monday,2026-05,20,653,10187.365
member,classic_bike,2,Monday,2026-05,21,464,5412.477066666666
member,classic_bike,2,Monday,2026-05,22,227,4592.6551
member,classic_bike,2,Monday,2026-05,23,125,1597.99985
member,classic_bike,2,Monday,2026-06,0,85,1056.109
member,classic_bike,2,Monday,2026-06,1,51,841.9222333333333
member,classic_bike,2,Monday,2026-06,2,34,547.109
member,classic_bike,2,Monday,2026-06,3,16,252.44338333333334
member,classic_bike,2,Monday,2026-06,4,42,509.73168333333336
member,classic_bike,2,Monday,2026-06,5,257,3501.79835
member,classic_bike,2,Monday,2026-06,6,812,10159.6584
member,classic_bike,2,Monday,2026-06,7,1671,20504.9394
member,classic_bike,2,Monday,2026-06,8,1891,24114.770516666667
member,classic_bike,2,Monday,2026-06,9,1047,11905.357616666666
member,classic_bike,2,Monday,2026-06,10,827,10715.799766666667
member,classic_bike,2,Monday,2026-06,11,916,11196.04005
member,classic_bike,2,Monday,2026-06,12,1097,13155.654266666666
member,classic_bike,2,Monday,2026-06,13,1100,13575.5098
member,classic_bike,2,Monday,2026-06,14,1001,13484.4959
member,classic_bike,2,Monday,2026-06,15,1349,19029.4312
member,classic_bike,2,Monday,2026-06,16,2157,28807.132983333333
member,classic_bike,2,Monday,2026-06,17,2924,43543.1485
member,classic_bike,2,Monday,2026-06,18,2483,38283.40108333333
member,classic_bike,2,Monday,2026-06,19,1904,25902.55965
member,classic_bike,2,Monday,2026-06,20,1291,20038.630366666668
member,classic_bike,2,Monday,2026-06,21,807,10948.4142
member,classic_bike,2,Monday,2026-06,22,471,5911.722766666667
member,classic_bike,2,Monday,2026-06,23,223,2809.1192333333333
member,classic_bike,2,Monday,2026-07,0,97,1223.81425
member,classic_bike,2,Monday,2026-07,1,29,1250.3885500000001
member,classic_bike,2,Monday,2026-07,2,28,436.7615666666667
member,classic_bike,2,Monday,2026-07,3,21,391.1651166666667
member,classic_bike,2,Monday,2026-07,4,40,516.4001333333333
member,classic_bike,2,Monday,2026-07,5,212,2897.1084
member,classic_bike,2,Monday,2026-07,6,687,8635.15095
member,classic_bike,2,Monday,2026-07,7,1261,14362.947066666668
member,classic_bike,2,Monday,2026-07,8,1600,18821.032066666667
member,classic_bike,2,Monday,2026-07,9,862,10400.40135
member,classic_bike,2,Monday,2026-07,10,657,8414.191833333332
member,classic_bike,2,Monday,2026-07,11,671,7726.736233333333
member,classic_bike,2,Monday,2026-07,12,700,8357.0601
member,classic_bike,2,Monday,2026-07,13,633,7739.6428166666665
member,classic_bike,2,Monday,2026-07,14,680,8339.01065
member,classic_bike,2,Monday,2026-07,15,1003,13161.819016666666
member,classic_bike,2,Monday,2026-07,16,1625,24337.00155
member,classic_bike,2,Monday,2026-07,17,2163,35081.1889
member,classic_bike,2,Monday,2026-07,18,2095,30840.2049
member,classic_bike,2,Monday,2026-07,19,1415,20872.31088333333
member,classic_bike,2,Monday,2026-07,20,1028,14196.53255
member,classic_bike,2,Monday,2026-07,21,763,9782.290266666667
member,classic_bike,2,Monday,2026-07,22,349,5179.994366666667
member,classic_bike,2,Monday,2026-07,23,188,2514.342833333333
member,classic_bike,2,Monday,2026-08,0,85,1550.4843833333334
member,classic_bike,2,Monday,2026-08,1,44,526.2798666666666
member,classic_bike,2,Monday,2026-08,2,26,338.2370666666667
member,classic_bike,2,Monday,2026-08,3,19,211.03040000000001
member,classic_bike,2,Monday,2026-08,4,57,715.9161666666666
member,classic_bike,2,Monday,2026-08,5,274,3817.0161333333335
member,classic_bike,2,Monday,2026-08,6,739,9645.143316666667
member,classic_bike,2,Monday,2026-08,7,1467,17587.541766666665
member,classic_bike,2,Monday,2026-08,8,1715,21579.04221666667
member,classic_bike,2,Monday,2026-08,9,978,11042.87765
member,classic_bike,2,Monday,2026-08,10,789,12067.357399999999
member,classic_bike,2,Monday,2026-08,11,990,12946.9537
member,classic_bike,2,Monday,2026-08,12,1095,15023.430566666666
member,classic_bike,2,Monday,2026-08,13,1078,12987.267416666667
member,classic_bike,2,Monday,2026-08,14,962,13392.658483333333
member,classic_bike,2,Monday,2026-08,15,1356,18881.55075
member,classic_bike,2,Monday,2026-08,16,2235,29850.86735
member,classic_bike,2,Monday,2026-08,17,2904,39704.97215
member,classic_bike,2,Monday,2026-08,18,2624,40751.88046666667
member,classic_bike,2,Monday,2026-08,19,1835,26682.455633333335
member,classic_bike,2,Monday,2026-08,20,1264,19239.456416666668
member,classic_bike,2,Monday,2026-08,21,810,11081.940433333333
member,classic_bike,2,Monday,2026-08,22,424,5719.099516666666
member,classic_bike,2,Monday,2026-08,23,188,2721.0013
member,classic_bike,3,Tuesday,2025-09,0,101,1227.1154833333333
member,classic_bike,3,Tuesday,2025-09,1,35,474.13086666666663
member,classic_bike,3,Tuesday,2025-09,2,21,318.9870833333333
member,classic_bike,3,Tuesday,2025-09,3,13,204.32958333333332
member,classic_bike,3,Tuesday,2025-09,4,55,739.53745
member,classic_bike,3,Tuesday,2025-09,5,315,3796.93735
member,classic_bike,3,Tuesday,2025-09,6,981,10977.102366666666
member,classic_bike,3,Tuesday,2025-09,7,2254,27426.63695
member,classic_bike,3,Tuesday,2025-09,8,2677,33693.039183333334
member,classic_bike,3,Tuesday,2025-09,9,1328,16356.544266666668
member,classic_bike,3,Tuesday,2025-09,10,894,10467.049416666667
member,classic_bike,3,Tuesday,2025-09,11,1087,13507.389466666667
member,classic_bike,3,Tuesday,2025-09,12,1388,16517.856483333333
member,classic_bike,3,Tuesday,2025-09,13,1256,15210.197766666666
member,classic_bike,3,Tuesday,2025-09,14,1201,16150.300266666667
member,classic_bike,3,Tuesday,2025-09,15,1761,23292.7574
member,classic_bike,3,Tuesday,2025-09,16,2875,43522.87538333333
member,classic_bike,3,Tuesday,2025-09,17,4057,62548.3905
member,classic_bike,3,Tuesday,2025-09,18,3001,41783.62923333333
member,classic_bike,3,Tuesday,2025-09,19,1856,26697.744
member,classic_bike,3,Tuesday,2025-09,20,1225,16224.589716666667
member,classic_bike,3,Tuesday,2025-09,21,905,12397.091766666666
member,classic_bike,3,Tuesday,2025-09,22,488,8818.604183333333
member,classic_bike,3,Tuesday,2025-09,23,197,3562.20495
member,classic_bike,3,Tuesday,2025-10,0,46,507.0051666666667
member,classic_bike,3,Tuesday,2025-10,1,18,157.35133333333334
member,classic_bike,3,Tuesday,2025-10,2,9,134.99926666666667
member,classic_bike,3,Tuesday,2025-10,3,10,60.39491666666666
member,classic_bike,3,Tuesday,2025-10,4,25,215.48953333333333
member,classic_bike,3,Tuesday,2025-10,5,179,2293.2978
member,classic_bike,3,Tuesday,2025-10,6,593,7624.3331499999995
member,classic_bike,3,Tuesday,2025-10,7,1343,18644.72366666667
member,classic_bike,3,Tuesday,2025-10,8,1674,21456.334733333333
member,classic_bike,3,Tuesday,2025-10,9,781,9596.88445
member,classic_bike,3,Tuesday,2025-10,10,624,7632.8542
member,classic_bike,3,Tuesday,2025-10,11,730,9277.527166666667
member,classic_bike,3,Tuesday,2025-10,12,885,10328.961833333333
member,classic_bike,3,Tuesday,2025-10,13,846,9676.247633333334
member,classic_bike,3,Tuesday,2025-10,14,786,9723.72075
member,classic_bike,3,Tuesday,2025-10,15,1207,15443.234633333333
member,classic_bike,3,Tuesday,2025-10,16,1869,23623.252083333333
member,classic_bike,3,Tuesday,2025-10,17,2366,34476.12813333333
member,classic_bike,3,Tuesday,2025-10,18,1709,21014.137433333333
member,classic_bike,3,Tuesday,2025-10,19,1019,13023.032483333332
member,classic_bike,3,Tuesday,2025-10,20,658,7448.950983333333
member,classic_bike,3,Tuesday,2025-10,21,538,6196.76445
member,classic_bike,3,Tuesday,2025-10,22,286,4394.664716666666
member,classic_bike,3,Tuesday,2025-10,23,147,1611.7501166666666
member,classic_bike,3,Tuesday,2025-11,0,33,459.8564666666667
member,classic_bike,3,Tuesday,2025-11,1,9,121.34158333333333
member,classic_bike,3,Tuesday,2025-11,2,8,29.335816666666666
member,classic_bike,3,Tuesday,2025-11,3,3,39.709583333333335
member,classic_bike,3,Tuesday,2025-11,4,21,452.29651666666666
member,classic_bike,3,Tuesday,2025-11,5,129,2089.7197
member,classic_bike,3,Tuesday,2025-11,6,399,5832.78295
member,classic_bike,3,Tuesday,2025-11,7,880,12097.647183333333
member,classic_bike,3,Tuesday,2025-11,8,1218,16019.227533333333
member,classic_bike,3,Tuesday,2025-11,9,651,7447.644033333333
member,classic_bike,3,Tuesday,2025-11,10,465,6228.228316666667
member,classic_bike,3,Tuesday,2025-11,11,511,5819.05055
member,classic_bike,3,Tuesday,2025-11,12,703,6931.895566666667
member,classic_bike,3,Tuesday,2025-11,13,666,6534.647166666667
member,classic_bike,3,Tuesday,2025-11,14,629,7979.995316666666
member,classic_bike,3,Tuesday,2025-11,15,893,10392.451533333333
member,classic_bike,3,Tuesday,2025-11,16,1333,19469.489916666666
member,classic_bike,3,Tuesday,2025-11,17,1581,22410.277933333335
member,classic_bike,3,Tuesday,2025-11,18,1165,14844.734266666666
member,classic_bike,3,Tuesday,2025-11,19,743,12349.583016666667
member,classic_bike,3,Tuesday,2025-11,20,545,7450.218116666667
member,classic_bike,3,Tuesday,2025-11,21,343,4510.627216666667
member,classic_bike,3,Tuesday,2025-11,22,200,2306.7381
member,classic_bike,3,Tuesday,2025-11,23,94,1052.9790833333334
member,classic_bike,3,Tuesday,2025-12,0,25,262.0580166666667
member,classic_bike,3,Tuesday,2025-12,1,8,34.419399999999996
member,classic_bike,3,Tuesday,2025-12,2,7,65.4087
member,classic_bike,3,Tuesday,2025-12,3,5,851.8439333333333
member,classic_bike,3,Tuesday,2025-12,4,15,256.41106666666667
member,classic_bike,3,Tuesday,2025-12,5,94,2409.4137833333334
member,classic_bike,3,Tuesday,2025-12,6,240,5232.619816666666
member,classic_bike,3,Tuesday,2025-12,7,548,7286.690766666667
member,classic_bike,3,Tuesday,2025-12,8,689,9938.565133333334
member,classic_bike,3,Tuesday,2025-12,9,390,4179.607333333333
member,classic_bike,3,Tuesday,2025-12,10,322,3501.7057
member,classic_bike,3,Tuesday,2025-12,11,313,3638.579366666667
member,classic_bike,3,Tuesday,2025-12,12,355,4214.39795
member,classic_bike,3,Tuesday,2025-12,13,424,4646.137966666667
member,classic_bike,3,Tuesday,2025-12,14,420,7808.984483333334
member,classic_bike,3,Tuesday,2025-12,15,607,16598.51115
member,classic_bike,3,Tuesday,2025-12,16,784,23016.6434
member,classic_bike,3,Tuesday,2025-12,17,867,18719.74783333333
member,classic_bike,3,Tuesday,2025-12,18,583,12331.61125
member,classic_bike,3,Tuesday,2025-12,19,391,5978.895733333333
member,classic_bike,3,Tuesday,2025-12,20,207,3279.3664833333332
member,classic_bike,3,Tuesday,2025-12,21,170,2468.493016666667
member,classic_bike,3,Tuesday,2025-12,22,117,2687.3695333333335
member,classic_bike,3,Tuesday,2025-12,23,66,1184.3211833333332
member,classic_bike,3,Tuesday,2026-01,0,14,134.89398333333332
member,classic_bike,3,Tuesday,2026-01,1,11,70.51818333333333
member,classic_bike,3,Tuesday,2026-01,2,1,4.367500000000001
member,classic_bike,3,Tuesday,2026-01,3,6,127.19406666666667
member,classic_bike,3,Tuesday,2026-01,4,11,199.71075000000002
member,classic_bike,3,Tuesday,2026-01,5,102,986.03295
member,classic_bike,3,Tuesday,2026-01,6,256,3382.68285
member,classic_bike,3,Tuesday,2026-01,7,521,9879.145016666667
member,classic_bike,3,Tuesday,2026-01,8,786,12512.436616666666
member,classic_bike,3,Tuesday,2026-01,9,394,6372.9001333333335
member,classic_bike,3,Tuesday,2026-01,10,264,3177.2943833333334
member,classic_bike,3,Tuesday,2026-01,11,286,3749.479983333333
member,classic_bike,3,Tuesday,2026-01,12,389,4169.7793
member,classic_bike,3,Tuesday,2026-01,13,336,3461.4051833333333
member,classic_bike,3,Tuesday,2026-01,14,276,2888.0589666666665
member,classic_bike,3,Tuesday,2026-01,15,490,7896.852533333334
member,classic_bike,3,Tuesday,2026-01,16,817,10524.92985
member,classic_bike,3,Tuesday,2026-01,17,932,11853.622283333334
member,classic_bike,3,Tuesday,2026-01,18,637,7726.17415
member,classic_bike,3,Tuesday,2026-01,19,378,5740.172683333333
member,classic_bike,3,Tuesday,2026-01,20,294,5302.117433333333
member,classic_bike,3,Tuesday,2026-01,21,184,4873.162433333333
member,classic_bike,3,Tuesday,2026-01,22,98,1176.0839666666666
member,classic_bike,3,Tuesday,2026-01,23,37,1258.7491166666666
member,classic_bike,3,Tuesday,2026-02,0,16,111.709
member,classic_bike,3,Tuesday,2026-02,1,8,73.36248333333333
member,classic_bike,3,Tuesday,2026-02,2,10,117.69163333333334
member,classic_bike,3,Tuesday,2026-02,3,7,81.00838333333333
member,classic_bike,3,Tuesday,2026-02,4,21,293.63756666666666
member,classic_bike,3,Tuesday,2026-02,5,116,1352.00215
member,classic_bike,3,Tuesday,2026-02,6,303,3203.0800666666664
member,classic_bike,3,Tuesday,2026-02,7,782,9827.96105
member,classic_bike,3,Tuesday,2026-02,8,1060,12110.7906
member,classic_bike,3,Tuesday,2026-02,9,506,5281.288466666667
member,classic_bike,3,Tuesday,2026-02,10,333,3358.4099166666665
member,classic_bike,3,Tuesday,2026-02,11,375,3852.9853333333335
member,classic_bike,3,Tuesday,2026-02,12,413,3920.781266666667
member,classic_bike,3,Tuesday,2026-02,13,407,5246.854516666667
member,classic_bike,3,Tuesday,2026-02,14,352,6206.9244499999995
member,classic_bike,3,Tuesday,2026-02,15,566,6556.79395
member,classic_bike,3,Tuesday,2026-02,16,991,11890.099333333334
member,classic_bike,3,Tuesday,2026-02,17,1149,14435.903316666667
member,classic_bike,3,Tuesday,2026-02,18,815,8825.2797
member,classic_bike,3,Tuesday,2026-02,19,508,8521.806883333333
member,classic_bike,3,Tuesday,2026-02,20,350,3460.6075666666666
member,classic_bike,3,Tuesday,2026-02,21,207,2038.8003
member,classic_bike,3,Tuesday,2026-02,22,124,1141.5254666666667
member,classic_bike,3,Tuesday,2026-02,23,61,516.0166333333333
member,classic_bike,3,Tuesday,2026-03,0,40,418.0695166666667
member,classic_bike,3,Tuesday,2026-03,1,18,224.76911666666666
member,classic_bike,3,Tuesday,2026-03,2,13,534.3865499999999
member,classic_bike,3,Tuesday,2026-03,3,16,312.7795
member,classic_bike,3,Tuesday,2026-03,4,41,432.578
member,classic_bike,3,Tuesday,2026-03,5,150,1548.4929833333333
member,classic_bike,3,Tuesday,2026-03,6,421,6010.8241
member,classic_bike,3,Tuesday,2026-03,7,1057,14203.523233333333
member,classic_bike,3,Tuesday,2026-03,8,1355,15394.375033333334
member,classic_bike,3,Tuesday,2026-03,9,650,6713.726183333333
member,classic_bike,3,Tuesday,2026-03,10,418,4596.52875
member,classic_bike,3,Tuesday,2026-03,11,389,3781.232666666667
member,classic_bike,3,Tuesday,2026-03,12,495,4759.281433333334
member,classic_bike,3,Tuesday,2026-03,13,471,6261.7687
member,classic_bike,3,Tuesday,2026-03,14,483,5412.430716666667
member,classic_bike,3,Tuesday,2026-03,15,657,7079.640416666667
member,classic_bike,3,Tuesday,2026-03,16,1152,13557.935583333334
member,classic_bike,3,Tuesday,2026-03,17,1390,16871.572333333334
member,classic_bike,3,Tuesday,2026-03,18,826,11272.899566666667
member,classic_bike,3,Tuesday,2026-03,19,584,6915.6715
member,classic_bike,3,Tuesday,2026-03,20,413,4977.813366666666
member,classic_bike,3,Tuesday,2026-03,21,235,2101.784166666667
member,classic_bike,3,Tuesday,2026-03,22,158,1365.90445
member,classic_bike,3,Tuesday,2026-03,23,73,1042.8267666666666
member,classic_bike,3,Tuesday,2026-04,0,60,757.4057333333334
member,classic_bike,3,Tuesday,2026-04,1,22,233.49201666666667
member,classic_bike,3,Tuesday,2026-04,2,11,491.50778333333335
member,classic_bike,3,Tuesday,2026-04,3,9,116.72391666666667
member,classic_bike,3,Tuesday,2026-04,4,27,353.70028333333335
member,classic_bike,3,Tuesday,2026-04,5,127,1373.7289666666666
member,classic_bike,3,Tuesday,2026-04,6,418,4564.900483333334
member,classic_bike,3,Tuesday,2026-04,7,893,10696.61855
member,classic_bike,3,Tuesday,2026-04,8,1395,16308.228066666667
member,classic_bike,3,Tuesday,2026-04,9,714,7381.734016666666
member,classic_bike,3,Tuesday,2026-04,10,506,5840.9946666666665
member,classic_bike,3,Tuesday,2026-04,11,660,7084.632116666667
member,classic_bike,3,Tuesday,2026-04,12,769,8184.843516666667
member,classic_bike,3,Tuesday,2026-04,13,673,9239.308033333333
member,classic_bike,3,Tuesday,2026-04,14,714,10392.418433333334
member,classic_bike,3,Tuesday,2026-04,15,848,10865.043333333333
member,classic_bike,3,Tuesday,2026-04,16,1759,23731.97405
member,classic_bike,3,Tuesday,2026-04,17,2177,30835.157783333332
member,classic_bike,3,Tuesday,2026-04,18,1671,23930.60785
member,classic_bike,3,Tuesday,2026-04,19,1132,14435.7467
member,classic_bike,3,Tuesday,2026-04,20,688,8702.700516666666
member,classic_bike,3,Tuesday,2026-04,21,515,5919.93295
member,classic_bike,3,Tuesday,2026-04,22,247,2911.7323
member,classic_bike,3,Tuesday,2026-04,23,98,1260.6299666666666
member,classic_bike,3,Tuesday,2026-05,0,56,601.8833166666667
member,classic_bike,3,Tuesday,2026-05,1,27,487.9630666666667
member,classic_bike,3,Tuesday,2026-05,2,16,165.70100000000002
member,classic_bike,3,Tuesday,2026-05,3,22,196.40451666666667
member,classic_bike,3,Tuesday,2026-05,4,37,370.54266666666666
member,classic_bike,3,Tuesday,2026-05,5,200,2281.3663833333335
member,classic_bike,3,Tuesday,2026-05,6,573,7282.1349
member,classic_bike,3,Tuesday,2026-05,7,1136,14545.304133333333
member,classic_bike,3,Tuesday,2026-05,8,1519,18288.99205
member,classic_bike,3,Tuesday,2026-05,9,835,8878.188133333333
member,classic_bike,3,Tuesday,2026-05,10,607,6836.424016666667
member,classic_bike,3,Tuesday,2026-05,11,732,8488.492416666666
member,classic_bike,3,Tuesday,2026-05,12,864,9458.23375
member,classic_bike,3,Tuesday,2026-05,13,742,8655.2539
member,classic_bike,3,Tuesday,2026-05,14,726,8211.03345
member,classic_bike,3,Tuesday,2026-05,15,960,12328.699566666666
member,classic_bike,3,Tuesday,2026-05,16,1602,21788.740433333332
member,classic_bike,3,Tuesday,2026-05,17,2135,30042.681233333333
member,classic_bike,3,Tuesday,2026-05,18,1914,29779.993683333334
member,classic_bike,3,Tuesday,2026-05,19,1325,17704.388283333334
member,classic_bike,3,Tuesday,2026-05,20,901,11756.941633333334
member,classic_bike,3,Tuesday,2026-05,21,667,8909.123216666667
member,classic_bike,3,Tuesday,2026-05,22,377,4237.896966666667
member,classic_bike,3,Tuesday,2026-05,23,157,3295.48565
member,classic_bike,3,Tuesday,2026-06,0,112,1806.2249833333333
member,classic_bike,3,Tuesday,2026-06,1,43,632.5187333333333
member,classic_bike,3,Tuesday,2026-06,2,29,1756.5267833333332
member,classic_bike,3,Tuesday,2026-06,3,10,90.09280000000001
member,classic_bike,3,Tuesday,2026-06,4,48,1640.0735666666667
member,classic_bike,3,Tuesday,2026-06,5,328,3792.1934
member,classic_bike,3,Tuesday,2026-06,6,949,12778.672733333333
member,classic_bike,3,Tuesday,2026-06,7,1789,21354.98265
member,classic_bike,3,Tuesday,2026-06,8,2294,27957.94965
member,classic_bike,3,Tuesday,2026-06,9,1156,12966.369666666667
member,classic_bike,3,Tuesday,2026-06,10,833,9795.491316666667
member,classic_bike,3,Tuesday,2026-06,11,980,12533.223816666667
member,classic_bike,3,Tuesday,2026-06,12,1195,14744.441466666667
member,classic_bike,3,Tuesday,2026-06,13,1033,12944.317833333333
member,classic_bike,3,Tuesday,2026-06,14,1052,14619.754883333333
member,classic_bike,3,Tuesday,2026-06,15,1412,21819.684883333335
member,classic_bike,3,Tuesday,2026-06,16,2485,35571.94141666667
member,classic_bike,3,Tuesday,2026-06,17,3461,52269.417083333334
member,classic_bike,3,Tuesday,2026-06,18,2816,42838.178616666664
member,classic_bike,3,Tuesday,2026-06,19,2014,28053.002933333333
member,classic_bike,3,Tuesday,2026-06,20,1419,22150.10755
member,classic_bike,3,Tuesday,2026-06,21,996,14526.011366666668
member,classic_bike,3,Tuesday,2026-06,22,585,7466.6954
member,classic_bike,3,Tuesday,2026-06,23,277,4167.990866666667
member,classic_bike,3,Tuesday,2026-07,0,78,1001.2246666666666
member,classic_bike,3,Tuesday,2026-07,1,24,405.0549
member,classic_bike,3,Tuesday,2026-07,2,18,315.87365
member,classic_bike,3,Tuesday,2026-07,3,14,169.77615
member,classic_bike,3,Tuesday,2026-07,4,45,653.0428833333333
member,classic_bike,3,Tuesday,2026-07,5,262,3491.35985
member,classic_bike,3,Tuesday,2026-07,6,781,8627.245916666667
member,classic_bike,3,Tuesday,2026-07,7,1531,17917.206716666667
member,classic_bike,3,Tuesday,2026-07,8,1938,22641.243683333334
member,classic_bike,3,Tuesday,2026-07,9,1015,13283.73195
member,classic_bike,3,Tuesday,2026-07,10,761,10281.6535
member,classic_bike,3,Tuesday,2026-07,11,792,9949.837433333334
member,classic_bike,3,Tuesday,2026-07,12,934,10895.664483333334
member,classic_bike,3,Tuesday,2026-07,13,910,12601.998333333333
member,classic_bike,3,Tuesday,2026-07,14,883,11225.445833333333
member,classic_bike,3,Tuesday,2026-07,15,1117,16121.408633333333
member,classic_bike,3,Tuesday,2026-07,16,2000,27530.75545
member,classic_bike,3,Tuesday,2026-07,17,2976,46625.142166666665
member,classic_bike,3,Tuesday,2026-07,18,2439,36302.23111666667
member,classic_bike,3,Tuesday,2026-07,19,1801,26412.778733333333
member,classic_bike,3,Tuesday,2026-07,20,1296,19860.915416666667
member,classic_bike,3,Tuesday,2026-07,21,888,12374.041783333334
member,classic_bike,3,Tuesday,2026-07,22,469,7109.620883333333
member,classic_bike,3,Tuesday,2026-07,23,243,3323.47625
member,classic_bike,3,Tuesday,2026-08,0,86,1140.2271666666666
member,classic_bike,3,Tuesday,2026-08,1,31,404.01741666666663
member,classic_bike,3,Tuesday,2026-08,2,20,199.8512
member,classic_bike,3,Tuesday,2026-08,3,14,196.86708333333334
member,classic_bike,3,Tuesday,2026-08,4,41,504.5095166666667
member,classic_bike,3,Tuesday,2026-08,5,247,2814.5475166666665
member,classic_bike,3,Tuesday,2026-08,6,749,9039.249483333333
member,classic_bike,3,Tuesday,2026-08,7,1520,18932.111133333332
member,classic_bike,3,Tuesday,2026-08,8,1978,23785.043183333335
member,classic_bike,3,Tuesday,2026-08,9,1000,12193.868766666666
member,classic_bike,3,Tuesday,2026-08,10,640,7969.2117
member,classic_bike,3,Tuesday,2026-08,11,680,8875.720416666667
member,classic_bike,3,Tuesday,2026-08,12,757,9289.994166666667
member,classic_bike,3,Tuesday,2026-08,13,813,10186.50505
member,classic_bike,3,Tuesday,2026-08,14,847,11390.206283333333
member,classic_bike,3,Tuesday,2026-08,15,1148,15185.124283333333
member,classic_bike,3,Tuesday,2026-08,16,2091,28205.244116666665
member,classic_bike,3,Tuesday,2026-08,17,2871,41171.7048
member,classic_bike,3,Tuesday,2026-08,18,2278,31630.2572
member,classic_bike,3,Tuesday,2026-08,19,1701,26718.414733333335
member,classic_bike,3,Tuesday,2026-08,20,1161,17314.792433333332
member,classic_bike,3,Tuesday,2026-08,21,758,10261.439983333334
member,classic_bike,3,Tuesday,2026-08,22,408,5677.0353
member,classic_bike,3,Tuesday,2026-08,23,170,2588.91115
member,classic_bike,4,Wednesday,2025-09,0,74,1370.1499999999999
member,classic_bike,4,Wednesday,2025-09,1,29,313.44806666666665
member,classic_bike,4,Wednesday,2025-09,2,13,184.49731666666668
member,classic_bike,4,Wednesday,2025-09,3,16,221.25341666666665
member,classic_bike,4,Wednesday,2025-09,4,38,842.2438
member,classic_bike,4,Wednesday,2025-09,5,272,3364.27635
member,classic_bike,4,Wednesday,2025-09,6,806,9737.219883333333
member,classic_bike,4,Wednesday,2025-09,7,1818,23309.43805
member,classic_bike,4,Wednesday,2025-09,8,2197,26763.006116666667
member,classic_bike,4,Wednesday,2025-09,9,1102,13810.16505
member,classic_bike,4,Wednesday,2025-09,10,792,9260.4574
member,classic_bike,4,Wednesday,2025-09,11,939,12232.55205
member,classic_bike,4,Wednesday,2025-09,12,1027,13031.91365
member,classic_bike,4,Wednesday,2025-09,13,968,12341.324716666666
member,classic_bike,4,Wednesday,2025-09,14,962,11772.921166666667
member,classic_bike,4,Wednesday,2025-09,15,1259,16141.113266666667
member,classic_bike,4,Wednesday,2025-09,16,2077,27122.33335
member,classic_bike,4,Wednesday,2025-09,17,2563,36932.58906666667
member,classic_bike,4,Wednesday,2025-09,18,2102,28541.7049
member,classic_bike,4,Wednesday,2025-09,19,1466,19218.72905
member,classic_bike,4,Wednesday,2025-09,20,976,11828.27485
member,classic_bike,4,Wednesday,2025-09,21,686,9147.691433333333
member,classic_bike,4,Wednesday,2025-09,22,420,5294.22025
member,classic_bike,4,Wednesday,2025-09,23,189,2561.7026833333334
member,classic_bike,4,Wednesday,2025-10,0,81,1796.2913333333333
member,classic_bike,4,Wednesday,2025-10,1,44,499.2008333333333
member,classic_bike,4,Wednesday,2025-10,2,9,76.47436666666667
member,classic_bike,4,Wednesday,2025-10,3,4,18.98395
member,classic_bike,4,Wednesday,2025-10,4,28,372.3446833333333
member,classic_bike,4,Wednesday,2025-10,5,275,4189.958816666666
member,classic_bike,4,Wednesday,2025-10,6,779,10489.269533333334
member,classic_bike,4,Wednesday,2025-10,7,1900,28124.999483333333
member,classic_bike,4,Wednesday,2025-10,8,2210,25296.951866666666
member,classic_bike,4,Wednesday,2025-10,9,1164,12538.890833333333
member,classic_bike,4,Wednesday,2025-10,10,912,10234.548
member,classic_bike,4,Wednesday,2025-10,11,957,10253.486166666667
member,classic_bike,4,Wednesday,2025-10,12,1155,12086.844483333334
member,classic_bike,4,Wednesday,2025-10,13,1159,13608.771416666666
member,classic_bike,4,Wednesday,2025-10,14,1125,12443.912983333334
member,classic_bike,4,Wednesday,2025-10,15,1565,18853.268283333335
member,classic_bike,4,Wednesday,2025-10,16,2538,32312.2116
member,classic_bike,4,Wednesday,2025-10,17,3240,46883.92626666667
member,classic_bike,4,Wednesday,2025-10,18,2360,34966.08316666666
member,classic_bike,4,Wednesday,2025-10,19,1426,16159.12315
member,classic_bike,4,Wednesday,2025-10,20,964,12418.509033333334
member,classic_bike,4,Wednesday,2025-10,21,718,10554.568016666666
member,classic_bike,4,Wednesday,2025-10,22,405,5674.60625
member,classic_bike,4,Wednesday,2025-10,23,202,3338.5179000000003
member,classic_bike,4,Wednesday,2025-11,0,57,1046.6256166666667
member,classic_bike,4,Wednesday,2025-11,1,16,1156.1442666666667
member,classic_bike,4,Wednesday,2025-11,2,10,117.87876666666666
member,classic_bike,4,Wednesday,2025-11,3,10,106.05448333333334
member,classic_bike,4,Wednesday,2025-11,4,24,203.46668333333332
member,classic_bike,4,Wednesday,2025-11,5,180,3388.6804666666667
member,classic_bike,4,Wednesday,2025-11,6,511,7583.3616833333335
member,classic_bike,4,Wednesday,2025-11,7,1077,13711.166983333333
member,classic_bike,4,Wednesday,2025-11,8,1372,17742.866133333333
member,classic_bike,4,Wednesday,2025-11,9,669,8084.54595
member,classic_bike,4,Wednesday,2025-11,10,520,5512.60585
member,classic_bike,4,Wednesday,2025-11,11,600,6364.28555
member,classic_bike,4,Wednesday,2025-11,12,676,9664.28915
member,classic_bike,4,Wednesday,2025-11,13,654,11386.678016666667
member,classic_bike,4,Wednesday,2025-11,14,641,9093.403133333333
member,classic_bike,4,Wednesday,2025-11,15,870,12582.566850000001
member,classic_bike,4,Wednesday,2025-11,16,1310,20541.58165
member,classic_bike,4,Wednesday,2025-11,17,1670,20944.09695
member,classic_bike,4,Wednesday,2025-11,18,1128,17089.2014
member,classic_bike,4,Wednesday,2025-11,19,747,11254.160266666666
member,classic_bike,4,Wednesday,2025-11,20,502,9361.744316666667
member,classic_bike,4,Wednesday,2025-11,21,416,6453.576883333333
member,classic_bike,4,Wednesday,2025-11,22,273,3358.271816666667
member,classic_bike,4,Wednesday,2025-11,23,149,3000.7842666666666
member,classic_bike,4,Wednesday,2025-12,0,32,441.62605
member,classic_bike,4,Wednesday,2025-12,1,12,103.40931666666667
member,classic_bike,4,Wednesday,2025-12,2,8,79.16153333333334
member,classic_bike,4,Wednesday,2025-12,3,4,29.939116666666667
member,classic_bike,4,Wednesday,2025-12,4,18,316.69374999999997
member,classic_bike,4,Wednesday,2025-12,5,95,1520.7328499999999
member,classic_bike,4,Wednesday,2025-12,6,222,2973.476416666667
member,classic_bike,4,Wednesday,2025-12,7,544,7318.478783333333
member,classic_bike,4,Wednesday,2025-12,8,532,6931.388333333333
member,classic_bike,4,Wednesday,2025-12,9,411,4512.407716666667
member,classic_bike,4,Wednesday,2025-12,10,302,4033.5900166666665
member,classic_bike,4,Wednesday,2025-12,11,318,3460.7066833333333
member,classic_bike,4,Wednesday,2025-12,12,367,3997.7173666666667
member,classic_bike,4,Wednesday,2025-12,13,376,4020.9117166666665
member,classic_bike,4,Wednesday,2025-12,14,377,5587.53045
member,classic_bike,4,Wednesday,2025-12,15,511,6886.9179
member,classic_bike,4,Wednesday,2025-12,16,685,10207.4012
member,classic_bike,4,Wednesday,2025-12,17,730,11622.697733333334
member,classic_bike,4,Wednesday,2025-12,18,521,8208.888216666666
member,classic_bike,4,Wednesday,2025-12,19,332,6478.321233333333
member,classic_bike,4,Wednesday,2025-12,20,253,3118.02275
member,classic_bike,4,Wednesday,2025-12,21,193,3161.4562333333333
member,classic_bike,4,Wednesday,2025-12,22,110,1271.0285666666666
member,classic_bike,4,Wednesday,2025-12,23,65,1365.4966333333334
member,classic_bike,4,Wednesday,2026-01,0,9,60.06941666666667
member,classic_bike,4,Wednesday,2026-01,1,4,34.758633333333336
member,classic_bike,4,Wednesday,2026-01,2,4,24.1644
member,classic_bike,4,Wednesday,2026-01,3,2,68.63456666666667
member,classic_bike,4,Wednesday,2026-01,4,15,231.81605
member,classic_bike,4,Wednesday,2026-01,5,109,1845.0662333333335
member,classic_bike,4,Wednesday,2026-01,6,260,4475.036983333333
member,classic_bike,4,Wednesday,2026-01,7,504,9171.9818
member,classic_bike,4,Wednesday,2026-01,8,671,11205.851366666668
member,classic_bike,4,Wednesday,2026-01,9,335,4034.2836833333336
member,classic_bike,4,Wednesday,2026-01,10,210,4658.5631
member,classic_bike,4,Wednesday,2026-01,11,251,2527.954833333333
member,classic_bike,4,Wednesday,2026-01,12,301,3724.9764
member,classic_bike,4,Wednesday,2026-01,13,279,3278.5108833333334
member,classic_bike,4,Wednesday,2026-01,14,248,4266.080283333334
member,classic_bike,4,Wednesday,2026-01,15,396,6982.675066666667
member,classic_bike,4,Wednesday,2026-01,16,670,7584.2323166666665
member,classic_bike,4,Wednesday,2026-01,17,747,11334.47375
member,classic_bike,4,Wednesday,2026-01,18,517,8757.123266666666
member,classic_bike,4,Wednesday,2026-01,19,334,4567.9836000000005
member,classic_bike,4,Wednesday,2026-01,20,237,2457.392966666667
member,classic_bike,4,Wednesday,2026-01,21,157,2729.2465666666667
member,classic_bike,4,Wednesday,2026-01,22,99,941.3637833333333
member,classic_bike,4,Wednesday,2026-01,23,42,413.29925000000003
member,classic_bike,4,Wednesday,2026-02,0,26,207.23223333333334
member,classic_bike,4,Wednesday,2026-02,1,10,93.25095
member,classic_bike,4,Wednesday,2026-02,2,5,26.438783333333333
member,classic_bike,4,Wednesday,2026-02,3,4,49.83956666666666
member,classic_bike,4,Wednesday,2026-02,4,23,262.03788333333335
member,classic_bike,4,Wednesday,2026-02,5,119,1119.3149833333334
member,classic_bike,4,Wednesday,2026-02,6,316,3017.165716666667
member,classic_bike,4,Wednesday,2026-02,7,809,10630.6102
member,classic_bike,4,Wednesday,2026-02,8,1046,14634.698766666666
member,classic_bike,4,Wednesday,2026-02,9,531,7057.35885
member,classic_bike,4,Wednesday,2026-02,10,355,4397.82365
member,classic_bike,4,Wednesday,2026-02,11,394,4901.298816666666
member,classic_bike,4,Wednesday,2026-02,12,452,5906.65175
member,classic_bike,4,Wednesday,2026-02,13,423,4401.23245
member,classic_bike,4,Wednesday,2026-02,14,432,4908.979766666666
member,classic_bike,4,Wednesday,2026-02,15,592,7067.6917
member,classic_bike,4,Wednesday,2026-02,16,1110,15388.487683333333
member,classic_bike,4,Wednesday,2026-02,17,1346,20466.986116666667
member,classic_bike,4,Wednesday,2026-02,18,859,9283.430333333334
member,classic_bike,4,Wednesday,2026-02,19,542,5697.5260333333335
member,classic_bike,4,Wednesday,2026-02,20,409,4357.005433333334
member,classic_bike,4,Wednesday,2026-02,21,239,2504.3863499999998
member,classic_bike,4,Wednesday,2026-02,22,159,2763.901283333333
member,classic_bike,4,Wednesday,2026-02,23,57,505.79765
member,classic_bike,4,Wednesday,2026-03,0,31,338.81606666666664
member,classic_bike,4,Wednesday,2026-03,1,8,72.05661666666667
member,classic_bike,4,Wednesday,2026-03,2,4,47.444383333333334
member,classic_bike,4,Wednesday,2026-03,3,6,28.74255
member,classic_bike,4,Wednesday,2026-03,4,16,168.35483333333332
member,classic_bike,4,Wednesday,2026-03,5,102,1138.9719666666667
member,classic_bike,4,Wednesday,2026-03,6,247,3311.6248166666664
member,classic_bike,4,Wednesday,2026-03,7,635,6999.7644
member,classic_bike,4,Wednesday,2026-03,8,909,10172.1717
member,classic_bike,4,Wednesday,2026-03,9,432,4147.357816666667
member,classic_bike,4,Wednesday,2026-03,10,342,4381.151233333333
member,classic_bike,4,Wednesday,2026-03,11,376,4558.912683333333
member,classic_bike,4,Wednesday,2026-03,12,389,3865.8752833333333
member,classic_bike,4,Wednesday,2026-03,13,371,3898.9414333333334
member,classic_bike,4,Wednesday,2026-03,14,380,4621.19535
member,classic_bike,4,Wednesday,2026-03,15,588,6776.298783333334
member,classic_bike,4,Wednesday,2026-03,16,964,13816.4724
member,classic_bike,4,Wednesday,2026-03,17,1167,16606.305166666665
member,classic_bike,4,Wednesday,2026-03,18,1002,13748.62655
member,classic_bike,4,Wednesday,2026-03,19,630,8450.456166666667
member,classic_bike,4,Wednesday,2026-03,20,425,7042.0723333333335
member,classic_bike,4,Wednesday,2026-03,21,276,3245.1192
member,classic_bike,4,Wednesday,2026-03,22,164,1924.6859833333333
member,classic_bike,4,Wednesday,2026-03,23,88,1656.3186999999998
member,classic_bike,4,Wednesday,2026-04,0,56,629.18605
member,classic_bike,4,Wednesday,2026-04,1,29,353.95393333333334
member,classic_bike,4,Wednesday,2026-04,2,17,149.4831
member,classic_bike,4,Wednesday,2026-04,3,11,161.00923333333333
member,classic_bike,4,Wednesday,2026-04,4,30,341.9221
member,classic_bike,4,Wednesday,2026-04,5,172,2191.955933333333
member,classic_bike,4,Wednesday,2026-04,6,483,5283.043583333333
member,classic_bike,4,Wednesday,2026-04,7,1160,14100.241766666666
member,classic_bike,4,Wednesday,2026-04,8,1601,19030.5714
member,classic_bike,4,Wednesday,2026-04,9,820,9541.978733333333
member,classic_bike,4,Wednesday,2026-04,10,555,5874.127066666667
member,classic_bike,4,Wednesday,2026-04,11,592,5370.656283333334
member,classic_bike,4,Wednesday,2026-04,12,783,8431.39235
member,classic_bike,4,Wednesday,2026-04,13,739,7956.8412
member,classic_bike,4,Wednesday,2026-04,14,746,9179.590616666666
member,classic_bike,4,Wednesday,2026-04,15,1103,13343.584166666667
member,classic_bike,4,Wednesday,2026-04,16,1903,26991.493733333333
member,classic_bike,4,Wednesday,2026-04,17,2321,34009.14838333333
member,classic_bike,4,Wednesday,2026-04,18,1794,25252.390583333334
member,classic_bike,4,Wednesday,2026-04,19,1146,16454.69445
member,classic_bike,4,Wednesday,2026-04,20,790,11719.955833333333
member,classic_bike,4,Wednesday,2026-04,21,527,7715.201783333333
member,classic_bike,4,Wednesday,2026-04,22,302,4865.245016666667
member,classic_bike,4,Wednesday,2026-04,23,121,2158.8491166666668
member,classic_bike,4,Wednesday,2026-05,0,82,874.633
member,classic_bike,4,Wednesday,2026-05,1,30,804.0449
member,classic_bike,4,Wednesday,2026-05,2,8,107.30711666666666
member,classic_bike,4,Wednesday,2026-05,3,6,123.99735
member,classic_bike,4,Wednesday,2026-05,4,31,356.89571666666666
member,classic_bike,4,Wednesday,2026-05,5,211,2813.4996333333333
member,classic_bike,4,Wednesday,2026-05,6,646,8025.697533333333
member,classic_bike,4,Wednesday,2026-05,7,1416,17242.389983333334
member,classic_bike,4,Wednesday,2026-05,8,1728,20554.68035
member,classic_bike,4,Wednesday,2026-05,9,847,10719.589966666666
member,classic_bike,4,Wednesday,2026-05,10,613,6975.917
member,classic_bike,4,Wednesday,2026-05,11,708,8908.582233333333
member,classic_bike,4,Wednesday,2026-05,12,807,8866.401933333333
member,classic_bike,4,Wednesday,2026-05,13,744,8425.621266666667
member,classic_bike,4,Wednesday,2026-05,14,743,12767.458616666667
member,classic_bike,4,Wednesday,2026-05,15,1156,16862.499133333335
member,classic_bike,4,Wednesday,2026-05,16,1863,28318.2152
member,classic_bike,4,Wednesday,2026-05,17,2496,37362.16808333333
member,classic_bike,4,Wednesday,2026-05,18,1855,26687.432366666668
member,classic_bike,4,Wednesday,2026-05,19,1261,16943.902433333333
member,classic_bike,4,Wednesday,2026-05,20,836,10854.567533333333
member,classic_bike,4,Wednesday,2026-05,21,605,9484.301816666666
member,classic_bike,4,Wednesday,2026-05,22,344,5780.902483333333
member,classic_bike,4,Wednesday,2026-05,23,155,1732.7665
member,classic_bike,4,Wednesday,2026-06,0,91,1180.8504666666668
member,classic_bike,4,Wednesday,2026-06,1,33,443.0735
member,classic_bike,4,Wednesday,2026-06,2,16,242.95695
member,classic_bike,4,Wednesday,2026-06,3,16,310.9802833333333
member,classic_bike,4,Wednesday,2026-06,4,38,501.8387
member,classic_bike,4,Wednesday,2026-06,5,268,3783.0760666666665
member,classic_bike,4,Wednesday,2026-06,6,767,10192.982016666667
member,classic_bike,4,Wednesday,2026-06,7,1559,19116.592033333334
member,classic_bike,4,Wednesday,2026-06,8,1721,20109.553483333333
member,classic_bike,4,Wednesday,2026-06,9,825,8860.7704
member,classic_bike,4,Wednesday,2026-06,10,615,7907.5767
member,classic_bike,4,Wednesday,2026-06,11,637,7284.83315
member,classic_bike,4,Wednesday,2026-06,12,656,8219.909633333333
member,classic_bike,4,Wednesday,2026-06,13,535,6179.824366666667
member,classic_bike,4,Wednesday,2026-06,14,544,7118.396966666666
member,classic_bike,4,Wednesday,2026-06,15,947,13250.63435
member,classic_bike,4,Wednesday,2026-06,16,1333,18301.7084
member,classic_bike,4,Wednesday,2026-06,17,2143,29626.64921666667
member,classic_bike,4,Wednesday,2026-06,18,1786,24189.6501
member,classic_bike,4,Wednesday,2026-06,19,1125,15008.072266666666
member,classic_bike,4,Wednesday,2026-06,20,818,11104.775783333333
member,classic_bike,4,Wednesday,2026-06,21,665,9857.356933333333
member,classic_bike,4,Wednesday,2026-06,22,336,4296.579833333333
member,classic_bike,4,Wednesday,2026-06,23,175,2166.4406166666668
member,classic_bike,4,Wednesday,2026-07,0,141,1997.9853166666667
member,classic_bike,4,Wednesday,2026-07,1,45,595.3017833333333
member,classic_bike,4,Wednesday,2026-07,2,30,385.2599666666667
member,classic_bike,4,Wednesday,2026-07,3,16,311.7712333333333
member,classic_bike,4,Wednesday,2026-07,4,58,635.0519
member,classic_bike,4,Wednesday,2026-07,5,364,4831.28335
member,classic_bike,4,Wednesday,2026-07,6,1013,12470.7173
member,classic_bike,4,Wednesday,2026-07,7,1853,22534.314766666666
member,classic_bike,4,Wednesday,2026-07,8,2287,26428.50605
member,classic_bike,4,Wednesday,2026-07,9,1217,15056.461283333334
member,classic_bike,4,Wednesday,2026-07,10,877,11121.936533333334
member,classic_bike,4,Wednesday,2026-07,11,963,11582.720333333333
member,classic_bike,4,Wednesday,2026-07,12,1150,13772.374216666667
member,classic_bike,4,Wednesday,2026-07,13,1029,12905.968716666666
member,classic_bike,4,Wednesday,2026-07,14,981,12913.342983333334
member,classic_bike,4,Wednesday,2026-07,15,1361,18282.140033333333
member,classic_bike,4,Wednesday,2026-07,16,2506,36324.176016666665
member,classic_bike,4,Wednesday,2026-07,17,3535,51925.48826666667
member,classic_bike,4,Wednesday,2026-07,18,2766,41186.4919
member,classic_bike,4,Wednesday,2026-07,19,2042,31610.084366666666
member,classic_bike,4,Wednesday,2026-07,20,1589,25375.768383333332
member,classic_bike,4,Wednesday,2026-07,21,1235,17493.916116666667
member,classic_bike,4,Wednesday,2026-07,22,706,10553.40615
member,classic_bike,4,Wednesday,2026-07,23,360,5532.122466666667
member,classic_bike,4,Wednesday,2026-08,0,104,1434.0193
member,classic_bike,4,Wednesday,2026-08,1,40,351.6524166666667
member,classic_bike,4,Wednesday,2026-08,2,21,200.27815
member,classic_bike,4,Wednesday,2026-08,3,7,43.14071666666666
member,classic_bike,4,Wednesday,2026-08,4,38,492.92
member,classic_bike,4,Wednesday,2026-08,5,285,3262.10445
member,classic_bike,4,Wednesday,2026-08,6,751,9479.579133333333
member,classic_bike,4,Wednesday,2026-08,7,1531,19360.371916666667
member,classic_bike,4,Wednesday,2026-08,8,1784,21161.971766666666
member,classic_bike,4,Wednesday,2026-08,9,1019,13310.642983333333
member,classic_bike,4,Wednesday,2026-08,10,644,8207.472283333333
member,classic_bike,4,Wednesday,2026-08,11,764,9122.703633333333
member,classic_bike,4,Wednesday,2026-08,12,972,11397.451966666667
member,classic_bike,4,Wednesday,2026-08,13,834,10251.4684
member,classic_bike,4,Wednesday,2026-08,14,839,10253.594633333334
member,classic_bike,4,Wednesday,2026-08,15,1161,14457.945366666667
member,classic_bike,4,Wednesday,2026-08,16,1951,26942.588716666665
member,classic_bike,4,Wednesday,2026-08,17,2660,37369.21415
member,classic_bike,4,Wednesday,2026-08,18,2133,32599.788466666665
member,classic_bike,4,Wednesday,2026-08,19,1560,21648.638233333335
member,classic_bike,4,Wednesday,2026-08,20,1163,19826.694583333334
member,classic_bike,4,Wednesday,2026-08,21,785,11068.403133333333
member,classic_bike,4,Wednesday,2026-08,22,469,6887.272966666666
member,classic_bike,4,Wednesday,2026-08,23,214,3759.8916
member,classic_bike,5,Thursday,2025-09,0,71,827.5020499999999
member,classic_bike,5,Thursday,2025-09,1,39,912.6844333333333
member,classic_bike,5,Thursday,2025-09,2,19,259.2828333333333
member,classic_bike,5,Thursday,2025-09,3,12,131.5513
member,classic_bike,5,Thursday,2025-09,4,31,368.81885
member,classic_bike,5,Thursday,2025-09,5,237,2481.128
member,classic_bike,5,Thursday,2025-09,6,767,9377.622083333334
member,classic_bike,5,Thursday,2025-09,7,1678,21160.8069
member,classic_bike,5,Thursday,2025-09,8,2012,23214.849866666667
member,classic_bike,5,Thursday,2025-09,9,1053,12281.475283333333
member,classic_bike,5,Thursday,2025-09,10,787,11170.238733333334
member,classic_bike,5,Thursday,2025-09,11,892,10576.16715
member,classic_bike,5,Thursday,2025-09,12,1136,13248.365633333333
member,classic_bike,5,Thursday,2025-09,13,966,11196.977116666667
member,classic_bike,5,Thursday,2025-09,14,989,12158.962083333334
member,classic_bike,5,Thursday,2025-09,15,1390,19220.248166666668
member,classic_bike,5,Thursday,2025-09,16,2041,31886.041083333334
member,classic_bike,5,Thursday,2025-09,17,2827,40598.3352
member,classic_bike,5,Thursday,2025-09,18,2230,31444.482566666666
member,classic_bike,5,Thursday,2025-09,19,1388,19365.81835
member,classic_bike,5,Thursday,2025-09,20,901,12536.097
member,classic_bike,5,Thursday,2025-09,21,648,8154.405366666667
member,classic_bike,5,Thursday,2025-09,22,408,5048.1512
member,classic_bike,5,Thursday,2025-09,23,242,2945.9600333333333
member,classic_bike,5,Thursday,2025-10,0,95,2092.4679
member,classic_bike,5,Thursday,2025-10,1,50,583.5066833333333
member,classic_bike,5,Thursday,2025-10,2,17,197.15278333333333
member,classic_bike,5,Thursday,2025-10,3,12,159.40881666666667
member,classic_bike,5,Thursday,2025-10,4,34,456.42225
member,classic_bike,5,Thursday,2025-10,5,242,3500.96535
member,classic_bike,5,Thursday,2025-10,6,790,9867.188766666666
member,classic_bike,5,Thursday,2025-10,7,1825,25390.506533333333
member,classic_bike,5,Thursday,2025-10,8,2286,30102.9139
member,classic_bike,5,Thursday,2025-10,9,1337,16237.98805
member,classic_bike,5,Thursday,2025-10,10,959,11339.25825
member,classic_bike,5,Thursday,2025-10,11,1064,12330.1753
member,classic_bike,5,Thursday,2025-10,12,1326,15190.195
member,classic_bike,5,Thursday,2025-10,13,1232,15286.111833333334
member,classic_bike,5,Thursday,2025-10,14,1144,14219.797333333334
member,classic_bike,5,Thursday,2025-10,15,1674,20963.42355
member,classic_bike,5,Thursday,2025-10,16,2443,33177.06298333334
member,classic_bike,5,Thursday,2025-10,17,3169,44132.81455
member,classic_bike,5,Thursday,2025-10,18,2335,31411.851583333333
member,classic_bike,5,Thursday,2025-10,19,1478,17522.2411
member,classic_bike,5,Thursday,2025-10,20,1019,12611.811233333334
member,classic_bike,5,Thursday,2025-10,21,753,11591.052083333334
member,classic_bike,5,Thursday,2025-10,22,555,9351.990583333334
member,classic_bike,5,Thursday,2025-10,23,321,5212.40505
member,classic_bike,5,Thursday,2025-11,0,80,907.8740666666666
member,classic_bike,5,Thursday,2025-11,1,30,399.4716666666667
member,classic_bike,5,Thursday,2025-11,2,15,108.96719999999999
member,classic_bike,5,Thursday,2025-11,3,9,162.84361666666666
member,classic_bike,5,Thursday,2025-11,4,27,324.35448333333335
member,classic_bike,5,Thursday,2025-11,5,115,1235.2477
member,classic_bike,5,Thursday,2025-11,6,423,6020.622116666666
member,classic_bike,5,Thursday,2025-11,7,998,12374.258566666667
member,classic_bike,5,Thursday,2025-11,8,1209,14495.772066666666
member,classic_bike,5,Thursday,2025-11,9,698,6790.61335
member,classic_bike,5,Thursday,2025-11,10,524,7102.3432
member,classic_bike,5,Thursday,2025-11,11,555,5816.142516666667
member,classic_bike,5,Thursday,2025-11,12,680,9828.075266666667
member,classic_bike,5,Thursday,2025-11,13,638,7872.8628
member,classic_bike,5,Thursday,2025-11,14,573,9540.084499999999
member,classic_bike,5,Thursday,2025-11,15,820,12622.09305
member,classic_bike,5,Thursday,2025-11,16,1157,13978.512616666667
member,classic_bike,5,Thursday,2025-11,17,1472,19416.20775
member,classic_bike,5,Thursday,2025-11,18,1077,14828.853866666666
member,classic_bike,5,Thursday,2025-11,19,713,11021.709966666667
member,classic_bike,5,Thursday,2025-11,20,474,7177.089066666666
member,classic_bike,5,Thursday,2025-11,21,369,4702.423233333333
member,classic_bike,5,Thursday,2025-11,22,291,3677.0312166666668
member,classic_bike,5,Thursday,2025-11,23,135,2581.94655
member,classic_bike,5,Thursday,2025-12,0,28,330.5360166666667
member,classic_bike,5,Thursday,2025-12,1,12,114.96785
member,classic_bike,5,Thursday,2025-12,2,2,6.67115
member,classic_bike,5,Thursday,2025-12,3,4,20.621266666666667
member,classic_bike,5,Thursday,2025-12,4,13,210.71531666666667
member,classic_bike,5,Thursday,2025-12,5,52,508.2727
member,classic_bike,5,Thursday,2025-12,6,155,2074.988033333333
member,classic_bike,5,Thursday,2025-12,7,416,5214.790433333334
member,classic_bike,5,Thursday,2025-12,8,544,7101.742716666667
member,classic_bike,5,Thursday,2025-12,9,289,2861.6285333333335
member,classic_bike,5,Thursday,2025-12,10,241,2498.1113
member,classic_bike,5,Thursday,2025-12,11,310,3126.6816833333332
member,classic_bike,5,Thursday,2025-12,12,339,4006.85095
member,classic_bike,5,Thursday,2025-12,13,237,2812.0935666666664
member,classic_bike,5,Thursday,2025-12,14,216,2770.6571
member,classic_bike,5,Thursday,2025-12,15,318,3818.3213333333333
member,classic_bike,5,Thursday,2025-12,16,476,5512.61035
member,classic_bike,5,Thursday,2025-12,17,627,9134.465766666666
member,classic_bike,5,Thursday,2025-12,18,433,4985.724233333333
member,classic_bike,5,Thursday,2025-12,19,274,2954.7408166666664
member,classic_bike,5,Thursday,2025-12,20,209,2374.1341166666666
member,classic_bike,5,Thursday,2025-12,21,123,2573.1877499999996
member,classic_bike,5,Thursday,2025-12,22,103,1962.60755
member,classic_bike,5,Thursday,2025-12,23,57,1104.2792333333334
member,classic_bike,5,Thursday,2026-01,0,35,1284.98365
member,classic_bike,5,Thursday,2026-01,1,28,474.68573333333336
member,classic_bike,5,Thursday,2026-01,2,28,306.25335
member,classic_bike,5,Thursday,2026-01,3,13,181.72508333333332
member,classic_bike,5,Thursday,2026-01,4,13,269.3217333333333
member,classic_bike,5,Thursday,2026-01,5,71,932.78625
member,classic_bike,5,Thursday,2026-01,6,198,3837.8882166666667
member,classic_bike,5,Thursday,2026-01,7,522,8199.180483333334
member,classic_bike,5,Thursday,2026-01,8,752,11557.256683333333
member,classic_bike,5,Thursday,2026-01,9,376,6931.933233333333
member,classic_bike,5,Thursday,2026-01,10,254,3262.2518833333334
member,classic_bike,5,Thursday,2026-01,11,311,3371.9184833333334
member,classic_bike,5,Thursday,2026-01,12,387,4171.90295
member,classic_bike,5,Thursday,2026-01,13,330,3150.1668
member,classic_bike,5,Thursday,2026-01,14,268,2648.599616666667
member,classic_bike,5,Thursday,2026-01,15,423,7095.913233333333
member,classic_bike,5,Thursday,2026-01,16,622,12533.133466666666
member,classic_bike,5,Thursday,2026-01,17,567,10285.363366666666
member,classic_bike,5,Thursday,2026-01,18,348,5952.95205
member,classic_bike,5,Thursday,2026-01,19,212,2165.0952833333336
member,classic_bike,5,Thursday,2026-01,20,150,3228.6941666666667
member,classic_bike,5,Thursday,2026-01,21,104,1048.34685
member,classic_bike,5,Thursday,2026-01,22,82,764.6847
member,classic_bike,5,Thursday,2026-01,23,46,639.2856166666667
member,classic_bike,5,Thursday,2026-02,0,43,325.2747166666667
member,classic_bike,5,Thursday,2026-02,1,12,89.57473333333334
member,classic_bike,5,Thursday,2026-02,2,6,34.52101666666667
member,classic_bike,5,Thursday,2026-02,3,8,86.63465
member,classic_bike,5,Thursday,2026-02,4,15,191.69136666666665
member,classic_bike,5,Thursday,2026-02,5,112,969.1962166666667
member,classic_bike,5,Thursday,2026-02,6,296,4785.8679
member,classic_bike,5,Thursday,2026-02,7,762,8404.953733333334
member,classic_bike,5,Thursday,2026-02,8,1022,10906.363683333333
member,classic_bike,5,Thursday,2026-02,9,472,4812.690466666667
member,classic_bike,5,Thursday,2026-02,10,291,2792.3170166666664
member,classic_bike,5,Thursday,2026-02,11,365,3441.6431000000002
member,classic_bike,5,Thursday,2026-02,12,431,3788.5702166666665
member,classic_bike,5,Thursday,2026-02,13,371,3758.4407499999998
member,classic_bike,5,Thursday,2026-02,14,424,4070.216766666667
member,classic_bike,5,Thursday,2026-02,15,603,6965.191466666667
member,classic_bike,5,Thursday,2026-02,16,909,12416.926633333333
member,classic_bike,5,Thursday,2026-02,17,1065,13266.283466666668
member,classic_bike,5,Thursday,2026-02,18,693,8480.75025
member,classic_bike,5,Thursday,2026-02,19,466,4590.362516666667
member,classic_bike,5,Thursday,2026-02,20,349,3854.637783333333
member,classic_bike,5,Thursday,2026-02,21,226,2165.1847666666667
member,classic_bike,5,Thursday,2026-02,22,147,1399.0319666666667
member,classic_bike,5,Thursday,2026-02,23,78,839.2897333333333
member,classic_bike,5,Thursday,2026-03,0,55,654.8038166666666
member,classic_bike,5,Thursday,2026-03,1,26,899.8395166666667
member,classic_bike,5,Thursday,2026-03,2,8,55.867000000000004
member,classic_bike,5,Thursday,2026-03,3,8,118.06576666666666
member,classic_bike,5,Thursday,2026-03,4,21,237.04073333333332
member,classic_bike,5,Thursday,2026-03,5,95,1612.77215
member,classic_bike,5,Thursday,2026-03,6,320,4129.058016666667
member,classic_bike,5,Thursday,2026-03,7,775,9688.38335
member,classic_bike,5,Thursday,2026-03,8,1029,12226.354116666667
member,classic_bike,5,Thursday,2026-03,9,578,6714.478383333333
member,classic_bike,5,Thursday,2026-03,10,394,4755.849366666666
member,classic_bike,5,Thursday,2026-03,11,487,5342.51815
member,classic_bike,5,Thursday,2026-03,12,539,6195.122016666666
member,classic_bike,5,Thursday,2026-03,13,516,5291.594816666667
member,classic_bike,5,Thursday,2026-03,14,512,5571.91465
member,classic_bike,5,Thursday,2026-03,15,625,8536.594316666666
member,classic_bike,5,Thursday,2026-03,16,1007,12561.823733333333
member,classic_bike,5,Thursday,2026-03,17,1116,15059.375666666667
member,classic_bike,5,Thursday,2026-03,18,764,8779.752166666667
member,classic_bike,5,Thursday,2026-03,19,445,6220.869316666666
member,classic_bike,5,Thursday,2026-03,20,347,5961.359683333333
member,classic_bike,5,Thursday,2026-03,21,227,2691.95965
member,classic_bike,5,Thursday,2026-03,22,172,2526.4306
member,classic_bike,5,Thursday,2026-03,23,108,1244.4319166666667
member,classic_bike,5,Thursday,2026-04,0,55,588.6163166666666
member,classic_bike,5,Thursday,2026-04,1,32,419.2364
member,classic_bike,5,Thursday,2026-04,2,9,98.84009999999999
member,classic_bike,5,Thursday,2026-04,3,8,99.74050000000001
member,classic_bike,5,Thursday,2026-04,4,38,850.4018166666667
member,classic_bike,5,Thursday,2026-04,5,141,1483.4174166666667
member,classic_bike,5,Thursday,2026-04,6,465,6658.041783333333
member,classic_bike,5,Thursday,2026-04,7,1119,14638.40665
member,classic_bike,5,Thursday,2026-04,8,1580,19285.823416666666
member,classic_bike,5,Thursday,2026-04,9,824,8955.492633333333
member,classic_bike,5,Thursday,2026-04,10,702,9026.287666666667
member,classic_bike,5,Thursday,2026-04,11,793,9623.079016666667
member,classic_bike,5,Thursday,2026-04,12,956,11416.183283333334
member,classic_bike,5,Thursday,2026-04,13,818,10444.513416666667
member,classic_bike,5,Thursday,2026-04,14,821,11520.242683333334
member,classic_bike,5,Thursday,2026-04,15,1244,18273.69761666667
member,classic_bike,5,Thursday,2026-04,16,1920,29480.684916666665
member,classic_bike,5,Thursday,2026-04,17,2268,33038.275433333336
member,classic_bike,5,Thursday,2026-04,18,1707,22556.552033333333
member,classic_bike,5,Thursday,2026-04,19,1109,14529.102333333332
member,classic_bike,5,Thursday,2026-04,20,742,9712.923883333333
member,classic_bike,5,Thursday,2026-04,21,426,5309.720166666667
member,classic_bike,5,Thursday,2026-04,22,285,4283.236866666667
member,classic_bike,5,Thursday,2026-04,23,202,2411.2158666666664
member,classic_bike,5,Thursday,2026-05,0,76,936.8218666666667
member,classic_bike,5,Thursday,2026-05,1,37,537.6993166666666
member,classic_bike,5,Thursday,2026-05,2,14,159.79635000000002
member,classic_bike,5,Thursday,2026-05,3,13,201.4331
member,classic_bike,5,Thursday,2026-05,4,37,394.2323
member,classic_bike,5,Thursday,2026-05,5,176,2142.7909666666665
member,classic_bike,5,Thursday,2026-05,6,557,6658.897033333334
member,classic_bike,5,Thursday,2026-05,7,1288,15086.995233333333
member,classic_bike,5,Thursday,2026-05,8,1615,19415.851266666665
member,classic_bike,5,Thursday,2026-05,9,877,9288.52445
member,classic_bike,5,Thursday,2026-05,10,605,6982.6784333333335
member,classic_bike,5,Thursday,2026-05,11,717,8388.200033333333
member,classic_bike,5,Thursday,2026-05,12,891,9589.19105
member,classic_bike,5,Thursday,2026-05,13,812,10152.255966666668
member,classic_bike,5,Thursday,2026-05,14,786,9878.50955
member,classic_bike,5,Thursday,2026-05,15,1137,15633.190283333333
member,classic_bike,5,Thursday,2026-05,16,1626,22778.7658
member,classic_bike,5,Thursday,2026-05,17,2010,29921.037183333334
member,classic_bike,5,Thursday,2026-05,18,1630,21686.662433333335
member,classic_bike,5,Thursday,2026-05,19,1095,14866.99565
member,classic_bike,5,Thursday,2026-05,20,817,11105.950416666667
member,classic_bike,5,Thursday,2026-05,21,471,5667.598633333333
member,classic_bike,5,Thursday,2026-05,22,334,4314.969866666666
member,classic_bike,5,Thursday,2026-05,23,202,2366.9591
member,classic_bike,5,Thursday,2026-06,0,93,1217.2773333333332
member,classic_bike,5,Thursday,2026-06,1,32,454.92408333333333
member,classic_bike,5,Thursday,2026-06,2,21,211.12593333333334
member,classic_bike,5,Thursday,2026-06,3,12,115.83325
member,classic_bike,5,Thursday,2026-06,4,40,591.49435
member,classic_bike,5,Thursday,2026-06,5,227,2561.2213166666666
member,classic_bike,5,Thursday,2026-06,6,682,8001.771716666666
member,classic_bike,5,Thursday,2026-06,7,1357,18129.332316666667
member,classic_bike,5,Thursday,2026-06,8,1705,20768.277783333335
member,classic_bike,5,Thursday,2026-06,9,975,10934.449833333334
member,classic_bike,5,Thursday,2026-06,10,750,9644.52705
member,classic_bike,5,Thursday,2026-06,11,892,12301.17055
member,classic_bike,5,Thursday,2026-06,12,968,12480.673966666667
member,classic_bike,5,Thursday,2026-06,13,925,11485.851783333334
member,classic_bike,5,Thursday,2026-06,14,799,10898.04985
member,classic_bike,5,Thursday,2026-06,15,1066,16321.957566666666
member,classic_bike,5,Thursday,2026-06,16,1877,27928.856066666667
member,classic_bike,5,Thursday,2026-06,17,2549,38840.16048333333
member,classic_bike,5,Thursday,2026-06,18,1913,28225.264033333333
member,classic_bike,5,Thursday,2026-06,19,1374,24200.89805
member,classic_bike,5,Thursday,2026-06,20,969,15030.312666666667
member,classic_bike,5,Thursday,2026-06,21,648,10104.694283333334
member,classic_bike,5,Thursday,2026-06,22,479,7331.5027
member,classic_bike,5,Thursday,2026-06,23,336,5999.9309
member,classic_bike,5,Thursday,2026-07,0,115,1231.5463833333333
member,classic_bike,5,Thursday,2026-07,1,71,1008.5970833333333
member,classic_bike,5,Thursday,2026-07,2,23,267.7883333333333
member,classic_bike,5,Thursday,2026-07,3,12,217.42101666666667
member,classic_bike,5,Thursday,2026-07,4,51,641.60605
member,classic_bike,5,Thursday,2026-07,5,260,4696.179
member,classic_bike,5,Thursday,2026-07,6,911,10675.410016666667
member,classic_bike,5,Thursday,2026-07,7,1692,19116.375216666667
member,classic_bike,5,Thursday,2026-07,8,2124,24568.8024
member,classic_bike,5,Thursday,2026-07,9,1112,13847.596416666667
member,classic_bike,5,Thursday,2026-07,10,799,10163.8136
member,classic_bike,5,Thursday,2026-07,11,910,11189.781683333333
member,classic_bike,5,Thursday,2026-07,12,1071,12835.22555
member,classic_bike,5,Thursday,2026-07,13,1061,13673.6286
member,classic_bike,5,Thursday,2026-07,14,1035,13639.6659
member,classic_bike,5,Thursday,2026-07,15,1372,17894.532433333334
member,classic_bike,5,Thursday,2026-07,16,2039,27218.4128
member,classic_bike,5,Thursday,2026-07,17,2883,40499.49806666667
member,classic_bike,5,Thursday,2026-07,18,2340,33514.6473
member,classic_bike,5,Thursday,2026-07,19,1700,25405.07715
member,classic_bike,5,Thursday,2026-07,20,1285,21699.118733333333
member,classic_bike,5,Thursday,2026-07,21,787,10436.791216666667
member,classic_bike,5,Thursday,2026-07,22,553,9692.219716666666
member,classic_bike,5,Thursday,2026-07,23,230,2988.476
member,classic_bike,5,Thursday,2026-08,0,108,2054.4426
member,classic_bike,5,Thursday,2026-08,1,61,658.52435
member,classic_bike,5,Thursday,2026-08,2,26,464.12403333333333
member,classic_bike,5,Thursday,2026-08,3,22,330.32123333333334
member,classic_bike,5,Thursday,2026-08,4,42,526.5729666666666
member,classic_bike,5,Thursday,2026-08,5,216,2263.3961833333333
member,classic_bike,5,Thursday,2026-08,6,687,8552.343366666666
member,classic_bike,5,Thursday,2026-08,7,1459,17702.43796666667
member,classic_bike,5,Thursday,2026-08,8,1728,20490.391616666668
member,classic_bike,5,Thursday,2026-08,9,944,11057.709
member,classic_bike,5,Thursday,2026-08,10,771,11661.73885
member,classic_bike,5,Thursday,2026-08,11,834,10796.869533333333
member,classic_bike,5,Thursday,2026-08,12,1046,12511.3303
member,classic_bike,5,Thursday,2026-08,13,845,10875.65165
member,classic_bike,5,Thursday,2026-08,14,767,9472.053566666667
member,classic_bike,5,Thursday,2026-08,15,1085,15097.015883333333
member,classic_bike,5,Thursday,2026-08,16,1685,23342.80385
member,classic_bike,5,Thursday,2026-08,17,2153,32568.0102
member,classic_bike,5,Thursday,2026-08,18,1808,27808.430683333332
member,classic_bike,5,Thursday,2026-08,19,1332,19035.485316666665
member,classic_bike,5,Thursday,2026-08,20,917,14476.8094
member,classic_bike,5,Thursday,2026-08,21,611,8355.02745
member,classic_bike,5,Thursday,2026-08,22,414,7254.222266666667
member,classic_bike,5,Thursday,2026-08,23,261,3790.2072833333336
member,classic_bike,6,Friday,2025-09,0,134,2624.4638333333332
member,classic_bike,6,Friday,2025-09,1,51,531.5105666666667
member,classic_bike,6,Friday,2025-09,2,20,174.44638333333333
member,classic_bike,6,Friday,2025-09,3,20,174.54403333333335
member,classic_bike,6,Friday,2025-09,4,26,389.02771666666666
member,classic_bike,6,Friday,2025-09,5,206,2714.9108
member,classic_bike,6,Friday,2025-09,6,620,7293.419383333333
member,classic_bike,6,Friday,2025-09,7,1231,14889.805233333333
member,classic_bike,6,Friday,2025-09,8,1455,16964.754316666666
member,classic_bike,6,Friday,2025-09,9,967,11480.742533333334
member,classic_bike,6,Friday,2025-09,10,806,10496.973466666666
member,classic_bike,6,Friday,2025-09,11,941,11916.148316666666
member,classic_bike,6,Friday,2025-09,12,1189,14187.020883333333
member,classic_bike,6,Friday,2025-09,13,1160,14898.525066666667
member,classic_bike,6,Friday,2025-09,14,1135,14886.170983333333
member,classic_bike,6,Friday,2025-09,15,1407,18700.6639
member,classic_bike,6,Friday,2025-09,16,1917,29128.116866666667
member,classic_bike,6,Friday,2025-09,17,2180,33121.679
member,classic_bike,6,Friday,2025-09,18,1804,29198.578616666666
member,classic_bike,6,Friday,2025-09,19,1228,18800.109133333335
member,classic_bike,6,Friday,2025-09,20,722,10677.642566666667
member,classic_bike,6,Friday,2025-09,21,560,7750.3510166666665
member,classic_bike,6,Friday,2025-09,22,468,6291.524633333333
member,classic_bike,6,Friday,2025-09,23,379,5868.458866666667
member,classic_bike,6,Friday,2025-10,0,151,2054.894316666667
member,classic_bike,6,Friday,2025-10,1,71,895.0245666666666
member,classic_bike,6,Friday,2025-10,2,43,351.2566166666667
member,classic_bike,6,Friday,2025-10,3,25,280.6804666666667
member,classic_bike,6,Friday,2025-10,4,39,489.08875
member,classic_bike,6,Friday,2025-10,5,210,3130.0801
member,classic_bike,6,Friday,2025-10,6,604,8025.200616666667
member,classic_bike,6,Friday,2025-10,7,1198,16243.912566666666
member,classic_bike,6,Friday,2025-10,8,1571,20839.0852
member,classic_bike,6,Friday,2025-10,9,1065,12900.852316666667
member,classic_bike,6,Friday,2025-10,10,977,15220.384283333333
member,classic_bike,6,Friday,2025-10,11,1089,14952.140616666667
member,classic_bike,6,Friday,2025-10,12,1313,17503.259316666667
member,classic_bike,6,Friday,2025-10,13,1355,15942.7997
member,classic_bike,6,Friday,2025-10,14,1260,16639.998183333333
member,classic_bike,6,Friday,2025-10,15,1640,28662.36013333333
member,classic_bike,6,Friday,2025-10,16,2098,30826.693
member,classic_bike,6,Friday,2025-10,17,2418,36124.21393333333
member,classic_bike,6,Friday,2025-10,18,1810,29573.381133333332
member,classic_bike,6,Friday,2025-10,19,1249,20939.5536
member,classic_bike,6,Friday,2025-10,20,804,9788.452266666667
member,classic_bike,6,Friday,2025-10,21,584,8256.452933333334
member,classic_bike,6,Friday,2025-10,22,525,6961.5401
member,classic_bike,6,Friday,2025-10,23,361,4723.174633333333
member,classic_bike,6,Friday,2025-11,0,66,676.9369333333333
member,classic_bike,6,Friday,2025-11,1,33,482.78175
member,classic_bike,6,Friday,2025-11,2,18,212.63961666666668
member,classic_bike,6,Friday,2025-11,3,9,103.09553333333334
member,classic_bike,6,Friday,2025-11,4,16,220.8345
member,classic_bike,6,Friday,2025-11,5,116,1462.5498
member,classic_bike,6,Friday,2025-11,6,370,4220.219683333334
member,classic_bike,6,Friday,2025-11,7,731,13195.852483333334
member,classic_bike,6,Friday,2025-11,8,859,12534.613233333333
member,classic_bike,6,Friday,2025-11,9,660,10238.894183333334
member,classic_bike,6,Friday,2025-11,10,571,6413.781466666666
member,classic_bike,6,Friday,2025-11,11,661,7116.505933333333
member,classic_bike,6,Friday,2025-11,12,773,8450.081316666667
member,classic_bike,6,Friday,2025-11,13,798,10826.8194
member,classic_bike,6,Friday,2025-11,14,813,9887.114666666666
member,classic_bike,6,Friday,2025-11,15,1027,15581.2061
member,classic_bike,6,Friday,2025-11,16,1151,18292.640416666665
member,classic_bike,6,Friday,2025-11,17,1248,23128.712483333333
member,classic_bike,6,Friday,2025-11,18,960,11881.173016666666
member,classic_bike,6,Friday,2025-11,19,652,7511.04355
member,classic_bike,6,Friday,2025-11,20,435,4995.071216666666
member,classic_bike,6,Friday,2025-11,21,322,3967.1828666666665
member,classic_bike,6,Friday,2025-11,22,242,3604.5562833333333
member,classic_bike,6,Friday,2025-11,23,207,2248.811383333333
member,classic_bike,6,Friday,2025-12,0,40,1049.5728666666666
member,classic_bike,6,Friday,2025-12,1,18,120.99985
member,classic_bike,6,Friday,2025-12,2,18,636.3271666666667
member,classic_bike,6,Friday,2025-12,3,1,7.826099999999999
member,classic_bike,6,Friday,2025-12,4,11,764.9083666666667
member,classic_bike,6,Friday,2025-12,5,64,1631.2302166666666
member,classic_bike,6,Friday,2025-12,6,134,1198.1658333333332
member,classic_bike,6,Friday,2025-12,7,277,2676.9848666666667
member,classic_bike,6,Friday,2025-12,8,368,4064.2836333333335
member,classic_bike,6,Friday,2025-12,9,234,2886.917716666667
member,classic_bike,6,Friday,2025-12,10,206,2197.3169333333335
member,classic_bike,6,Friday,2025-12,11,308,4630.84465
member,classic_bike,6,Friday,2025-12,12,312,3542.5409666666665
member,classic_bike,6,Friday,2025-12,13,302,3396.7574
member,classic_bike,6,Friday,2025-12,14,290,3220.1381
member,classic_bike,6,Friday,2025-12,15,369,4183.686383333334
member,classic_bike,6,Friday,2025-12,16,473,7311.608166666666
member,classic_bike,6,Friday,2025-12,17,475,7959.31925
member,classic_bike,6,Friday,2025-12,18,366,4117.8283
member,classic_bike,6,Friday,2025-12,19,232,4745.0768
member,classic_bike,6,Friday,2025-12,20,182,3076.51015
member,classic_bike,6,Friday,2025-12,21,125,2443.3661
member,classic_bike,6,Friday,2025-12,22,105,2269.1380166666668
member,classic_bike,6,Friday,2025-12,23,76,901.2843666666666
member,classic_bike,6,Friday,2026-01,0,24,170.16591666666667
member,classic_bike,6,Friday,2026-01,1,13,152.88723333333334
member,classic_bike,6,Friday,2026-01,2,8,486.24226666666664
member,classic_bike,6,Friday,2026-01,3,6,75.15438333333333
member,classic_bike,6,Friday,2026-01,4,12,186.89775
member,classic_bike,6,Friday,2026-01,5,74,641.7055166666667
member,classic_bike,6,Friday,2026-01,6,164,3046.7392833333333
member,classic_bike,6,Friday,2026-01,7,293,4140.1869
member,classic_bike,6,Friday,2026-01,8,387,6169.9596
member,classic_bike,6,Friday,2026-01,9,218,2942.2116333333333
member,classic_bike,6,Friday,2026-01,10,223,4022.28815
member,classic_bike,6,Friday,2026-01,11,263,3068.3312
member,classic_bike,6,Friday,2026-01,12,326,5901.896
member,classic_bike,6,Friday,2026-01,13,334,4731.982483333333
member,classic_bike,6,Friday,2026-01,14,383,5113.350466666667
member,classic_bike,6,Friday,2026-01,15,479,8985.99475
member,classic_bike,6,Friday,2026-01,16,565,10801.605166666666
member,classic_bike,6,Friday,2026-01,17,578,10873.1644
member,classic_bike,6,Friday,2026-01,18,405,12091.883883333334
member,classic_bike,6,Friday,2026-01,19,306,3098.2307
member,classic_bike,6,Friday,2026-01,20,187,4112.926866666667
member,classic_bike,6,Friday,2026-01,21,153,1719.7971
member,classic_bike,6,Friday,2026-01,22,100,1191.33125
member,classic_bike,6,Friday,2026-01,23,85,753.61
member,classic_bike,6,Friday,2026-02,0,35,328.9141666666667
member,classic_bike,6,Friday,2026-02,1,23,220.8106
member,classic_bike,6,Friday,2026-02,2,5,52.38755
member,classic_bike,6,Friday,2026-02,3,8,69.82305
member,classic_bike,6,Friday,2026-02,4,16,210.33596666666665
member,classic_bike,6,Friday,2026-02,5,89,805.3270333333334
member,classic_bike,6,Friday,2026-02,6,208,2607.96735
member,classic_bike,6,Friday,2026-02,7,444,5401.874383333334
member,classic_bike,6,Friday,2026-02,8,571,6302.19525
member,classic_bike,6,Friday,2026-02,9,374,4049.342866666667
member,classic_bike,6,Friday,2026-02,10,332,3923.03505
member,classic_bike,6,Friday,2026-02,11,416,4350.3714666666665
member,classic_bike,6,Friday,2026-02,12,528,5724.766766666667
member,classic_bike,6,Friday,2026-02,13,536,6304.3044666666665
member,classic_bike,6,Friday,2026-02,14,531,6035.630416666667
member,classic_bike,6,Friday,2026-02,15,609,7020.004633333333
member,classic_bike,6,Friday,2026-02,16,871,11003.95095
member,classic_bike,6,Friday,2026-02,17,943,14035.28905
member,classic_bike,6,Friday,2026-02,18,649,7652.4625
member,classic_bike,6,Friday,2026-02,19,444,4736.6924
member,classic_bike,6,Friday,2026-02,20,288,3112.31695
member,classic_bike,6,Friday,2026-02,21,195,1981.6437666666666
member,classic_bike,6,Friday,2026-02,22,150,2894.63775
member,classic_bike,6,Friday,2026-02,23,132,1678.7512666666667
member,classic_bike,6,Friday,2026-03,0,44,512.5799
member,classic_bike,6,Friday,2026-03,1,19,201.70968333333332
member,classic_bike,6,Friday,2026-03,2,8,80.72749999999999
member,classic_bike,6,Friday,2026-03,3,6,72.93715
member,classic_bike,6,Friday,2026-03,4,22,223.08021666666667
member,classic_bike,6,Friday,2026-03,5,80,658.4853
member,classic_bike,6,Friday,2026-03,6,240,2596.9674333333332
member,classic_bike,6,Friday,2026-03,7,566,6700.413566666667
member,classic_bike,6,Friday,2026-03,8,634,7185.514166666667
member,classic_bike,6,Friday,2026-03,9,388,4541.6689166666665
member,classic_bike,6,Friday,2026-03,10,350,3694.2196
member,classic_bike,6,Friday,2026-03,11,369,4120.376533333333
member,classic_bike,6,Friday,2026-03,12,419,4770.375
member,classic_bike,6,Friday,2026-03,13,518,5988.365733333333
member,classic_bike,6,Friday,2026-03,14,526,6675.38235
member,classic_bike,6,Friday,2026-03,15,600,7358.272733333333
member,classic_bike,6,Friday,2026-03,16,775,9112.6002
member,classic_bike,6,Friday,2026-03,17,927,12226.77095
member,classic_bike,6,Friday,2026-03,18,738,9288.7042
member,classic_bike,6,Friday,2026-03,19,459,5559.390416666667
member,classic_bike,6,Friday,2026-03,20,301,3249.17605
member,classic_bike,6,Friday,2026-03,21,268,3370.2146333333335
member,classic_bike,6,Friday,2026-03,22,223,2685.1451833333335
member,classic_bike,6,Friday,2026-03,23,182,2911.969183333333
member,classic_bike,6,Friday,2026-04,0,87,1122.9865833333333
member,classic_bike,6,Friday,2026-04,1,44,1311.9128
member,classic_bike,6,Friday,2026-04,2,10,134.74648333333334
member,classic_bike,6,Friday,2026-04,3,12,590.71405
member,classic_bike,6,Friday,2026-04,4,26,339.1732333333333
member,classic_bike,6,Friday,2026-04,5,104,1421.8241
member,classic_bike,6,Friday,2026-04,6,332,3712.87985
member,classic_bike,6,Friday,2026-04,7,744,9806.807
member,classic_bike,6,Friday,2026-04,8,866,9454.289516666666
member,classic_bike,6,Friday,2026-04,9,642,7463.719433333334
member,classic_bike,6,Friday,2026-04,10,639,7032.672983333333
member,classic_bike,6,Friday,2026-04,11,696,8680.2653
member,classic_bike,6,Friday,2026-04,12,851,10875.453066666667
member,classic_bike,6,Friday,2026-04,13,880,11048.772216666666
member,classic_bike,6,Friday,2026-04,14,793,9723.0243
member,classic_bike,6,Friday,2026-04,15,992,14956.028333333334
member,classic_bike,6,Friday,2026-04,16,1356,20714.184016666666
member,classic_bike,6,Friday,2026-04,17,1441,22672.15901666667
member,classic_bike,6,Friday,2026-04,18,1189,17742.311383333334
member,classic_bike,6,Friday,2026-04,19,784,12318.40135
member,classic_bike,6,Friday,2026-04,20,482,6231.705016666667
member,classic_bike,6,Friday,2026-04,21,267,3234.8406833333333
member,classic_bike,6,Friday,2026-04,22,181,2356.937966666667
member,classic_bike,6,Friday,2026-04,23,126,2029.79105
member,classic_bike,6,Friday,2026-05,0,119,1342.3375833333332
member,classic_bike,6,Friday,2026-05,1,45,373.40336666666667
member,classic_bike,6,Friday,2026-05,2,27,236.92586666666668
member,classic_bike,6,Friday,2026-05,3,13,102.67958333333333
member,classic_bike,6,Friday,2026-05,4,49,578.5412666666667
member,classic_bike,6,Friday,2026-05,5,212,3174.3319500000002
member,classic_bike,6,Friday,2026-05,6,550,7149.597783333334
member,classic_bike,6,Friday,2026-05,7,1177,15042.405733333333
member,classic_bike,6,Friday,2026-05,8,1280,15826.024366666667
member,classic_bike,6,Friday,2026-05,9,859,10333.149066666667
member,classic_bike,6,Friday,2026-05,10,803,9382.865383333334
member,classic_bike,6,Friday,2026-05,11,917,11279.318766666667
member,classic_bike,6,Friday,2026-05,12,1152,16118.62
member,classic_bike,6,Friday,2026-05,13,1108,15039.735133333334
member,classic_bike,6,Friday,2026-05,14,1209,16193.454133333333
member,classic_bike,6,Friday,2026-05,15,1453,18636.889683333335
member,classic_bike,6,Friday,2026-05,16,1972,29115.654883333333
member,classic_bike,6,Friday,2026-05,17,2182,33200.5674
member,classic_bike,6,Friday,2026-05,18,1712,28430.59655
member,classic_bike,6,Friday,2026-05,19,1246,17510.702233333333
member,classic_bike,6,Friday,2026-05,20,826,11407.37515
member,classic_bike,6,Friday,2026-05,21,598,8551.350166666667
member,classic_bike,6,Friday,2026-05,22,479,6841.537766666666
member,classic_bike,6,Friday,2026-05,23,333,4388.200066666666
member,classic_bike,6,Friday,2026-06,0,203,3290.55225
member,classic_bike,6,Friday,2026-06,1,88,1102.50705
member,classic_bike,6,Friday,2026-06,2,39,507.41356666666667
member,classic_bike,6,Friday,2026-06,3,20,329.8619166666667
member,classic_bike,6,Friday,2026-06,4,42,465.08178333333336
member,classic_bike,6,Friday,2026-06,5,213,4009.986083333333
member,classic_bike,6,Friday,2026-06,6,566,6742.097466666667
member,classic_bike,6,Friday,2026-06,7,1051,15397.1387
member,classic_bike,6,Friday,2026-06,8,1086,13758.00165
member,classic_bike,6,Friday,2026-06,9,889,11713.236466666667
member,classic_bike,6,Friday,2026-06,10,789,10657.880283333334
member,classic_bike,6,Friday,2026-06,11,995,13620.074266666667
member,classic_bike,6,Friday,2026-06,12,1123,14817.577616666667
member,classic_bike,6,Friday,2026-06,13,1117,15431.2859
member,classic_bike,6,Friday,2026-06,14,946,13348.98735
member,classic_bike,6,Friday,2026-06,15,1130,16384.020066666668
member,classic_bike,6,Friday,2026-06,16,1763,26595.426716666665
member,classic_bike,6,Friday,2026-06,17,1885,28419.25688333333
member,classic_bike,6,Friday,2026-06,18,1684,26220.614766666666
member,classic_bike,6,Friday,2026-06,19,1392,24473.617783333335
member,classic_bike,6,Friday,2026-06,20,899,14148.3808
member,classic_bike,6,Friday,2026-06,21,639,10250.472366666667
member,classic_bike,6,Friday,2026-06,22,601,10289.296
member,classic_bike,6,Friday,2026-06,23,419,5752.213766666667
member,classic_bike,6,Friday,2026-07,0,157,2218.4818666666665
member,classic_bike,6,Friday,2026-07,1,93,1517.0103166666668
member,classic_bike,6,Friday,2026-07,2,48,1300.4285833333333
member,classic_bike,6,Friday,2026-07,3,24,301.26416666666665
member,classic_bike,6,Friday,2026-07,4,47,541.6807666666666
member,classic_bike,6,Friday,2026-07,5,245,3804.7948499999998
member,classic_bike,6,Friday,2026-07,6,628,7497.493366666667
member,classic_bike,6,Friday,2026-07,7,1112,14880.645516666667
member,classic_bike,6,Friday,2026-07,8,1311,18170.261666666665
member,classic_bike,6,Friday,2026-07,9,990,12247.208883333333
member,classic_bike,6,Friday,2026-07,10,891,11070.223
member,classic_bike,6,Friday,2026-07,11,1016,15193.822533333334
member,classic_bike,6,Friday,2026-07,12,1254,17886.5555
member,classic_bike,6,Friday,2026-07,13,1105,16244.097883333334
member,classic_bike,6,Friday,2026-07,14,967,14009.054733333334
member,classic_bike,6,Friday,2026-07,15,1203,15681.19415
member,classic_bike,6,Friday,2026-07,16,1675,25023.9326
member,classic_bike,6,Friday,2026-07,17,2003,31214.195416666666
member,classic_bike,6,Friday,2026-07,18,1846,26441.90115
member,classic_bike,6,Friday,2026-07,19,1437,21262.83565
member,classic_bike,6,Friday,2026-07,20,1141,15901.75665
member,classic_bike,6,Friday,2026-07,21,726,11474.372183333333
member,classic_bike,6,Friday,2026-07,22,553,9743.09555
member,classic_bike,6,Friday,2026-07,23,366,4420.009533333333
member,classic_bike,6,Friday,2026-08,0,144,2051.3041166666667
member,classic_bike,6,Friday,2026-08,1,50,738.7595833333334
member,classic_bike,6,Friday,2026-08,2,28,1210.6397
member,classic_bike,6,Friday,2026-08,3,16,241.57835
member,classic_bike,6,Friday,2026-08,4,45,659.4398166666666
member,classic_bike,6,Friday,2026-08,5,220,2686.2130666666667
member,classic_bike,6,Friday,2026-08,6,539,6853.461933333333
member,classic_bike,6,Friday,2026-08,7,1063,14605.026616666666
member,classic_bike,6,Friday,2026-08,8,1258,17789.729333333333
member,classic_bike,6,Friday,2026-08,9,894,10513.579966666666
member,classic_bike,6,Friday,2026-08,10,770,10134.956883333334
member,classic_bike,6,Friday,2026-08,11,905,11515.76855
member,classic_bike,6,Friday,2026-08,12,1108,14553.739066666667
member,classic_bike,6,Friday,2026-08,13,1056,13767.0145
member,classic_bike,6,Friday,2026-08,14,1028,13484.288816666667
member,classic_bike,6,Friday,2026-08,15,1283,17309.88385
member,classic_bike,6,Friday,2026-08,16,1656,24899.481566666665
member,classic_bike,6,Friday,2026-08,17,1987,28803.921066666666
member,classic_bike,6,Friday,2026-08,18,1821,28042.132533333333
member,classic_bike,6,Friday,2026-08,19,1322,19283.43651666667
member,classic_bike,6,Friday,2026-08,20,864,13297.193633333334
member,classic_bike,6,Friday,2026-08,21,655,9492.443166666666
member,classic_bike,6,Friday,2026-08,22,508,9459.92465
member,classic_bike,6,Friday,2026-08,23,333,7036.987683333334
member,classic_bike,7,Saturday,2025-09,0,252,3176.5508
member,classic_bike,7,Saturday,2025-09,1,146,2894.728433333333
member,classic_bike,7,Saturday,2025-09,2,81,964.7965333333334
member,classic_bike,7,Saturday,2025-09,3,37,901.9260333333333
member,classic_bike,7,Saturday,2025-09,4,19,249.27396666666667
member,classic_bike,7,Saturday,2025-09,5,66,1097.5516333333333
member,classic_bike,7,Saturday,2025-09,6,196,3773.593816666667
member,classic_bike,7,Saturday,2025-09,7,323,4808.391
member,classic_bike,7,Saturday,2025-09,8,592,8555.668583333334
member,classic_bike,7,Saturday,2025-09,9,897,12719.63285
member,classic_bike,7,Saturday,2025-09,10,1204,16716.472383333334
member,classic_bike,7,Saturday,2025-09,11,1438,20296.811366666665
member,classic_bike,7,Saturday,2025-09,12,1489,22471.346016666666
member,classic_bike,7,Saturday,2025-09,13,1361,21174.656233333335
member,classic_bike,7,Saturday,2025-09,14,1398,20546.38893333333
member,classic_bike,7,Saturday,2025-09,15,1301,19554.6488
member,classic_bike,7,Saturday,2025-09,16,1463,22235.33248333333
member,classic_bike,7,Saturday,2025-09,17,1351,20340.493233333335
member,classic_bike,7,Saturday,2025-09,18,1125,16470.359933333333
member,classic_bike,7,Saturday,2025-09,19,725,9952.329483333333
member,classic_bike,7,Saturday,2025-09,20,513,8107.291916666667
member,classic_bike,7,Saturday,2025-09,21,472,5709.982983333333
member,classic_bike,7,Saturday,2025-09,22,451,6300.678016666667
member,classic_bike,7,Saturday,2025-09,23,331,4978.258216666667
member,classic_bike,7,Saturday,2025-10,0,223,3328.4272833333334
member,classic_bike,7,Saturday,2025-10,1,148,2230.3777666666665
member,classic_bike,7,Saturday,2025-10,2,83,924.4390833333333
member,classic_bike,7,Saturday,2025-10,3,46,1177.9915333333333
member,classic_bike,7,Saturday,2025-10,4,15,476.6715166666667
member,classic_bike,7,Saturday,2025-10,5,47,742.37435
member,classic_bike,7,Saturday,2025-10,6,161,2011.2620166666668
member,classic_bike,7,Saturday,2025-10,7,353,4095.6258666666668
member,classic_bike,7,Saturday,2025-10,8,678,9417.259266666666
member,classic_bike,7,Saturday,2025-10,9,987,15920.132366666667
member,classic_bike,7,Saturday,2025-10,10,1308,20796.133216666665
member,classic_bike,7,Saturday,2025-10,11,1345,19950.389283333334
member,classic_bike,7,Saturday,2025-10,12,1481,23049.0068
member,classic_bike,7,Saturday,2025-10,13,1411,20186.921666666665
member,classic_bike,7,Saturday,2025-10,14,1417,21521.911533333332
member,classic_bike,7,Saturday,2025-10,15,1400,21790.39045
member,classic_bike,7,Saturday,2025-10,16,1321,20118.125183333334
member,classic_bike,7,Saturday,2025-10,17,1213,18601.757116666668
member,classic_bike,7,Saturday,2025-10,18,1079,17424.317383333335
member,classic_bike,7,Saturday,2025-10,19,674,9082.827116666667
member,classic_bike,7,Saturday,2025-10,20,490,6845.475183333333
member,classic_bike,7,Saturday,2025-10,21,379,5440.79215
member,classic_bike,7,Saturday,2025-10,22,320,4299.88385
member,classic_bike,7,Saturday,2025-10,23,242,5339.76005
member,classic_bike,7,Saturday,2025-11,0,216,2465.0707166666666
member,classic_bike,7,Saturday,2025-11,1,181,3423.455283333333
member,classic_bike,7,Saturday,2025-11,2,122,1440.1057666666666
member,classic_bike,7,Saturday,2025-11,3,50,1542.3863000000001
member,classic_bike,7,Saturday,2025-11,4,27,207.83755
member,classic_bike,7,Saturday,2025-11,5,55,936.9036333333333
member,classic_bike,7,Saturday,2025-11,6,120,1265.8207
member,classic_bike,7,Saturday,2025-11,7,264,2844.0404
member,classic_bike,7,Saturday,2025-11,8,509,6611.24315
member,classic_bike,7,Saturday,2025-11,9,768,12507.297466666667
member,classic_bike,7,Saturday,2025-11,10,900,12548.4712
member,classic_bike,7,Saturday,2025-11,11,1013,18646.349216666666
member,classic_bike,7,Saturday,2025-11,12,1043,13811.399433333334
member,classic_bike,7,Saturday,2025-11,13,1078,17781.98285
member,classic_bike,7,Saturday,2025-11,14,1172,19046.583166666667
member,classic_bike,7,Saturday,2025-11,15,1087,17052.440366666666
member,classic_bike,7,Saturday,2025-11,16,897,14626.278233333333
member,classic_bike,7,Saturday,2025-11,17,804,16404.905216666666
member,classic_bike,7,Saturday,2025-11,18,658,8803.44175
member,classic_bike,7,Saturday,2025-11,19,461,6717.88085
member,classic_bike,7,Saturday,2025-11,20,328,7258.0599
member,classic_bike,7,Saturday,2025-11,21,289,5805.4978
member,classic_bike,7,Saturday,2025-11,22,239,3308.431266666667
member,classic_bike,7,Saturday,2025-11,23,210,5749.5736
member,classic_bike,7,Saturday,2025-12,0,60,731.5400500000001
member,classic_bike,7,Saturday,2025-12,1,30,323.82671666666664
member,classic_bike,7,Saturday,2025-12,2,36,922.2509666666667
member,classic_bike,7,Saturday,2025-12,3,9,695.7132833333333
member,classic_bike,7,Saturday,2025-12,4,10,91.81176666666667
member,classic_bike,7,Saturday,2025-12,5,21,308.3007
member,classic_bike,7,Saturday,2025-12,6,46,501.37556666666666
member,classic_bike,7,Saturday,2025-12,7,95,1847.0325333333333
member,classic_bike,7,Saturday,2025-12,8,183,2632.3353500000003
member,classic_bike,7,Saturday,2025-12,9,218,2970.1440333333335
member,classic_bike,7,Saturday,2025-12,10,246,2736.6191
member,classic_bike,7,Saturday,2025-12,11,305,3853.1725666666666
member,classic_bike,7,Saturday,2025-12,12,357,4111.242166666667
member,classic_bike,7,Saturday,2025-12,13,364,4108.974183333334
member,classic_bike,7,Saturday,2025-12,14,333,4444.707166666667
member,classic_bike,7,Saturday,2025-12,15,337,3949.356116666667
member,classic_bike,7,Saturday,2025-12,16,321,3732.3721333333333
member,classic_bike,7,Saturday,2025-12,17,295,3911.864666666667
member,classic_bike,7,Saturday,2025-12,18,235,2577.2513
member,classic_bike,7,Saturday,2025-12,19,212,3895.8467166666665
member,classic_bike,7,Saturday,2025-12,20,125,1352.4004666666667
member,classic_bike,7,Saturday,2025-12,21,110,1246.2015833333332
member,classic_bike,7,Saturday,2025-12,22,87,948.7666
member,classic_bike,7,Saturday,2025-12,23,80,1048.2540166666668
member,classic_bike,7,Saturday,2026-01,0,60,547.4007
member,classic_bike,7,Saturday,2026-01,1,33,305.2316666666667
member,classic_bike,7,Saturday,2026-01,2,38,423.5854333333333
member,classic_bike,7,Saturday,2026-01,3,9,117.87073333333333
member,classic_bike,7,Saturday,2026-01,4,5,38.9037
member,classic_bike,7,Saturday,2026-01,5,13,915.3665
member,classic_bike,7,Saturday,2026-01,6,42,653.4058
member,classic_bike,7,Saturday,2026-01,7,77,960.5121333333334
member,classic_bike,7,Saturday,2026-01,8,146,1701.3441166666667
member,classic_bike,7,Saturday,2026-01,9,172,3273.32765
member,classic_bike,7,Saturday,2026-01,10,228,3038.9400666666666
member,classic_bike,7,Saturday,2026-01,11,263,3774.4705333333336
member,classic_bike,7,Saturday,2026-01,12,305,3428.33195
member,classic_bike,7,Saturday,2026-01,13,336,3684.914133333333
member,classic_bike,7,Saturday,2026-01,14,335,7522.1797166666665
member,classic_bike,7,Saturday,2026-01,15,365,6115.905333333333
member,classic_bike,7,Saturday,2026-01,16,361,6959.2320500000005
member,classic_bike,7,Saturday,2026-01,17,306,7497.67505
member,classic_bike,7,Saturday,2026-01,18,247,4880.5529
member,classic_bike,7,Saturday,2026-01,19,182,2553.8908833333335
member,classic_bike,7,Saturday,2026-01,20,136,2321.1568333333335
member,classic_bike,7,Saturday,2026-01,21,76,930.7921
member,classic_bike,7,Saturday,2026-01,22,70,664.9942833333333
member,classic_bike,7,Saturday,2026-01,23,116,2337.8699666666666
member,classic_bike,7,Saturday,2026-02,0,86,834.92585
member,classic_bike,7,Saturday,2026-02,1,61,542.1014666666666
member,classic_bike,7,Saturday,2026-02,2,31,390.6109333333333
member,classic_bike,7,Saturday,2026-02,3,16,163.24655
member,classic_bike,7,Saturday,2026-02,4,10,85.17241666666666
member,classic_bike,7,Saturday,2026-02,5,15,144.50303333333332
member,classic_bike,7,Saturday,2026-02,6,57,546.5361833333334
member,classic_bike,7,Saturday,2026-02,7,132,1937.4554666666668
member,classic_bike,7,Saturday,2026-02,8,239,2962.72395
member,classic_bike,7,Saturday,2026-02,9,338,3478.770666666667
member,classic_bike,7,Saturday,2026-02,10,382,4078.5744
member,classic_bike,7,Saturday,2026-02,11,419,4742.9702
member,classic_bike,7,Saturday,2026-02,12,481,5824.349066666667
member,classic_bike,7,Saturday,2026-02,13,472,5310.592533333333
member,classic_bike,7,Saturday,2026-02,14,429,4793.739616666667
member,classic_bike,7,Saturday,2026-02,15,463,5229.515583333334
member,classic_bike,7,Saturday,2026-02,16,415,5866.317
member,classic_bike,7,Saturday,2026-02,17,411,4913.716183333333
member,classic_bike,7,Saturday,2026-02,18,284,3184.331383333333
member,classic_bike,7,Saturday,2026-02,19,176,2183.0092666666665
member,classic_bike,7,Saturday,2026-02,20,161,1654.86555
member,classic_bike,7,Saturday,2026-02,21,140,1253.8769333333332
member,classic_bike,7,Saturday,2026-02,22,93,908.1523333333333
member,classic_bike,7,Saturday,2026-02,23,57,704.89005
member,classic_bike,7,Saturday,2026-03,0,105,1532.5907333333332
member,classic_bike,7,Saturday,2026-03,1,78,740.61085
member,classic_bike,7,Saturday,2026-03,2,36,966.49525
member,classic_bike,7,Saturday,2026-03,3,17,232.35271666666665
member,classic_bike,7,Saturday,2026-03,4,16,169.5874
member,classic_bike,7,Saturday,2026-03,5,25,236.17025
member,classic_bike,7,Saturday,2026-03,6,57,810.4742833333333
member,classic_bike,7,Saturday,2026-03,7,176,1845.6690833333334
member,classic_bike,7,Saturday,2026-03,8,337,4642.561116666667
member,classic_bike,7,Saturday,2026-03,9,514,7118.063816666667
member,classic_bike,7,Saturday,2026-03,10,629,8334.32975
member,classic_bike,7,Saturday,2026-03,11,638,8400.368183333334
member,classic_bike,7,Saturday,2026-03,12,715,10328.742433333333
member,classic_bike,7,Saturday,2026-03,13,822,12269.80725
member,classic_bike,7,Saturday,2026-03,14,811,14213.496966666668
member,classic_bike,7,Saturday,2026-03,15,847,13336.1063
member,classic_bike,7,Saturday,2026-03,16,798,11972.820866666667
member,classic_bike,7,Saturday,2026-03,17,756,10901.066733333333
member,classic_bike,7,Saturday,2026-03,18,685,8904.671716666666
member,classic_bike,7,Saturday,2026-03,19,410,8108.79625
member,classic_bike,7,Saturday,2026-03,20,304,4002.3825
member,classic_bike,7,Saturday,2026-03,21,246,2864.162083333333
member,classic_bike,7,Saturday,2026-03,22,217,2864.5236666666665
member,classic_bike,7,Saturday,2026-03,23,171,1994.1702666666667
member,classic_bike,7,Saturday,2026-04,0,101,978.4376166666667
member,classic_bike,7,Saturday,2026-04,1,79,2499.0068
member,classic_bike,7,Saturday,2026-04,2,49,495.0427833333333
member,classic_bike,7,Saturday,2026-04,3,22,333.19165000000004
member,classic_bike,7,Saturday,2026-04,4,13,159.6071
member,classic_bike,7,Saturday,2026-04,5,23,404.4105333333333
member,classic_bike,7,Saturday,2026-04,6,78,749.4463000000001
member,classic_bike,7,Saturday,2026-04,7,183,2042.93765
member,classic_bike,7,Saturday,2026-04,8,371,4965.665516666667
member,classic_bike,7,Saturday,2026-04,9,569,8237.6265
member,classic_bike,7,Saturday,2026-04,10,662,9400.7642
member,classic_bike,7,Saturday,2026-04,11,776,10555.58195
member,classic_bike,7,Saturday,2026-04,12,848,13282.862833333333
member,classic_bike,7,Saturday,2026-04,13,884,12617.345083333334
member,classic_bike,7,Saturday,2026-04,14,847,12309.78465
member,classic_bike,7,Saturday,2026-04,15,816,10994.933833333333
member,classic_bike,7,Saturday,2026-04,16,841,11420.1684
member,classic_bike,7,Saturday,2026-04,17,689,8669.649933333334
member,classic_bike,7,Saturday,2026-04,18,611,7749.390733333334
member,classic_bike,7,Saturday,2026-04,19,512,6994.318766666666
member,classic_bike,7,Saturday,2026-04,20,315,4437.2414
member,classic_bike,7,Saturday,2026-04,21,236,2758.3972
member,classic_bike,7,Saturday,2026-04,22,240,3245.3457166666667
member,classic_bike,7,Saturday,2026-04,23,158,1977.3146833333333
member,classic_bike,7,Saturday,2026-05,0,253,3552.6531999999997
member,classic_bike,7,Saturday,2026-05,1,149,2915.19335
member,classic_bike,7,Saturday,2026-05,2,69,915.9584666666667
member,classic_bike,7,Saturday,2026-05,3,36,438.07821666666666
member,classic_bike,7,Saturday,2026-05,4,27,322.62666666666667
member,classic_bike,7,Saturday,2026-05,5,82,1417.487
member,classic_bike,7,Saturday,2026-05,6,188,2830.7124
member,classic_bike,7,Saturday,2026-05,7,377,4826.704566666666
member,classic_bike,7,Saturday,2026-05,8,761,10223.949166666667
member,classic_bike,7,Saturday,2026-05,9,1092,16886.3807
member,classic_bike,7,Saturday,2026-05,10,1358,21337.046183333332
member,classic_bike,7,Saturday,2026-05,11,1559,23715.860583333335
member,classic_bike,7,Saturday,2026-05,12,1593,25035.775016666666
member,classic_bike,7,Saturday,2026-05,13,1648,27696.003566666666
member,classic_bike,7,Saturday,2026-05,14,1665,27977.56215
member,classic_bike,7,Saturday,2026-05,15,1593,25138.191833333334
member,classic_bike,7,Saturday,2026-05,16,1451,23465.043366666665
member,classic_bike,7,Saturday,2026-05,17,1505,28153.68935
member,classic_bike,7,Saturday,2026-05,18,1312,21519.722
member,classic_bike,7,Saturday,2026-05,19,1017,16828.543066666665
member,classic_bike,7,Saturday,2026-05,20,696,10492.2662
member,classic_bike,7,Saturday,2026-05,21,527,8989.362666666666
member,classic_bike,7,Saturday,2026-05,22,439,7238.23295
member,classic_bike,7,Saturday,2026-05,23,361,5544.2690999999995
member,classic_bike,7,Saturday,2026-06,0,332,5071.595783333333
member,classic_bike,7,Saturday,2026-06,1,200,2830.0701166666668
member,classic_bike,7,Saturday,2026-06,2,117,1784.1607666666666
member,classic_bike,7,Saturday,2026-06,3,48,641.3116
member,classic_bike,7,Saturday,2026-06,4,46,550.9224
member,classic_bike,7,Saturday,2026-06,5,72,878.1174333333333
member,classic_bike,7,Saturday,2026-06,6,178,2984.70095
member,classic_bike,7,Saturday,2026-06,7,454,6450.903533333333
member,classic_bike,7,Saturday,2026-06,8,740,10842.189783333333
member,classic_bike,7,Saturday,2026-06,9,1019,14867.471083333334
member,classic_bike,7,Saturday,2026-06,10,1323,19993.718083333333
member,classic_bike,7,Saturday,2026-06,11,1559,24553.616633333335
member,classic_bike,7,Saturday,2026-06,12,1763,28581.229466666668
member,classic_bike,7,Saturday,2026-06,13,1573,26749.273316666666
member,classic_bike,7,Saturday,2026-06,14,1594,27095.3201
member,classic_bike,7,Saturday,2026-06,15,1557,25906.558716666666
member,classic_bike,7,Saturday,2026-06,16,1508,26640.454883333332
member,classic_bike,7,Saturday,2026-06,17,1445,25028.7082
member,classic_bike,7,Saturday,2026-06,18,1382,20890.949583333335
member,classic_bike,7,Saturday,2026-06,19,1123,17407.08215
member,classic_bike,7,Saturday,2026-06,20,864,17130.10193333333
member,classic_bike,7,Saturday,2026-06,21,654,11203.386316666667
member,classic_bike,7,Saturday,2026-06,22,594,10255.776983333333
member,classic_bike,7,Saturday,2026-06,23,401,5327.436283333333
member,classic_bike,7,Saturday,2026-07,0,227,3234.46245
member,classic_bike,7,Saturday,2026-07,1,165,2377.9486166666666
member,classic_bike,7,Saturday,2026-07,2,93,1157.45595
member,classic_bike,7,Saturday,2026-07,3,48,631.7126166666667
member,classic_bike,7,Saturday,2026-07,4,37,500.99008333333336
member,classic_bike,7,Saturday,2026-07,5,96,1580.3172333333332
member,classic_bike,7,Saturday,2026-07,6,206,3470.1669166666666
member,classic_bike,7,Saturday,2026-07,7,464,7417.879516666667
member,classic_bike,7,Saturday,2026-07,8,740,9781.400116666668
member,classic_bike,7,Saturday,2026-07,9,994,13926.788883333333
member,classic_bike,7,Saturday,2026-07,10,1194,17908.660766666668
member,classic_bike,7,Saturday,2026-07,11,1290,21400.60035
member,classic_bike,7,Saturday,2026-07,12,1352,22901.909516666667
member,classic_bike,7,Saturday,2026-07,13,1385,21577.86535
member,classic_bike,7,Saturday,2026-07,14,1243,19910.347933333334
member,classic_bike,7,Saturday,2026-07,15,1275,19524.052583333334
member,classic_bike,7,Saturday,2026-07,16,1161,17490.477183333333
member,classic_bike,7,Saturday,2026-07,17,956,14431.65405
member,classic_bike,7,Saturday,2026-07,18,1007,15789.1272
member,classic_bike,7,Saturday,2026-07,19,982,15804.102183333333
member,classic_bike,7,Saturday,2026-07,20,730,11265.343066666666
member,classic_bike,7,Saturday,2026-07,21,607,10813.736666666666
member,classic_bike,7,Saturday,2026-07,22,498,8951.760916666666
member,classic_bike,7,Saturday,2026-07,23,525,8248.534333333333
member,classic_bike,7,Saturday,2026-08,0,331,5534.515733333334
member,classic_bike,7,Saturday,2026-08,1,245,3861.4224
member,classic_bike,7,Saturday,2026-08,2,118,1839.8213833333334
member,classic_bike,7,Saturday,2026-08,3,46,737.72585
member,classic_bike,7,Saturday,2026-08,4,34,445.7364
member,classic_bike,7,Saturday,2026-08,5,103,1667.9324166666668
member,classic_bike,7,Saturday,2026-08,6,169,3125.1251
member,classic_bike,7,Saturday,2026-08,7,375,7085.011433333333
member,classic_bike,7,Saturday,2026-08,8,766,12219.737833333333
member,classic_bike,7,Saturday,2026-08,9,944,13932.759183333334
member,classic_bike,7,Saturday,2026-08,10,1138,17536.159433333334
member,classic_bike,7,Saturday,2026-08,11,1480,22053.088433333334
member,classic_bike,7,Saturday,2026-08,12,1663,27578.82918333333
member,classic_bike,7,Saturday,2026-08,13,1654,25236.796216666666
member,classic_bike,7,Saturday,2026-08,14,1663,24907.1107
member,classic_bike,7,Saturday,2026-08,15,1564,27548.698516666667
member,classic_bike,7,Saturday,2026-08,16,1542,23308.173333333332
member,classic_bike,7,Saturday,2026-08,17,1514,23888.0522
member,classic_bike,7,Saturday,2026-08,18,1391,21260.20915
member,classic_bike,7,Saturday,2026-08,19,1208,20414.446933333333
member,classic_bike,7,Saturday,2026-08,20,866,13595.761616666667
member,classic_bike,7,Saturday,2026-08,21,715,11997.946
member,classic_bike,7,Saturday,2026-08,22,683,11032.764566666667
member,classic_bike,7,Saturday,2026-08,23,526,8896.769133333333
member,electric_bike,1,Sunday,2025-09,0,693,7595.2018
member,electric_bike,1,Sunday,2025-09,1,499,5080.795983333333
member,electric_bike,1,Sunday,2025-09,2,327,3246.0522833333334
member,electric_bike,1,Sunday,2025-09,3,194,1907.0446833333333
member,electric_bike,1,Sunday,2025-09,4,117,1339.6851333333334
member,electric_bike,1,Sunday,2025-09,5,167,2250.1896666666667
member,electric_bike,1,Sunday,2025-09,6,302,5732.587883333334
member,electric_bike,1,Sunday,2025-09,7,484,5997.868316666667
member,electric_bike,1,Sunday,2025-09,8,907,11159.877816666667
member,electric_bike,1,Sunday,2025-09,9,1401,16632.942233333335
member,electric_bike,1,Sunday,2025-09,10,1949,23944.885833333334
member,electric_bike,1,Sunday,2025-09,11,2498,32594.117916666666
member,electric_bike,1,Sunday,2025-09,12,2337,31879.293816666668
member,electric_bike,1,Sunday,2025-09,13,2254,31989.959016666668
member,electric_bike,1,Sunday,2025-09,14,2240,31295.389133333334
member,electric_bike,1,Sunday,2025-09,15,2449,32526.743916666666
member,electric_bike,1,Sunday,2025-09,16,2238,31557.4107
member,electric_bike,1,Sunday,2025-09,17,2059,28446.17955
member,electric_bike,1,Sunday,2025-09,18,2230,29542.61013333333
member,electric_bike,1,Sunday,2025-09,19,1606,18940.20635
member,electric_bike,1,Sunday,2025-09,20,1025,11900.29235
member,electric_bike,1,Sunday,2025-09,21,837,9717.003383333333
member,electric_bike,1,Sunday,2025-09,22,599,8224.69565
member,electric_bike,1,Sunday,2025-09,23,356,4285.7513500000005
member,electric_bike,1,Sunday,2025-10,0,579,5974.95425
member,electric_bike,1,Sunday,2025-10,1,367,4052.9751333333334
member,electric_bike,1,Sunday,2025-10,2,281,3110.8584833333334
member,electric_bike,1,Sunday,2025-10,3,180,1743.6581666666666
member,electric_bike,1,Sunday,2025-10,4,134,1410.9844333333333
member,electric_bike,1,Sunday,2025-10,5,200,1952.1990166666667
member,electric_bike,1,Sunday,2025-10,6,378,4926.22485
member,electric_bike,1,Sunday,2025-10,7,517,5497.448783333333
member,electric_bike,1,Sunday,2025-10,8,861,10260.2081
member,electric_bike,1,Sunday,2025-10,9,1206,14988.238116666667
member,electric_bike,1,Sunday,2025-10,10,1649,21090.51753333333
member,electric_bike,1,Sunday,2025-10,11,1987,24910.012883333333
member,electric_bike,1,Sunday,2025-10,12,1928,25790.367066666666
member,electric_bike,1,Sunday,2025-10,13,1940,25180.062416666668
member,electric_bike,1,Sunday,2025-10,14,2021,27363.557116666667
member,electric_bike,1,Sunday,2025-10,15,2229,28606.386883333333
member,electric_bike,1,Sunday,2025-10,16,2126,29255.768816666667
member,electric_bike,1,Sunday,2025-10,17,1999,26312.49265
member,electric_bike,1,Sunday,2025-10,18,1827,23772.025266666667
member,electric_bike,1,Sunday,2025-10,19,1336,15082.261333333334
member,electric_bike,1,Sunday,2025-10,20,928,10115.322483333333
member,electric_bike,1,Sunday,2025-10,21,763,8143.70695
member,electric_bike,1,Sunday,2025-10,22,573,6869.747533333333
member,electric_bike,1,Sunday,2025-10,23,317,3126.4940333333334
member,electric_bike,1,Sunday,2025-11,0,422,4250.167916666666
member,electric_bike,1,Sunday,2025-11,1,355,3166.9317333333333
member,electric_bike,1,Sunday,2025-11,2,181,1872.2798666666667
member,electric_bike,1,Sunday,2025-11,3,104,945.9565333333334
member,electric_bike,1,Sunday,2025-11,4,84,960.9214000000001
member,electric_bike,1,Sunday,2025-11,5,100,916.9766
member,electric_bike,1,Sunday,2025-11,6,229,2464.0677166666665
member,electric_bike,1,Sunday,2025-11,7,294,3159.2071166666665
member,electric_bike,1,Sunday,2025-11,8,507,4960.6613
member,electric_bike,1,Sunday,2025-11,9,834,8132.0769
member,electric_bike,1,Sunday,2025-11,10,1225,13201.828716666667
member,electric_bike,1,Sunday,2025-11,11,1615,18233.99325
member,electric_bike,1,Sunday,2025-11,12,1392,15446.256933333334
member,electric_bike,1,Sunday,2025-11,13,1345,14661.563633333333
member,electric_bike,1,Sunday,2025-11,14,1260,14344.597083333334
member,electric_bike,1,Sunday,2025-11,15,1560,18396.775933333334
member,electric_bike,1,Sunday,2025-11,16,1469,19537.988166666666
member,electric_bike,1,Sunday,2025-11,17,1167,14050.255033333333
member,electric_bike,1,Sunday,2025-11,18,987,9989.335133333334
member,electric_bike,1,Sunday,2025-11,19,766,7313.262033333333
member,electric_bike,1,Sunday,2025-11,20,533,5605.2445333333335
member,electric_bike,1,Sunday,2025-11,21,435,4390.672733333334
member,electric_bike,1,Sunday,2025-11,22,357,3310.2779833333334
member,electric_bike,1,Sunday,2025-11,23,212,2753.7576166666668
member,electric_bike,1,Sunday,2025-12,0,165,2011.3604166666667
member,electric_bike,1,Sunday,2025-12,1,99,926.7771333333334
member,electric_bike,1,Sunday,2025-12,2,79,752.1646666666667
member,electric_bike,1,Sunday,2025-12,3,39,445.3966833333333
member,electric_bike,1,Sunday,2025-12,4,17,215.93211666666667
member,electric_bike,1,Sunday,2025-12,5,29,311.4642333333333
member,electric_bike,1,Sunday,2025-12,6,70,633.23385
member,electric_bike,1,Sunday,2025-12,7,52,515.43
member,electric_bike,1,Sunday,2025-12,8,112,1112.77405
member,electric_bike,1,Sunday,2025-12,9,152,1262.4317
member,electric_bike,1,Sunday,2025-12,10,200,1785.2244166666667
member,electric_bike,1,Sunday,2025-12,11,277,2658.652
member,electric_bike,1,Sunday,2025-12,12,309,3477.825083333333
member,electric_bike,1,Sunday,2025-12,13,285,3003.7458
member,electric_bike,1,Sunday,2025-12,14,362,4167.69995
member,electric_bike,1,Sunday,2025-12,15,411,4741.5190999999995
member,electric_bike,1,Sunday,2025-12,16,376,5096.2231
member,electric_bike,1,Sunday,2025-12,17,309,3311.6725166666665
member,electric_bike,1,Sunday,2025-12,18,328,3536.9200166666665
member,electric_bike,1,Sunday,2025-12,19,230,2389.1749
member,electric_bike,1,Sunday,2025-12,20,158,1521.0796833333334
member,electric_bike,1,Sunday,2025-12,21,144,1460.3469833333334
member,electric_bike,1,Sunday,2025-12,22,139,1316.71535
member,electric_bike,1,Sunday,2025-12,23,77,694.1231833333334
member,electric_bike,1,Sunday,2026-01,0,107,1019.27175
member,electric_bike,1,Sunday,2026-01,1,90,1048.6615333333334
member,electric_bike,1,Sunday,2026-01,2,50,460.30865
member,electric_bike,1,Sunday,2026-01,3,27,191.38351666666665
member,electric_bike,1,Sunday,2026-01,4,21,278.50851666666665
member,electric_bike,1,Sunday,2026-01,5,22,254.53715
member,electric_bike,1,Sunday,2026-01,6,73,633.4335333333333
member,electric_bike,1,Sunday,2026-01,7,66,633.0090833333334
member,electric_bike,1,Sunday,2026-01,8,148,1106.6454833333332
member,electric_bike,1,Sunday,2026-01,9,296,2749.991016666667
member,electric_bike,1,Sunday,2026-01,10,355,3246.3026666666665
member,electric_bike,1,Sunday,2026-01,11,402,4320.6442
member,electric_bike,1,Sunday,2026-01,12,467,4587.444916666666
member,electric_bike,1,Sunday,2026-01,13,467,4771.565566666667
member,electric_bike,1,Sunday,2026-01,14,473,5135.21445
member,electric_bike,1,Sunday,2026-01,15,500,4418.290783333333
member,electric_bike,1,Sunday,2026-01,16,484,5322.7515
member,electric_bike,1,Sunday,2026-01,17,367,4014.928933333333
member,electric_bike,1,Sunday,2026-01,18,323,3081.058466666667
member,electric_bike,1,Sunday,2026-01,19,292,2681.4758166666666
member,electric_bike,1,Sunday,2026-01,20,167,1644.6440333333333
member,electric_bike,1,Sunday,2026-01,21,228,2430.50525
member,electric_bike,1,Sunday,2026-01,22,148,1309.2722833333332
member,electric_bike,1,Sunday,2026-01,23,60,514.7497833333333
member,electric_bike,1,Sunday,2026-02,0,127,1147.50085
member,electric_bike,1,Sunday,2026-02,1,83,902.0663833333333
member,electric_bike,1,Sunday,2026-02,2,61,534.9533333333334
member,electric_bike,1,Sunday,2026-02,3,37,474.02551666666665
member,electric_bike,1,Sunday,2026-02,4,35,223.0572
member,electric_bike,1,Sunday,2026-02,5,42,389.50215000000003
member,electric_bike,1,Sunday,2026-02,6,109,916.51695
member,electric_bike,1,Sunday,2026-02,7,117,986.27255
member,electric_bike,1,Sunday,2026-02,8,209,1790.5995166666667
member,electric_bike,1,Sunday,2026-02,9,368,3785.1663166666667
member,electric_bike,1,Sunday,2026-02,10,529,5128.261116666667
member,electric_bike,1,Sunday,2026-02,11,525,6415.80725
member,electric_bike,1,Sunday,2026-02,12,694,8231.05345
member,electric_bike,1,Sunday,2026-02,13,714,8088.546683333333
member,electric_bike,1,Sunday,2026-02,14,744,8536.514733333333
member,electric_bike,1,Sunday,2026-02,15,776,8655.172883333333
member,electric_bike,1,Sunday,2026-02,16,779,9128.7249
member,electric_bike,1,Sunday,2026-02,17,696,7680.15875
member,electric_bike,1,Sunday,2026-02,18,465,5063.3542
member,electric_bike,1,Sunday,2026-02,19,335,4182.169083333333
member,electric_bike,1,Sunday,2026-02,20,255,2714.963533333333
member,electric_bike,1,Sunday,2026-02,21,272,2395.7333166666667
member,electric_bike,1,Sunday,2026-02,22,200,2121.847333333333
member,electric_bike,1,Sunday,2026-02,23,110,1028.8006333333333
member,electric_bike,1,Sunday,2026-03,0,464,4930.8422
member,electric_bike,1,Sunday,2026-03,1,272,3203.20635
member,electric_bike,1,Sunday,2026-03,2,169,1715.0052833333334
member,electric_bike,1,Sunday,2026-03,3,141,1616.3136
member,electric_bike,1,Sunday,2026-03,4,97,901.8442666666666
member,electric_bike,1,Sunday,2026-03,5,84,930.6998333333333
member,electric_bike,1,Sunday,2026-03,6,220,2044.8402666666666
member,electric_bike,1,Sunday,2026-03,7,360,3316.52385
member,electric_bike,1,Sunday,2026-03,8,489,4719.801716666667
member,electric_bike,1,Sunday,2026-03,9,888,8496.952083333334
member,electric_bike,1,Sunday,2026-03,10,1176,11513.920833333334
member,electric_bike,1,Sunday,2026-03,11,1202,13305.638
member,electric_bike,1,Sunday,2026-03,12,1421,16152.500866666667
member,electric_bike,1,Sunday,2026-03,13,1435,17712.464616666668
member,electric_bike,1,Sunday,2026-03,14,1406,17808.00085
member,electric_bike,1,Sunday,2026-03,15,1437,17952.673983333334
member,electric_bike,1,Sunday,2026-03,16,1385,18173.1027
member,electric_bike,1,Sunday,2026-03,17,1158,14660.31015
member,electric_bike,1,Sunday,2026-03,18,1022,11518.48755
member,electric_bike,1,Sunday,2026-03,19,674,7729.998916666666
member,electric_bike,1,Sunday,2026-03,20,541,5561.298016666667
member,electric_bike,1,Sunday,2026-03,21,397,4087.24705
member,electric_bike,1,Sunday,2026-03,22,304,3280.7420333333334
member,electric_bike,1,Sunday,2026-03,23,188,1786.8481
member,electric_bike,1,Sunday,2026-04,0,398,3680.8476833333334
member,electric_bike,1,Sunday,2026-04,1,253,2579.84855
member,electric_bike,1,Sunday,2026-04,2,186,1988.0744333333332
member,electric_bike,1,Sunday,2026-04,3,128,1195.0526166666666
member,electric_bike,1,Sunday,2026-04,4,73,602.8758666666666
member,electric_bike,1,Sunday,2026-04,5,76,842.0399833333333
member,electric_bike,1,Sunday,2026-04,6,210,2219.8517
member,electric_bike,1,Sunday,2026-04,7,293,2765.7061
member,electric_bike,1,Sunday,2026-04,8,560,5249.7954666666665
member,electric_bike,1,Sunday,2026-04,9,928,9485.9055
member,electric_bike,1,Sunday,2026-04,10,1260,13661.0386
member,electric_bike,1,Sunday,2026-04,11,1439,15915.86395
member,electric_bike,1,Sunday,2026-04,12,1625,19383.992283333333
member,electric_bike,1,Sunday,2026-04,13,1444,18475.576566666667
member,electric_bike,1,Sunday,2026-04,14,1488,19525.847583333332
member,electric_bike,1,Sunday,2026-04,15,1565,20371.891633333333
member,electric_bike,1,Sunday,2026-04,16,1662,21901.489933333334
member,electric_bike,1,Sunday,2026-04,17,1467,17838.4858
member,electric_bike,1,Sunday,2026-04,18,1381,16943.392416666666
member,electric_bike,1,Sunday,2026-04,19,922,10397.890966666666
member,electric_bike,1,Sunday,2026-04,20,551,5336.681016666666
member,electric_bike,1,Sunday,2026-04,21,433,4527.6874
member,electric_bike,1,Sunday,2026-04,22,326,3475.4861666666666
member,electric_bike,1,Sunday,2026-04,23,187,1810.19865
member,electric_bike,1,Sunday,2026-05,0,870,9472.7848
member,electric_bike,1,Sunday,2026-05,1,578,5471.372183333333
member,electric_bike,1,Sunday,2026-05,2,381,4346.511483333334
member,electric_bike,1,Sunday,2026-05,3,204,2056.7441166666667
member,electric_bike,1,Sunday,2026-05,4,158,1685.7471
member,electric_bike,1,Sunday,2026-05,5,175,1812.77505
member,electric_bike,1,Sunday,2026-05,6,405,4419.9763
member,electric_bike,1,Sunday,2026-05,7,497,5581.9764000000005
member,electric_bike,1,Sunday,2026-05,8,820,8821.297
member,electric_bike,1,Sunday,2026-05,9,1393,15329.373916666667
member,electric_bike,1,Sunday,2026-05,10,1802,19950.74853333333
member,electric_bike,1,Sunday,2026-05,11,2037,24005.1848
member,electric_bike,1,Sunday,2026-05,12,2470,31339.729833333335
member,electric_bike,1,Sunday,2026-05,13,2542,32603.85665
member,electric_bike,1,Sunday,2026-05,14,2633,33882.922183333336
member,electric_bike,1,Sunday,2026-05,15,2624,34830.1637
member,electric_bike,1,Sunday,2026-05,16,2826,38812.8079
member,electric_bike,1,Sunday,2026-05,17,2657,37310.86188333333
member,electric_bike,1,Sunday,2026-05,18,2462,32218.71368333333
member,electric_bike,1,Sunday,2026-05,19,2018,25397.90505
member,electric_bike,1,Sunday,2026-05,20,1480,18510.059933333334
member,electric_bike,1,Sunday,2026-05,21,1143,13162.871716666667
member,electric_bike,1,Sunday,2026-05,22,894,10587.0731
member,electric_bike,1,Sunday,2026-05,23,519,6379.239216666667
member,electric_bike,1,Sunday,2026-06,0,925,11292.144233333333
member,electric_bike,1,Sunday,2026-06,1,673,7406.2553333333335
member,electric_bike,1,Sunday,2026-06,2,422,4632.968133333334
member,electric_bike,1,Sunday,2026-06,3,251,2826.7100833333334
member,electric_bike,1,Sunday,2026-06,4,169,1945.66595
member,electric_bike,1,Sunday,2026-06,5,237,3222.8209833333335
member,electric_bike,1,Sunday,2026-06,6,346,4091.8808166666668
member,electric_bike,1,Sunday,2026-06,7,439,5190.675016666667
member,electric_bike,1,Sunday,2026-06,8,790,9358.336983333333
member,electric_bike,1,Sunday,2026-06,9,1403,17372.2038
member,electric_bike,1,Sunday,2026-06,10,1944,24530.8253
member,electric_bike,1,Sunday,2026-06,11,2153,27770.829883333332
member,electric_bike,1,Sunday,2026-06,12,2196,30510.02415
member,electric_bike,1,Sunday,2026-06,13,2262,30433.92635
member,electric_bike,1,Sunday,2026-06,14,2153,29967.599283333333
member,electric_bike,1,Sunday,2026-06,15,2017,27626.6025
member,electric_bike,1,Sunday,2026-06,16,2021,28368.319016666668
member,electric_bike,1,Sunday,2026-06,17,1784,23521.513
member,electric_bike,1,Sunday,2026-06,18,1572,19633.580533333334
member,electric_bike,1,Sunday,2026-06,19,1193,16144.356749999999
member,electric_bike,1,Sunday,2026-06,20,977,12738.7441
member,electric_bike,1,Sunday,2026-06,21,844,10904.811433333334
member,electric_bike,1,Sunday,2026-06,22,614,7085.16095
member,electric_bike,1,Sunday,2026-06,23,380,4689.806533333333
member,electric_bike,1,Sunday,2026-07,0,1061,12311.248766666668
member,electric_bike,1,Sunday,2026-07,1,652,7241.83005
member,electric_bike,1,Sunday,2026-07,2,441,5006.15555
member,electric_bike,1,Sunday,2026-07,3,273,3160.0266333333334
member,electric_bike,1,Sunday,2026-07,4,187,2078.9574666666667
member,electric_bike,1,Sunday,2026-07,5,169,2130.801933333333
member,electric_bike,1,Sunday,2026-07,6,349,3890.3108166666666
member,electric_bike,1,Sunday,2026-07,7,563,6366.589483333333
member,electric_bike,1,Sunday,2026-07,8,999,12154.692
member,electric_bike,1,Sunday,2026-07,9,1472,16835.3932
member,electric_bike,1,Sunday,2026-07,10,2063,24886.483116666666
member,electric_bike,1,Sunday,2026-07,11,2407,30475.053666666667
member,electric_bike,1,Sunday,2026-07,12,2836,38153.8252
member,electric_bike,1,Sunday,2026-07,13,3080,40651.0695
member,electric_bike,1,Sunday,2026-07,14,2751,36459.66765
member,electric_bike,1,Sunday,2026-07,15,2574,34005.73623333334
member,electric_bike,1,Sunday,2026-07,16,2680,39386.90825
member,electric_bike,1,Sunday,2026-07,17,3111,42295.25143333333
member,electric_bike,1,Sunday,2026-07,18,2688,36486.51533333334
member,electric_bike,1,Sunday,2026-07,19,2026,26899.38535
member,electric_bike,1,Sunday,2026-07,20,1506,18087.457883333333
member,electric_bike,1,Sunday,2026-07,21,1174,13765.335916666667
member,electric_bike,1,Sunday,2026-07,22,1046,13393.320883333334
member,electric_bike,1,Sunday,2026-07,23,552,7224.328433333333
member,electric_bike,1,Sunday,2026-08,0,1401,16282.199433333333
member,electric_bike,1,Sunday,2026-08,1,960,10636.989283333334
member,electric_bike,1,Sunday,2026-08,2,655,7286.247016666666
member,electric_bike,1,Sunday,2026-08,3,382,4409.568033333333
member,electric_bike,1,Sunday,2026-08,4,286,3380.11565
member,electric_bike,1,Sunday,2026-08,5,281,3418.0491
member,electric_bike,1,Sunday,2026-08,6,491,5642.67655
member,electric_bike,1,Sunday,2026-08,7,665,8002.434033333333
member,electric_bike,1,Sunday,2026-08,8,1263,14353.441733333333
member,electric_bike,1,Sunday,2026-08,9,2019,23368.86696666667
member,electric_bike,1,Sunday,2026-08,10,2868,35054.94548333334
member,electric_bike,1,Sunday,2026-08,11,3217,42261.53448333334
member,electric_bike,1,Sunday,2026-08,12,3818,51497.65723333333
member,electric_bike,1,Sunday,2026-08,13,3581,47556.52533333333
member,electric_bike,1,Sunday,2026-08,14,3121,43245.16596666667
member,electric_bike,1,Sunday,2026-08,15,3126,42802.915316666666
member,electric_bike,1,Sunday,2026-08,16,3625,50592.3245
member,electric_bike,1,Sunday,2026-08,17,3301,45749.070466666664
member,electric_bike,1,Sunday,2026-08,18,2958,39016.89051666667
member,electric_bike,1,Sunday,2026-08,19,2443,32820.1785
member,electric_bike,1,Sunday,2026-08,20,1966,24561.848766666666
member,electric_bike,1,Sunday,2026-08,21,1593,20188.332166666667
member,electric_bike,1,Sunday,2026-08,22,1171,14704.389066666667
member,electric_bike,1,Sunday,2026-08,23,594,6755.453733333334
member,electric_bike,2,Monday,2025-09,0,337,3799.6927
member,electric_bike,2,Monday,2025-09,1,195,2256.3047166666665
member,electric_bike,2,Monday,2025-09,2,142,1929.5326833333334
member,electric_bike,2,Monday,2025-09,3,103,1092.4828
member,electric_bike,2,Monday,2025-09,4,140,1508.20075
member,electric_bike,2,Monday,2025-09,5,414,3753.9441166666666
member,electric_bike,2,Monday,2025-09,6,1333,14290.301666666666
member,electric_bike,2,Monday,2025-09,7,2609,27496.636366666666
member,electric_bike,2,Monday,2025-09,8,3274,35400.70808333333
member,electric_bike,2,Monday,2025-09,9,1800,17678.117866666667
member,electric_bike,2,Monday,2025-09,10,1408,16239.24765
member,electric_bike,2,Monday,2025-09,11,1643,20686.627116666667
member,electric_bike,2,Monday,2025-09,12,2084,24253.262916666667
member,electric_bike,2,Monday,2025-09,13,2025,23949.39165
member,electric_bike,2,Monday,2025-09,14,2206,28368.2803
member,electric_bike,2,Monday,2025-09,15,2830,35629.734216666664
member,electric_bike,2,Monday,2025-09,16,4243,55505.7315
member,electric_bike,2,Monday,2025-09,17,5269,66261.74848333333
member,electric_bike,2,Monday,2025-09,18,4152,50747.546883333336
member,electric_bike,2,Monday,2025-09,19,2723,30747.15325
member,electric_bike,2,Monday,2025-09,20,1641,18285.095666666668
member,electric_bike,2,Monday,2025-09,21,1361,16428.99025
member,electric_bike,2,Monday,2025-09,22,1156,13980.466833333334
member,electric_bike,2,Monday,2025-09,23,561,7030.966933333333
member,electric_bike,2,Monday,2025-10,0,176,1951.4746166666666
member,electric_bike,2,Monday,2025-10,1,110,1195.3084166666667
member,electric_bike,2,Monday,2025-10,2,68,757.0980666666667
member,electric_bike,2,Monday,2025-10,3,49,995.1265333333333
member,electric_bike,2,Monday,2025-10,4,88,938.9580833333333
member,electric_bike,2,Monday,2025-10,5,366,2952.395233333333
member,electric_bike,2,Monday,2025-10,6,1087,10650.886983333334
member,electric_bike,2,Monday,2025-10,7,2284,22598.0847
member,electric_bike,2,Monday,2025-10,8,2764,28073.11295
member,electric_bike,2,Monday,2025-10,9,1559,15053.6727
member,electric_bike,2,Monday,2025-10,10,1084,11579.327033333333
member,electric_bike,2,Monday,2025-10,11,1163,12713.174516666666
member,electric_bike,2,Monday,2025-10,12,1493,15520.36955
member,electric_bike,2,Monday,2025-10,13,1483,15511.946733333334
member,electric_bike,2,Monday,2025-10,14,1607,18253.060433333332
member,electric_bike,2,Monday,2025-10,15,2160,25301.102166666667
member,electric_bike,2,Monday,2025-10,16,3465,39463.86078333333
member,electric_bike,2,Monday,2025-10,17,4144,48002.52536666667
member,electric_bike,2,Monday,2025-10,18,2785,30547.18703333333
member,electric_bike,2,Monday,2025-10,19,1694,17880.978116666665
member,electric_bike,2,Monday,2025-10,20,1170,11200.365566666667
member,electric_bike,2,Monday,2025-10,21,920,9239.45505
member,electric_bike,2,Monday,2025-10,22,674,6986.40895
member,electric_bike,2,Monday,2025-10,23,291,3130.461
member,electric_bike,2,Monday,2025-11,0,89,715.00865
member,electric_bike,2,Monday,2025-11,1,57,705.87115
member,electric_bike,2,Monday,2025-11,2,37,375.00550000000004
member,electric_bike,2,Monday,2025-11,3,34,375.49418333333335
member,electric_bike,2,Monday,2025-11,4,44,394.3041666666667
member,electric_bike,2,Monday,2025-11,5,269,2305.42125
member,electric_bike,2,Monday,2025-11,6,782,6703.819
member,electric_bike,2,Monday,2025-11,7,1635,16538.258783333335
member,electric_bike,2,Monday,2025-11,8,1954,19229.784783333333
member,electric_bike,2,Monday,2025-11,9,980,8392.814366666667
member,electric_bike,2,Monday,2025-11,10,684,6842.9468
member,electric_bike,2,Monday,2025-11,11,802,8695.4662
member,electric_bike,2,Monday,2025-11,12,1002,9938.569833333333
member,electric_bike,2,Monday,2025-11,13,1013,10641.91225
member,electric_bike,2,Monday,2025-11,14,1003,10304.8958
member,electric_bike,2,Monday,2025-11,15,1551,15946.519083333333
member,electric_bike,2,Monday,2025-11,16,2409,26176.755766666665
member,electric_bike,2,Monday,2025-11,17,2581,27480.629566666667
member,electric_bike,2,Monday,2025-11,18,1772,17534.75818333333
member,electric_bike,2,Monday,2025-11,19,1105,10288.305633333333
member,electric_bike,2,Monday,2025-11,20,753,7540.769533333333
member,electric_bike,2,Monday,2025-11,21,626,6019.078983333333
member,electric_bike,2,Monday,2025-11,22,398,4012.9919666666665
member,electric_bike,2,Monday,2025-11,23,263,3144.52725
member,electric_bike,2,Monday,2025-12,0,67,524.4726166666667
member,electric_bike,2,Monday,2025-12,1,39,376.878
member,electric_bike,2,Monday,2025-12,2,28,221.62615
member,electric_bike,2,Monday,2025-12,3,15,119.55056666666667
member,electric_bike,2,Monday,2025-12,4,34,315.0453166666667
member,electric_bike,2,Monday,2025-12,5,185,1416.6200833333332
member,electric_bike,2,Monday,2025-12,6,411,3272.2602166666666
member,electric_bike,2,Monday,2025-12,7,729,6803.668033333333
member,electric_bike,2,Monday,2025-12,8,928,8327.202833333333
member,electric_bike,2,Monday,2025-12,9,570,4905.245833333333
member,electric_bike,2,Monday,2025-12,10,376,3595.9351833333335
member,electric_bike,2,Monday,2025-12,11,454,5059.2088
member,electric_bike,2,Monday,2025-12,12,514,5203.93655
member,electric_bike,2,Monday,2025-12,13,557,5216.300916666667
member,electric_bike,2,Monday,2025-12,14,635,6956.0260333333335
member,electric_bike,2,Monday,2025-12,15,827,8353.037233333333
member,electric_bike,2,Monday,2025-12,16,1175,12687.818883333333
member,electric_bike,2,Monday,2025-12,17,1238,14095.269716666668
member,electric_bike,2,Monday,2025-12,18,830,7742.633783333334
member,electric_bike,2,Monday,2025-12,19,608,6037.80045
member,electric_bike,2,Monday,2025-12,20,332,3412.0083666666665
member,electric_bike,2,Monday,2025-12,21,271,2489.74835
member,electric_bike,2,Monday,2025-12,22,161,2013.0974833333332
member,electric_bike,2,Monday,2025-12,23,107,1012.4272666666667
member,electric_bike,2,Monday,2026-01,0,50,413.9350833333333
member,electric_bike,2,Monday,2026-01,1,33,233.59571666666668
member,electric_bike,2,Monday,2026-01,2,18,169.07971666666666
member,electric_bike,2,Monday,2026-01,3,12,115.59185
member,electric_bike,2,Monday,2026-01,4,27,251.92673333333335
member,electric_bike,2,Monday,2026-01,5,144,1108.026
member,electric_bike,2,Monday,2026-01,6,393,3142.625
member,electric_bike,2,Monday,2026-01,7,730,6305.77645
member,electric_bike,2,Monday,2026-01,8,860,8069.973633333333
member,electric_bike,2,Monday,2026-01,9,422,3752.6092333333336
member,electric_bike,2,Monday,2026-01,10,279,2710.71115
member,electric_bike,2,Monday,2026-01,11,373,4203.142383333334
member,electric_bike,2,Monday,2026-01,12,447,3827.1480166666665
member,electric_bike,2,Monday,2026-01,13,425,4128.516866666667
member,electric_bike,2,Monday,2026-01,14,460,4728.724516666667
member,electric_bike,2,Monday,2026-01,15,710,7029.6786
member,electric_bike,2,Monday,2026-01,16,1128,11946.7609
member,electric_bike,2,Monday,2026-01,17,1284,12594.220183333333
member,electric_bike,2,Monday,2026-01,18,782,7300.530566666666
member,electric_bike,2,Monday,2026-01,19,490,4505.539066666666
member,electric_bike,2,Monday,2026-01,20,351,2750.779683333333
member,electric_bike,2,Monday,2026-01,21,238,2334.2960166666667
member,electric_bike,2,Monday,2026-01,22,172,1676.2814333333333
member,electric_bike,2,Monday,2026-01,23,80,731.3749
member,electric_bike,2,Monday,2026-02,0,65,503.6679
member,electric_bike,2,Monday,2026-02,1,31,276.31108333333333
member,electric_bike,2,Monday,2026-02,2,21,208.7269
member,electric_bike,2,Monday,2026-02,3,24,211.22631666666666
member,electric_bike,2,Monday,2026-02,4,29,251.5777
member,electric_bike,2,Monday,2026-02,5,195,1568.7994666666666
member,electric_bike,2,Monday,2026-02,6,477,3633.044983333333
member,electric_bike,2,Monday,2026-02,7,830,7392.458583333333
member,electric_bike,2,Monday,2026-02,8,1045,8694.896083333333
member,electric_bike,2,Monday,2026-02,9,591,5990.4047
member,electric_bike,2,Monday,2026-02,10,477,4624.5810833333335
member,electric_bike,2,Monday,2026-02,11,567,5749.2707
member,electric_bike,2,Monday,2026-02,12,676,6784.680166666667
member,electric_bike,2,Monday,2026-02,13,664,6974.9785
member,electric_bike,2,Monday,2026-02,14,724,8349.682283333334
member,electric_bike,2,Monday,2026-02,15,1013,11537.054066666667
member,electric_bike,2,Monday,2026-02,16,1509,16829.100516666665
member,electric_bike,2,Monday,2026-02,17,1662,17035.501283333335
member,electric_bike,2,Monday,2026-02,18,1059,11012.278766666666
member,electric_bike,2,Monday,2026-02,19,708,6824.0153
member,electric_bike,2,Monday,2026-02,20,506,4592.2959
member,electric_bike,2,Monday,2026-02,21,391,3373.25975
member,electric_bike,2,Monday,2026-02,22,202,2025.4765333333332
member,electric_bike,2,Monday,2026-02,23,105,1003.46595
member,electric_bike,2,Monday,2026-03,0,111,991.5719666666666
member,electric_bike,2,Monday,2026-03,1,63,593.2108333333333
member,electric_bike,2,Monday,2026-03,2,55,429.37805000000003
member,electric_bike,2,Monday,2026-03,3,26,325.19983333333334
member,electric_bike,2,Monday,2026-03,4,69,594.8198
member,electric_bike,2,Monday,2026-03,5,264,1997.0067666666666
member,electric_bike,2,Monday,2026-03,6,895,7125.263883333333
member,electric_bike,2,Monday,2026-03,7,1689,16117.942016666666
member,electric_bike,2,Monday,2026-03,8,2209,21065.838866666665
member,electric_bike,2,Monday,2026-03,9,1153,11058.0331
member,electric_bike,2,Monday,2026-03,10,735,7786.0267
member,electric_bike,2,Monday,2026-03,11,891,10094.8157
member,electric_bike,2,Monday,2026-03,12,1031,10896.1367
member,electric_bike,2,Monday,2026-03,13,1142,13023.529983333334
member,electric_bike,2,Monday,2026-03,14,1246,14856.6652
member,electric_bike,2,Monday,2026-03,15,1863,22519.422933333335
member,electric_bike,2,Monday,2026-03,16,3129,38532.272866666666
member,electric_bike,2,Monday,2026-03,17,3677,44089.17853333333
member,electric_bike,2,Monday,2026-03,18,2585,30000.4216
member,electric_bike,2,Monday,2026-03,19,1611,17228.933233333333
member,electric_bike,2,Monday,2026-03,20,1119,10969.581916666666
member,electric_bike,2,Monday,2026-03,21,940,9825.492166666667
member,electric_bike,2,Monday,2026-03,22,446,5036.7777166666665
member,electric_bike,2,Monday,2026-03,23,196,1736.7287833333332
member,electric_bike,2,Monday,2026-04,0,96,905.5259666666667
member,electric_bike,2,Monday,2026-04,1,60,545.8480166666667
member,electric_bike,2,Monday,2026-04,2,44,486.46021666666667
member,electric_bike,2,Monday,2026-04,3,46,560.0274499999999
member,electric_bike,2,Monday,2026-04,4,70,671.6909333333333
member,electric_bike,2,Monday,2026-04,5,324,2412.1036166666668
member,electric_bike,2,Monday,2026-04,6,1027,8295.55285
member,electric_bike,2,Monday,2026-04,7,1949,18819.446433333334
member,electric_bike,2,Monday,2026-04,8,2605,25002.844683333333
member,electric_bike,2,Monday,2026-04,9,1218,12124.045516666667
member,electric_bike,2,Monday,2026-04,10,737,7168.146616666667
member,electric_bike,2,Monday,2026-04,11,926,10428.688533333334
member,electric_bike,2,Monday,2026-04,12,963,8647.398816666666
member,electric_bike,2,Monday,2026-04,13,925,9176.342516666668
member,electric_bike,2,Monday,2026-04,14,1110,11390.354983333333
member,electric_bike,2,Monday,2026-04,15,1625,17362.516033333333
member,electric_bike,2,Monday,2026-04,16,2892,31654.290666666668
member,electric_bike,2,Monday,2026-04,17,3513,38912.98496666666
member,electric_bike,2,Monday,2026-04,18,2536,25588.44156666667
member,electric_bike,2,Monday,2026-04,19,1384,14181.212233333334
member,electric_bike,2,Monday,2026-04,20,887,8493.033883333334
member,electric_bike,2,Monday,2026-04,21,751,7440.755016666667
member,electric_bike,2,Monday,2026-04,22,490,4924.005766666667
member,electric_bike,2,Monday,2026-04,23,260,2890.2457666666664
member,electric_bike,2,Monday,2026-05,0,268,3677.5241166666665
member,electric_bike,2,Monday,2026-05,1,166,2397.0878166666666
member,electric_bike,2,Monday,2026-05,2,90,1332.3421
member,electric_bike,2,Monday,2026-05,3,84,1034.1447666666666
member,electric_bike,2,Monday,2026-05,4,99,965.1710333333333
member,electric_bike,2,Monday,2026-05,5,340,2953.9520833333336
member,electric_bike,2,Monday,2026-05,6,1041,8997.622033333333
member,electric_bike,2,Monday,2026-05,7,1988,20507.919633333335
member,electric_bike,2,Monday,2026-05,8,2501,25775.1444
member,electric_bike,2,Monday,2026-05,9,1420,16075.406333333332
member,electric_bike,2,Monday,2026-05,10,1229,14477.260783333333
member,electric_bike,2,Monday,2026-05,11,1292,16351.803766666666
member,electric_bike,2,Monday,2026-05,12,1667,21534.58715
member,electric_bike,2,Monday,2026-05,13,1743,23887.68985
member,electric_bike,2,Monday,2026-05,14,1847,25930.785933333333
member,electric_bike,2,Monday,2026-05,15,2307,29340.362683333333
member,electric_bike,2,Monday,2026-05,16,3565,44008.64835
member,electric_bike,2,Monday,2026-05,17,4171,50888.91565
member,electric_bike,2,Monday,2026-05,18,2736,31451.0329
member,electric_bike,2,Monday,2026-05,19,1853,22228.672483333332
member,electric_bike,2,Monday,2026-05,20,1333,14924.465166666667
member,electric_bike,2,Monday,2026-05,21,1115,12664.71725
member,electric_bike,2,Monday,2026-05,22,699,8452.50355
member,electric_bike,2,Monday,2026-05,23,359,3856.1031166666667
member,electric_bike,2,Monday,2026-06,0,278,3263.1128166666667
member,electric_bike,2,Monday,2026-06,1,173,1825.1169833333333
member,electric_bike,2,Monday,2026-06,2,103,1250.77725
member,electric_bike,2,Monday,2026-06,3,73,877.8972
member,electric_bike,2,Monday,2026-06,4,115,1342.8038333333334
member,electric_bike,2,Monday,2026-06,5,527,4560.0390333333335
member,electric_bike,2,Monday,2026-06,6,1734,15963.549983333334
member,electric_bike,2,Monday,2026-06,7,3105,31834.6729
member,electric_bike,2,Monday,2026-06,8,3997,42104.3078
member,electric_bike,2,Monday,2026-06,9,1949,20734.264433333334
member,electric_bike,2,Monday,2026-06,10,1393,15527.982216666667
member,electric_bike,2,Monday,2026-06,11,1687,19283.728483333332
member,electric_bike,2,Monday,2026-06,12,1833,19647.432516666668
member,electric_bike,2,Monday,2026-06,13,1831,21242.389583333334
member,electric_bike,2,Monday,2026-06,14,2021,24685.3671
member,electric_bike,2,Monday,2026-06,15,2873,32594.953966666668
member,electric_bike,2,Monday,2026-06,16,4694,56367.57086666667
member,electric_bike,2,Monday,2026-06,17,5629,67326.38556666666
member,electric_bike,2,Monday,2026-06,18,4620,54305.8066
member,electric_bike,2,Monday,2026-06,19,3234,39829.25086666667
member,electric_bike,2,Monday,2026-06,20,2368,28421.4054
member,electric_bike,2,Monday,2026-06,21,1731,20715.27305
member,electric_bike,2,Monday,2026-06,22,1210,14601.4782
member,electric_bike,2,Monday,2026-06,23,560,6702.9962
member,electric_bike,2,Monday,2026-07,0,282,3420.1459333333332
member,electric_bike,2,Monday,2026-07,1,191,2283.5935666666664
member,electric_bike,2,Monday,2026-07,2,99,1435.7294833333333
member,electric_bike,2,Monday,2026-07,3,76,1069.3584666666668
member,electric_bike,2,Monday,2026-07,4,125,1515.0025666666666
member,electric_bike,2,Monday,2026-07,5,469,3968.1538166666664
member,electric_bike,2,Monday,2026-07,6,1540,13914.3794
member,electric_bike,2,Monday,2026-07,7,2838,28129.209133333334
member,electric_bike,2,Monday,2026-07,8,3554,38081.19846666667
member,electric_bike,2,Monday,2026-07,9,1749,18718.6718
member,electric_bike,2,Monday,2026-07,10,1239,13209.70515
member,electric_bike,2,Monday,2026-07,11,1330,15609.490133333333
member,electric_bike,2,Monday,2026-07,12,1294,14757.888383333333
member,electric_bike,2,Monday,2026-07,13,1314,14222.893016666667
member,electric_bike,2,Monday,2026-07,14,1514,17672.884166666667
member,electric_bike,2,Monday,2026-07,15,2218,24851.764183333333
member,electric_bike,2,Monday,2026-07,16,3996,45608.88515
member,electric_bike,2,Monday,2026-07,17,4820,59162.27568333333
member,electric_bike,2,Monday,2026-07,18,4288,49323.48998333333
member,electric_bike,2,Monday,2026-07,19,2720,31354.065466666667
member,electric_bike,2,Monday,2026-07,20,2079,25438.438783333335
member,electric_bike,2,Monday,2026-07,21,1910,22765.83705
member,electric_bike,2,Monday,2026-07,22,929,11675.044033333334
member,electric_bike,2,Monday,2026-07,23,554,7035.615783333334
member,electric_bike,2,Monday,2026-08,0,317,4022.5884
member,electric_bike,2,Monday,2026-08,1,216,2877.765083333333
member,electric_bike,2,Monday,2026-08,2,140,1801.2232
member,electric_bike,2,Monday,2026-08,3,118,1388.8171666666667
member,electric_bike,2,Monday,2026-08,4,162,2063.08615
member,electric_bike,2,Monday,2026-08,5,587,4930.3776333333335
member,electric_bike,2,Monday,2026-08,6,2061,18713.27295
member,electric_bike,2,Monday,2026-08,7,3672,36461.22538333333
member,electric_bike,2,Monday,2026-08,8,4261,43887.88235
member,electric_bike,2,Monday,2026-08,9,2255,23385.5798
member,electric_bike,2,Monday,2026-08,10,1601,17060.481216666667
member,electric_bike,2,Monday,2026-08,11,1966,22426.655483333332
member,electric_bike,2,Monday,2026-08,12,2306,24178.532566666665
member,electric_bike,2,Monday,2026-08,13,2271,25353.529566666668
member,electric_bike,2,Monday,2026-08,14,2209,26404.15275
member,electric_bike,2,Monday,2026-08,15,3085,35374.44161666666
member,electric_bike,2,Monday,2026-08,16,5748,67354.45755
member,electric_bike,2,Monday,2026-08,17,6693,81350.59691666666
member,electric_bike,2,Monday,2026-08,18,5515,64958.47313333333
member,electric_bike,2,Monday,2026-08,19,3783,44447.52311666666
member,electric_bike,2,Monday,2026-08,20,2668,32182.84375
member,electric_bike,2,Monday,2026-08,21,2066,23656.0881
member,electric_bike,2,Monday,2026-08,22,1341,16167.304883333334
member,electric_bike,2,Monday,2026-08,23,690,8060.0511
member,electric_bike,3,Tuesday,2025-09,0,269,2940.250433333333
member,electric_bike,3,Tuesday,2025-09,1,133,1502.4122
member,electric_bike,3,Tuesday,2025-09,2,71,779.63015
member,electric_bike,3,Tuesday,2025-09,3,56,758.0143333333333
member,electric_bike,3,Tuesday,2025-09,4,111,1015.9200333333333
member,electric_bike,3,Tuesday,2025-09,5,533,4771.1906
member,electric_bike,3,Tuesday,2025-09,6,1916,19222.604483333333
member,electric_bike,3,Tuesday,2025-09,7,3946,43706.64648333333
member,electric_bike,3,Tuesday,2025-09,8,4833,52979.83565
member,electric_bike,3,Tuesday,2025-09,9,2164,22270.868833333334
member,electric_bike,3,Tuesday,2025-09,10,1292,14431.111466666667
member,electric_bike,3,Tuesday,2025-09,11,1563,18700.99395
member,electric_bike,3,Tuesday,2025-09,12,2013,21844.963433333334
member,electric_bike,3,Tuesday,2025-09,13,1929,21445.764766666667
member,electric_bike,3,Tuesday,2025-09,14,1969,23308.6464
member,electric_bike,3,Tuesday,2025-09,15,3072,37069.419116666664
member,electric_bike,3,Tuesday,2025-09,16,5511,67975.57438333334
member,electric_bike,3,Tuesday,2025-09,17,6675,85500.61923333333
member,electric_bike,3,Tuesday,2025-09,18,4916,59654.76186666667
member,electric_bike,3,Tuesday,2025-09,19,3113,35620.7216
member,electric_bike,3,Tuesday,2025-09,20,2019,23138.241883333332
member,electric_bike,3,Tuesday,2025-09,21,1877,21420.96468333333
member,electric_bike,3,Tuesday,2025-09,22,1107,12692.8475
member,electric_bike,3,Tuesday,2025-09,23,537,6603.51725
member,electric_bike,3,Tuesday,2025-10,0,132,1448.0894
member,electric_bike,3,Tuesday,2025-10,1,83,791.7007666666667
member,electric_bike,3,Tuesday,2025-10,2,62,888.80555
member,electric_bike,3,Tuesday,2025-10,3,45,538.6308166666666
member,electric_bike,3,Tuesday,2025-10,4,69,608.2151833333334
member,electric_bike,3,Tuesday,2025-10,5,357,2928.10065
member,electric_bike,3,Tuesday,2025-10,6,1185,10568.497966666666
member,electric_bike,3,Tuesday,2025-10,7,2578,26719.219983333332
member,electric_bike,3,Tuesday,2025-10,8,3296,34250.6431
member,electric_bike,3,Tuesday,2025-10,9,1477,14194.514733333333
member,electric_bike,3,Tuesday,2025-10,10,1071,9846.9803
member,electric_bike,3,Tuesday,2025-10,11,1168,11272.55205
member,electric_bike,3,Tuesday,2025-10,12,1432,13715.0926
member,electric_bike,3,Tuesday,2025-10,13,1401,14006.704533333334
member,electric_bike,3,Tuesday,2025-10,14,1348,14384.436666666666
member,electric_bike,3,Tuesday,2025-10,15,2241,24361.997466666668
member,electric_bike,3,Tuesday,2025-10,16,3737,43001.73108333333
member,electric_bike,3,Tuesday,2025-10,17,4477,53167.49198333333
member,electric_bike,3,Tuesday,2025-10,18,3030,33501.35958333333
member,electric_bike,3,Tuesday,2025-10,19,1918,19153.720816666668
member,electric_bike,3,Tuesday,2025-10,20,1337,13550.058716666666
member,electric_bike,3,Tuesday,2025-10,21,1022,10104.462
member,electric_bike,3,Tuesday,2025-10,22,682,7096.7362
member,electric_bike,3,Tuesday,2025-10,23,333,3717.90745
member,electric_bike,3,Tuesday,2025-11,0,137,1259.6175666666666
member,electric_bike,3,Tuesday,2025-11,1,55,875.9068
member,electric_bike,3,Tuesday,2025-11,2,35,418.18496666666664
member,electric_bike,3,Tuesday,2025-11,3,25,274.997
member,electric_bike,3,Tuesday,2025-11,4,53,382.1333333333333
member,electric_bike,3,Tuesday,2025-11,5,276,2112.7208166666665
member,electric_bike,3,Tuesday,2025-11,6,784,6672.1065
member,electric_bike,3,Tuesday,2025-11,7,1737,16720.03025
member,electric_bike,3,Tuesday,2025-11,8,2386,23195.77105
member,electric_bike,3,Tuesday,2025-11,9,1188,10637.265283333334
member,electric_bike,3,Tuesday,2025-11,10,721,7063.779133333333
member,electric_bike,3,Tuesday,2025-11,11,839,9343.7326
member,electric_bike,3,Tuesday,2025-11,12,1101,10182.314616666667
member,electric_bike,3,Tuesday,2025-11,13,1126,11091.08365
member,electric_bike,3,Tuesday,2025-11,14,1102,11114.720433333334
member,electric_bike,3,Tuesday,2025-11,15,1707,17270.4866
member,electric_bike,3,Tuesday,2025-11,16,2733,30238.006183333335
member,electric_bike,3,Tuesday,2025-11,17,2963,32982.98978333333
member,electric_bike,3,Tuesday,2025-11,18,2060,20849.608583333335
member,electric_bike,3,Tuesday,2025-11,19,1308,12830.666666666666
member,electric_bike,3,Tuesday,2025-11,20,975,9417.631016666666
member,electric_bike,3,Tuesday,2025-11,21,729,7045.05065
member,electric_bike,3,Tuesday,2025-11,22,538,5562.390616666667
member,electric_bike,3,Tuesday,2025-11,23,258,2689.7955833333335
member,electric_bike,3,Tuesday,2025-12,0,78,660.03755
member,electric_bike,3,Tuesday,2025-12,1,56,551.7459166666666
member,electric_bike,3,Tuesday,2025-12,2,22,220.69755
member,electric_bike,3,Tuesday,2025-12,3,14,253.65093333333334
member,electric_bike,3,Tuesday,2025-12,4,36,358.75804999999997
member,electric_bike,3,Tuesday,2025-12,5,210,1686.8762166666666
member,electric_bike,3,Tuesday,2025-12,6,569,4772.962116666667
member,electric_bike,3,Tuesday,2025-12,7,1020,9600.987566666667
member,electric_bike,3,Tuesday,2025-12,8,1368,12969.222366666667
member,electric_bike,3,Tuesday,2025-12,9,729,6446.7365666666665
member,electric_bike,3,Tuesday,2025-12,10,491,5267.929966666667
member,electric_bike,3,Tuesday,2025-12,11,596,7088.592333333333
member,electric_bike,3,Tuesday,2025-12,12,725,7025.88675
member,electric_bike,3,Tuesday,2025-12,13,714,7636.7834
member,electric_bike,3,Tuesday,2025-12,14,762,7974.443966666667
member,electric_bike,3,Tuesday,2025-12,15,1068,11262.27835
member,electric_bike,3,Tuesday,2025-12,16,1610,18878.815116666665
member,electric_bike,3,Tuesday,2025-12,17,1583,17954.280116666665
member,electric_bike,3,Tuesday,2025-12,18,1040,10651.676416666667
member,electric_bike,3,Tuesday,2025-12,19,615,5856.868233333334
member,electric_bike,3,Tuesday,2025-12,20,378,3556.2029166666666
member,electric_bike,3,Tuesday,2025-12,21,280,2925.4443
member,electric_bike,3,Tuesday,2025-12,22,211,2425.128816666667
member,electric_bike,3,Tuesday,2025-12,23,163,2014.3813333333333
member,electric_bike,3,Tuesday,2026-01,0,43,406.42021666666665
member,electric_bike,3,Tuesday,2026-01,1,18,223.49376666666666
member,electric_bike,3,Tuesday,2026-01,2,22,156.64403333333334
member,electric_bike,3,Tuesday,2026-01,3,19,215.5009
member,electric_bike,3,Tuesday,2026-01,4,36,267.5426
member,electric_bike,3,Tuesday,2026-01,5,213,1377.8767
member,electric_bike,3,Tuesday,2026-01,6,587,4687.13525
member,electric_bike,3,Tuesday,2026-01,7,1207,10752.833016666667
member,electric_bike,3,Tuesday,2026-01,8,1506,14348.352116666667
member,electric_bike,3,Tuesday,2026-01,9,662,5607.551666666666
member,electric_bike,3,Tuesday,2026-01,10,421,4001.1123333333335
member,electric_bike,3,Tuesday,2026-01,11,435,5112.375016666667
member,electric_bike,3,Tuesday,2026-01,12,544,5165.147233333333
member,electric_bike,3,Tuesday,2026-01,13,580,5099.032466666667
member,electric_bike,3,Tuesday,2026-01,14,586,6261.407916666667
member,electric_bike,3,Tuesday,2026-01,15,908,8332.1712
member,electric_bike,3,Tuesday,2026-01,16,1624,16896.372433333334
member,electric_bike,3,Tuesday,2026-01,17,1799,19232.531516666666
member,electric_bike,3,Tuesday,2026-01,18,1110,11101.532116666667
member,electric_bike,3,Tuesday,2026-01,19,667,6742.793083333333
member,electric_bike,3,Tuesday,2026-01,20,473,3925.2243166666667
member,electric_bike,3,Tuesday,2026-01,21,333,3136.3115166666666
member,electric_bike,3,Tuesday,2026-01,22,208,2155.488966666667
member,electric_bike,3,Tuesday,2026-01,23,115,1092.9534833333332
member,electric_bike,3,Tuesday,2026-02,0,70,612.7298333333333
member,electric_bike,3,Tuesday,2026-02,1,33,317.86785
member,electric_bike,3,Tuesday,2026-02,2,27,321.4826
member,electric_bike,3,Tuesday,2026-02,3,13,99.60456666666667
member,electric_bike,3,Tuesday,2026-02,4,52,412.69295
member,electric_bike,3,Tuesday,2026-02,5,266,1764.2265
member,electric_bike,3,Tuesday,2026-02,6,686,5412.363416666667
member,electric_bike,3,Tuesday,2026-02,7,1436,13553.126266666666
member,electric_bike,3,Tuesday,2026-02,8,1746,16580.800266666665
member,electric_bike,3,Tuesday,2026-02,9,844,7292.40645
member,electric_bike,3,Tuesday,2026-02,10,476,4642.5267
member,electric_bike,3,Tuesday,2026-02,11,547,6288.024266666666
member,electric_bike,3,Tuesday,2026-02,12,638,5834.8961
member,electric_bike,3,Tuesday,2026-02,13,658,6613.839383333333
member,electric_bike,3,Tuesday,2026-02,14,679,6526.612683333334
member,electric_bike,3,Tuesday,2026-02,15,1094,10961.157033333333
member,electric_bike,3,Tuesday,2026-02,16,1835,20787.78525
member,electric_bike,3,Tuesday,2026-02,17,2144,23824.043333333335
member,electric_bike,3,Tuesday,2026-02,18,1413,14534.0753
member,electric_bike,3,Tuesday,2026-02,19,800,7294.350316666667
member,electric_bike,3,Tuesday,2026-02,20,571,5255.3123
member,electric_bike,3,Tuesday,2026-02,21,439,3935.854783333333
member,electric_bike,3,Tuesday,2026-02,22,301,2825.0837166666665
member,electric_bike,3,Tuesday,2026-02,23,131,1097.2182333333333
member,electric_bike,3,Tuesday,2026-03,0,98,942.156
member,electric_bike,3,Tuesday,2026-03,1,53,613.9084666666666
member,electric_bike,3,Tuesday,2026-03,2,37,673.1075500000001
member,electric_bike,3,Tuesday,2026-03,3,48,715.9518666666667
member,electric_bike,3,Tuesday,2026-03,4,91,696.8092333333334
member,electric_bike,3,Tuesday,2026-03,5,354,2699.6813333333334
member,electric_bike,3,Tuesday,2026-03,6,1102,8988.870766666667
member,electric_bike,3,Tuesday,2026-03,7,2363,22178.608183333334
member,electric_bike,3,Tuesday,2026-03,8,3050,28712.190166666667
member,electric_bike,3,Tuesday,2026-03,9,1298,11056.238633333332
member,electric_bike,3,Tuesday,2026-03,10,741,7121.06265
member,electric_bike,3,Tuesday,2026-03,11,704,6762.838083333333
member,electric_bike,3,Tuesday,2026-03,12,933,8807.071666666667
member,electric_bike,3,Tuesday,2026-03,13,979,9022.193866666667
member,electric_bike,3,Tuesday,2026-03,14,1039,10076.79825
member,electric_bike,3,Tuesday,2026-03,15,1539,14166.641433333334
member,electric_bike,3,Tuesday,2026-03,16,2763,28330.903
member,electric_bike,3,Tuesday,2026-03,17,3160,32374.3675
member,electric_bike,3,Tuesday,2026-03,18,1750,16763.4988
member,electric_bike,3,Tuesday,2026-03,19,1189,11072.74075
member,electric_bike,3,Tuesday,2026-03,20,760,6800.4045166666665
member,electric_bike,3,Tuesday,2026-03,21,598,5183.2328
member,electric_bike,3,Tuesday,2026-03,22,400,3985.5900500000002
member,electric_bike,3,Tuesday,2026-03,23,213,2007.0957833333334
member,electric_bike,3,Tuesday,2026-04,0,137,1519.6229166666667
member,electric_bike,3,Tuesday,2026-04,1,73,1051.6100166666665
member,electric_bike,3,Tuesday,2026-04,2,45,702.7769166666667
member,electric_bike,3,Tuesday,2026-04,3,36,319.2926
member,electric_bike,3,Tuesday,2026-04,4,57,601.3289833333333
member,electric_bike,3,Tuesday,2026-04,5,360,2496.6722833333333
member,electric_bike,3,Tuesday,2026-04,6,1088,8819.36165
member,electric_bike,3,Tuesday,2026-04,7,2232,20962.60515
member,electric_bike,3,Tuesday,2026-04,8,3251,32903.42718333333
member,electric_bike,3,Tuesday,2026-04,9,1521,13765.983666666667
member,electric_bike,3,Tuesday,2026-04,10,934,10543.94035
member,electric_bike,3,Tuesday,2026-04,11,1125,11686.513216666666
member,electric_bike,3,Tuesday,2026-04,12,1335,13192.212483333333
member,electric_bike,3,Tuesday,2026-04,13,1359,13706.092566666666
member,electric_bike,3,Tuesday,2026-04,14,1358,16021.638633333334
member,electric_bike,3,Tuesday,2026-04,15,1926,22046.012483333332
member,electric_bike,3,Tuesday,2026-04,16,3727,44164.919466666666
member,electric_bike,3,Tuesday,2026-04,17,4585,54250.97558333333
member,electric_bike,3,Tuesday,2026-04,18,3091,36331.448
member,electric_bike,3,Tuesday,2026-04,19,2031,23445.475166666667
member,electric_bike,3,Tuesday,2026-04,20,1302,13082.810733333334
member,electric_bike,3,Tuesday,2026-04,21,1150,12535.394033333334
member,electric_bike,3,Tuesday,2026-04,22,577,5869.477483333333
member,electric_bike,3,Tuesday,2026-04,23,249,2911.605433333333
member,electric_bike,3,Tuesday,2026-05,0,197,2296.1795333333334
member,electric_bike,3,Tuesday,2026-05,1,96,953.9548333333333
member,electric_bike,3,Tuesday,2026-05,2,52,653.4054333333333
member,electric_bike,3,Tuesday,2026-05,3,68,827.92075
member,electric_bike,3,Tuesday,2026-05,4,89,674.0667
member,electric_bike,3,Tuesday,2026-05,5,450,3670.214233333333
member,electric_bike,3,Tuesday,2026-05,6,1449,12625.164266666667
member,electric_bike,3,Tuesday,2026-05,7,2585,26602.544416666668
member,electric_bike,3,Tuesday,2026-05,8,3309,34189.05986666667
member,electric_bike,3,Tuesday,2026-05,9,1646,16744.012733333333
member,electric_bike,3,Tuesday,2026-05,10,1090,11620.01635
member,electric_bike,3,Tuesday,2026-05,11,1233,12995.89275
member,electric_bike,3,Tuesday,2026-05,12,1359,14051.11565
member,electric_bike,3,Tuesday,2026-05,13,1458,16224.021816666667
member,electric_bike,3,Tuesday,2026-05,14,1436,15333.810883333334
member,electric_bike,3,Tuesday,2026-05,15,2212,24411.997733333334
member,electric_bike,3,Tuesday,2026-05,16,3595,41235.447466666665
member,electric_bike,3,Tuesday,2026-05,17,4690,56652.39206666667
member,electric_bike,3,Tuesday,2026-05,18,3512,40994.63641666667
member,electric_bike,3,Tuesday,2026-05,19,2428,27942.72925
member,electric_bike,3,Tuesday,2026-05,20,1832,20844.8381
member,electric_bike,3,Tuesday,2026-05,21,1526,17001.508316666666
member,electric_bike,3,Tuesday,2026-05,22,875,9596.467866666666
member,electric_bike,3,Tuesday,2026-05,23,474,5763.25305
member,electric_bike,3,Tuesday,2026-06,0,283,3133.8197333333333
member,electric_bike,3,Tuesday,2026-06,1,151,2064.5904833333334
member,electric_bike,3,Tuesday,2026-06,2,79,1026.1266
member,electric_bike,3,Tuesday,2026-06,3,68,869.1203166666667
member,electric_bike,3,Tuesday,2026-06,4,137,1419.7051333333334
member,electric_bike,3,Tuesday,2026-06,5,688,5936.15545
member,electric_bike,3,Tuesday,2026-06,6,2173,20495.896416666666
member,electric_bike,3,Tuesday,2026-06,7,4161,42858.84643333333
member,electric_bike,3,Tuesday,2026-06,8,4933,54099.73356666667
member,electric_bike,3,Tuesday,2026-06,9,2177,23346.435116666667
member,electric_bike,3,Tuesday,2026-06,10,1425,17486.074466666665
member,electric_bike,3,Tuesday,2026-06,11,1667,19885.368216666666
member,electric_bike,3,Tuesday,2026-06,12,1963,21785.066
member,electric_bike,3,Tuesday,2026-06,13,1917,21782.80268333333
member,electric_bike,3,Tuesday,2026-06,14,2207,26127.995466666667
member,electric_bike,3,Tuesday,2026-06,15,3133,36377.19278333333
member,electric_bike,3,Tuesday,2026-06,16,5828,73242.58388333334
member,electric_bike,3,Tuesday,2026-06,17,7133,88156.80065
member,electric_bike,3,Tuesday,2026-06,18,5445,66335.66376666666
member,electric_bike,3,Tuesday,2026-06,19,3871,45782.06331666667
member,electric_bike,3,Tuesday,2026-06,20,2815,34247.309916666665
member,electric_bike,3,Tuesday,2026-06,21,2278,26889.1969
member,electric_bike,3,Tuesday,2026-06,22,1471,17460.684283333332
member,electric_bike,3,Tuesday,2026-06,23,732,8296.782133333334
member,electric_bike,3,Tuesday,2026-07,0,256,3498.3955833333334
member,electric_bike,3,Tuesday,2026-07,1,167,2058.11155
member,electric_bike,3,Tuesday,2026-07,2,63,688.6672666666667
member,electric_bike,3,Tuesday,2026-07,3,68,1058.09045
member,electric_bike,3,Tuesday,2026-07,4,111,1300.8144
member,electric_bike,3,Tuesday,2026-07,5,602,5242.796766666666
member,electric_bike,3,Tuesday,2026-07,6,1871,17370.10965
member,electric_bike,3,Tuesday,2026-07,7,3705,37565.36185
member,electric_bike,3,Tuesday,2026-07,8,4429,49139.29466666667
member,electric_bike,3,Tuesday,2026-07,9,2013,21846.05576666667
member,electric_bike,3,Tuesday,2026-07,10,1323,15357.621216666666
member,electric_bike,3,Tuesday,2026-07,11,1462,16346.495416666667
member,electric_bike,3,Tuesday,2026-07,12,1666,17511.1293
member,electric_bike,3,Tuesday,2026-07,13,1760,19669.72036666667
member,electric_bike,3,Tuesday,2026-07,14,1855,22138.439216666666
member,electric_bike,3,Tuesday,2026-07,15,2766,32323.123516666667
member,electric_bike,3,Tuesday,2026-07,16,5325,65128.212916666664
member,electric_bike,3,Tuesday,2026-07,17,6658,85025.63223333334
member,electric_bike,3,Tuesday,2026-07,18,5098,62644.461866666665
member,electric_bike,3,Tuesday,2026-07,19,3453,40830.84736666667
member,electric_bike,3,Tuesday,2026-07,20,2683,32289.64895
member,electric_bike,3,Tuesday,2026-07,21,2100,26156.30105
member,electric_bike,3,Tuesday,2026-07,22,1344,16712.574783333333
member,electric_bike,3,Tuesday,2026-07,23,651,8060.817383333333
member,electric_bike,3,Tuesday,2026-08,0,225,2676.1276
member,electric_bike,3,Tuesday,2026-08,1,139,1646.2002833333333
member,electric_bike,3,Tuesday,2026-08,2,70,932.16745
member,electric_bike,3,Tuesday,2026-08,3,76,1038.11245
member,electric_bike,3,Tuesday,2026-08,4,121,1394.6165333333333
member,electric_bike,3,Tuesday,2026-08,5,637,5657.089
member,electric_bike,3,Tuesday,2026-08,6,2016,18787.0196
member,electric_bike,3,Tuesday,2026-08,7,4172,42629.71005
member,electric_bike,3,Tuesday,2026-08,8,4830,52237.29275
member,electric_bike,3,Tuesday,2026-08,9,2156,21540.30925
member,electric_bike,3,Tuesday,2026-08,10,1235,13285.449200000001
member,electric_bike,3,Tuesday,2026-08,11,1233,15016.823266666666
member,electric_bike,3,Tuesday,2026-08,12,1472,16610.846316666666
member,electric_bike,3,Tuesday,2026-08,13,1570,19042.499333333333
member,electric_bike,3,Tuesday,2026-08,14,1854,22823.200033333334
member,electric_bike,3,Tuesday,2026-08,15,2839,33313.41945
member,electric_bike,3,Tuesday,2026-08,16,5601,68906.47593333333
member,electric_bike,3,Tuesday,2026-08,17,7062,87911.97281666666
member,electric_bike,3,Tuesday,2026-08,18,5111,62266.81256666667
member,electric_bike,3,Tuesday,2026-08,19,3467,41356.44126666667
member,electric_bike,3,Tuesday,2026-08,20,2542,31871.555833333332
member,electric_bike,3,Tuesday,2026-08,21,2047,25250.186183333335
member,electric_bike,3,Tuesday,2026-08,22,1210,14302.673383333333
member,electric_bike,3,Tuesday,2026-08,23,691,8580.870316666667
member,electric_bike,4,Wednesday,2025-09,0,193,2095.299666666667
member,electric_bike,4,Wednesday,2025-09,1,111,1330.6326833333333
member,electric_bike,4,Wednesday,2025-09,2,63,733.75085
member,electric_bike,4,Wednesday,2025-09,3,55,767.002
member,electric_bike,4,Wednesday,2025-09,4,92,997.4015166666667
member,electric_bike,4,Wednesday,2025-09,5,449,4047.53315
member,electric_bike,4,Wednesday,2025-09,6,1513,15987.072783333333
member,electric_bike,4,Wednesday,2025-09,7,3297,35984.517133333335
member,electric_bike,4,Wednesday,2025-09,8,3898,42524.611183333334
member,electric_bike,4,Wednesday,2025-09,9,1897,20238.59925
member,electric_bike,4,Wednesday,2025-09,10,1211,13634.057383333333
member,electric_bike,4,Wednesday,2025-09,11,1359,14866.613016666666
member,electric_bike,4,Wednesday,2025-09,12,1638,17095.33003333333
member,electric_bike,4,Wednesday,2025-09,13,1559,17676.841533333332
member,electric_bike,4,Wednesday,2025-09,14,1681,19468.1867
member,electric_bike,4,Wednesday,2025-09,15,2467,28472.71475
member,electric_bike,4,Wednesday,2025-09,16,4270,54009.15155
member,electric_bike,4,Wednesday,2025-09,17,4722,60886.007033333335
member,electric_bike,4,Wednesday,2025-09,18,3736,44611.572916666664
member,electric_bike,4,Wednesday,2025-09,19,2602,30359.807416666667
member,electric_bike,4,Wednesday,2025-09,20,1653,19180.744466666667
member,electric_bike,4,Wednesday,2025-09,21,1526,18290.429066666667
member,electric_bike,4,Wednesday,2025-09,22,1015,11419.08445
member,electric_bike,4,Wednesday,2025-09,23,448,5862.24635
member,electric_bike,4,Wednesday,2025-10,0,268,2547.188616666667
member,electric_bike,4,Wednesday,2025-10,1,119,1144.4154166666667
member,electric_bike,4,Wednesday,2025-10,2,76,786.7221166666667
member,electric_bike,4,Wednesday,2025-10,3,57,715.8873166666667
member,electric_bike,4,Wednesday,2025-10,4,91,862.9091333333333
member,electric_bike,4,Wednesday,2025-10,5,515,4234.646783333334
member,electric_bike,4,Wednesday,2025-10,6,1695,15753.034566666667
member,electric_bike,4,Wednesday,2025-10,7,3677,37362.53603333333
member,electric_bike,4,Wednesday,2025-10,8,4423,46109.70763333333
member,electric_bike,4,Wednesday,2025-10,9,2006,19231.7884
member,electric_bike,4,Wednesday,2025-10,10,1342,12858.55145
member,electric_bike,4,Wednesday,2025-10,11,1491,16266.536116666666
member,electric_bike,4,Wednesday,2025-10,12,1958,19727.642566666666
member,electric_bike,4,Wednesday,2025-10,13,2037,21006.7193
member,electric_bike,4,Wednesday,2025-10,14,2034,22420.274633333334
member,electric_bike,4,Wednesday,2025-10,15,3060,33972.17833333334
member,electric_bike,4,Wednesday,2025-10,16,5041,59332.36296666667
member,electric_bike,4,Wednesday,2025-10,17,6038,72821.06026666667
member,electric_bike,4,Wednesday,2025-10,18,4191,47028.23891666667
member,electric_bike,4,Wednesday,2025-10,19,2939,30317.375066666667
member,electric_bike,4,Wednesday,2025-10,20,1856,19672.092633333334
member,electric_bike,4,Wednesday,2025-10,21,1554,16628.774283333332
member,electric_bike,4,Wednesday,2025-10,22,1114,11360.4324
member,electric_bike,4,Wednesday,2025-10,23,536,5918.315366666667
member,electric_bike,4,Wednesday,2025-11,0,157,1555.6733666666667
member,electric_bike,4,Wednesday,2025-11,1,61,650.5817
member,electric_bike,4,Wednesday,2025-11,2,38,444.60571666666664
member,electric_bike,4,Wednesday,2025-11,3,41,333.3483166666667
member,electric_bike,4,Wednesday,2025-11,4,61,568.3195666666667
member,electric_bike,4,Wednesday,2025-11,5,292,2182.6804666666667
member,electric_bike,4,Wednesday,2025-11,6,1030,8717.76535
member,electric_bike,4,Wednesday,2025-11,7,2082,20523.7773
member,electric_bike,4,Wednesday,2025-11,8,2522,24693.379583333335
member,electric_bike,4,Wednesday,2025-11,9,1246,11002.755383333333
member,electric_bike,4,Wednesday,2025-11,10,810,7576.732916666667
member,electric_bike,4,Wednesday,2025-11,11,958,9057.668316666666
member,electric_bike,4,Wednesday,2025-11,12,1196,11496.053366666667
member,electric_bike,4,Wednesday,2025-11,13,1162,11961.175083333334
member,electric_bike,4,Wednesday,2025-11,14,1239,11957.963066666667
member,electric_bike,4,Wednesday,2025-11,15,1742,19265.709633333332
member,electric_bike,4,Wednesday,2025-11,16,2863,32203.9177
member,electric_bike,4,Wednesday,2025-11,17,3072,33964.0339
member,electric_bike,4,Wednesday,2025-11,18,2152,22190.684033333335
member,electric_bike,4,Wednesday,2025-11,19,1351,12707.912266666666
member,electric_bike,4,Wednesday,2025-11,20,936,9186.00095
member,electric_bike,4,Wednesday,2025-11,21,766,7746.892016666667
member,electric_bike,4,Wednesday,2025-11,22,575,5581.57955
member,electric_bike,4,Wednesday,2025-11,23,369,3711.620716666667
member,electric_bike,4,Wednesday,2025-12,0,83,827.9422500000001
member,electric_bike,4,Wednesday,2025-12,1,63,856.3056333333333
member,electric_bike,4,Wednesday,2025-12,2,33,364.58225
member,electric_bike,4,Wednesday,2025-12,3,20,288.61308333333335
member,electric_bike,4,Wednesday,2025-12,4,46,406.919
member,electric_bike,4,Wednesday,2025-12,5,195,1549.1498166666668
member,electric_bike,4,Wednesday,2025-12,6,478,3946.8959833333333
member,electric_bike,4,Wednesday,2025-12,7,994,8912.067433333334
member,electric_bike,4,Wednesday,2025-12,8,1029,9528.963333333333
member,electric_bike,4,Wednesday,2025-12,9,693,6148.6216
member,electric_bike,4,Wednesday,2025-12,10,518,5107.1077000000005
member,electric_bike,4,Wednesday,2025-12,11,618,6702.37715
member,electric_bike,4,Wednesday,2025-12,12,753,6883.318816666667
member,electric_bike,4,Wednesday,2025-12,13,701,7132.386616666667
member,electric_bike,4,Wednesday,2025-12,14,772,8079.5304166666665
member,electric_bike,4,Wednesday,2025-12,15,939,9713.629683333333
member,electric_bike,4,Wednesday,2025-12,16,1328,14238.9394
member,electric_bike,4,Wednesday,2025-12,17,1424,15324.45615
member,electric_bike,4,Wednesday,2025-12,18,920,10329.793733333334
member,electric_bike,4,Wednesday,2025-12,19,625,6293.632816666666
member,electric_bike,4,Wednesday,2025-12,20,444,4254.85275
member,electric_bike,4,Wednesday,2025-12,21,351,3393.5084166666666
member,electric_bike,4,Wednesday,2025-12,22,261,2647.2170166666665
member,electric_bike,4,Wednesday,2025-12,23,178,1842.64825
member,electric_bike,4,Wednesday,2026-01,0,63,615.5606
member,electric_bike,4,Wednesday,2026-01,1,33,295.8766
member,electric_bike,4,Wednesday,2026-01,2,23,213.64385000000001
member,electric_bike,4,Wednesday,2026-01,3,14,159.96738333333332
member,electric_bike,4,Wednesday,2026-01,4,36,334.19135
member,electric_bike,4,Wednesday,2026-01,5,227,1580.5785833333334
member,electric_bike,4,Wednesday,2026-01,6,645,5088.580133333333
member,electric_bike,4,Wednesday,2026-01,7,1031,9224.652716666667
member,electric_bike,4,Wednesday,2026-01,8,1303,12230.2621
member,electric_bike,4,Wednesday,2026-01,9,583,4990.5643
member,electric_bike,4,Wednesday,2026-01,10,340,2803.003383333333
member,electric_bike,4,Wednesday,2026-01,11,403,4003.8543833333333
member,electric_bike,4,Wednesday,2026-01,12,464,4067.77275
member,electric_bike,4,Wednesday,2026-01,13,515,4199.36915
member,electric_bike,4,Wednesday,2026-01,14,558,5325.804533333333
member,electric_bike,4,Wednesday,2026-01,15,836,8237.92725
member,electric_bike,4,Wednesday,2026-01,16,1473,15586.689433333333
member,electric_bike,4,Wednesday,2026-01,17,1559,15927.001616666666
member,electric_bike,4,Wednesday,2026-01,18,1010,9720.5414
member,electric_bike,4,Wednesday,2026-01,19,542,5244.084833333333
member,electric_bike,4,Wednesday,2026-01,20,416,3869.1278166666666
member,electric_bike,4,Wednesday,2026-01,21,318,2972.8754166666668
member,electric_bike,4,Wednesday,2026-01,22,190,1780.21385
member,electric_bike,4,Wednesday,2026-01,23,107,1234.2617833333334
member,electric_bike,4,Wednesday,2026-02,0,54,654.3367666666667
member,electric_bike,4,Wednesday,2026-02,1,28,292.6461
member,electric_bike,4,Wednesday,2026-02,2,18,185.15808333333334
member,electric_bike,4,Wednesday,2026-02,3,23,268.71731666666665
member,electric_bike,4,Wednesday,2026-02,4,31,234.90268333333333
member,electric_bike,4,Wednesday,2026-02,5,276,1972.2277333333334
member,electric_bike,4,Wednesday,2026-02,6,772,6064.441116666667
member,electric_bike,4,Wednesday,2026-02,7,1509,14702.765416666667
member,electric_bike,4,Wednesday,2026-02,8,1862,17208.706033333332
member,electric_bike,4,Wednesday,2026-02,9,907,8164.245516666667
member,electric_bike,4,Wednesday,2026-02,10,564,5389.882516666667
member,electric_bike,4,Wednesday,2026-02,11,587,5183.64055
member,electric_bike,4,Wednesday,2026-02,12,771,7026.751583333334
member,electric_bike,4,Wednesday,2026-02,13,782,7308.732516666667
member,electric_bike,4,Wednesday,2026-02,14,759,8266.751116666666
member,electric_bike,4,Wednesday,2026-02,15,1242,12318.186883333334
member,electric_bike,4,Wednesday,2026-02,16,2110,22566.84405
member,electric_bike,4,Wednesday,2026-02,17,2211,24232.54735
member,electric_bike,4,Wednesday,2026-02,18,1453,14612.83925
member,electric_bike,4,Wednesday,2026-02,19,953,9460.0665
member,electric_bike,4,Wednesday,2026-02,20,644,6375.73025
member,electric_bike,4,Wednesday,2026-02,21,531,5435.7056
member,electric_bike,4,Wednesday,2026-02,22,328,3219.3979
member,electric_bike,4,Wednesday,2026-02,23,155,1444.4075666666668
member,electric_bike,4,Wednesday,2026-03,0,89,797.07595
member,electric_bike,4,Wednesday,2026-03,1,43,369.90735
member,electric_bike,4,Wednesday,2026-03,2,23,289.49739999999997
member,electric_bike,4,Wednesday,2026-03,3,19,370.2540333333333
member,electric_bike,4,Wednesday,2026-03,4,41,431.2818
member,electric_bike,4,Wednesday,2026-03,5,250,1875.3817333333334
member,electric_bike,4,Wednesday,2026-03,6,671,5162.853633333333
member,electric_bike,4,Wednesday,2026-03,7,1449,13379.965483333333
member,electric_bike,4,Wednesday,2026-03,8,2014,18226.870883333333
member,electric_bike,4,Wednesday,2026-03,9,952,8326.605116666668
member,electric_bike,4,Wednesday,2026-03,10,622,6016.4369
member,electric_bike,4,Wednesday,2026-03,11,656,6485.6269
member,electric_bike,4,Wednesday,2026-03,12,739,6647.736383333333
member,electric_bike,4,Wednesday,2026-03,13,775,7195.378566666666
member,electric_bike,4,Wednesday,2026-03,14,792,8283.404983333334
member,electric_bike,4,Wednesday,2026-03,15,1276,13313.874883333334
member,electric_bike,4,Wednesday,2026-03,16,2190,25104.473283333333
member,electric_bike,4,Wednesday,2026-03,17,2488,28917.000983333335
member,electric_bike,4,Wednesday,2026-03,18,1795,20231.376516666667
member,electric_bike,4,Wednesday,2026-03,19,1192,12133.4569
member,electric_bike,4,Wednesday,2026-03,20,821,8290.147500000001
member,electric_bike,4,Wednesday,2026-03,21,639,6249.722966666666
member,electric_bike,4,Wednesday,2026-03,22,409,4240.240383333334
member,electric_bike,4,Wednesday,2026-03,23,215,2296.8319166666665
member,electric_bike,4,Wednesday,2026-04,0,182,1675.2553833333334
member,electric_bike,4,Wednesday,2026-04,1,82,657.8385
member,electric_bike,4,Wednesday,2026-04,2,59,727.3311166666666
member,electric_bike,4,Wednesday,2026-04,3,47,511.09656666666666
member,electric_bike,4,Wednesday,2026-04,4,81,684.25285
member,electric_bike,4,Wednesday,2026-04,5,434,3314.8189666666667
member,electric_bike,4,Wednesday,2026-04,6,1370,11042.121333333333
member,electric_bike,4,Wednesday,2026-04,7,2872,26903.910533333332
member,electric_bike,4,Wednesday,2026-04,8,3971,39757.157666666666
member,electric_bike,4,Wednesday,2026-04,9,1771,15623.5792
member,electric_bike,4,Wednesday,2026-04,10,1056,10120.608383333334
member,electric_bike,4,Wednesday,2026-04,11,1261,11546.1934
member,electric_bike,4,Wednesday,2026-04,12,1506,13599.194016666666
member,electric_bike,4,Wednesday,2026-04,13,1512,14031.363316666666
member,electric_bike,4,Wednesday,2026-04,14,1589,16994.55985
member,electric_bike,4,Wednesday,2026-04,15,2443,25426.10205
member,electric_bike,4,Wednesday,2026-04,16,4399,50084.33866666666
member,electric_bike,4,Wednesday,2026-04,17,5215,59173.257366666665
member,electric_bike,4,Wednesday,2026-04,18,3620,40828.86755
member,electric_bike,4,Wednesday,2026-04,19,2342,23913.065933333335
member,electric_bike,4,Wednesday,2026-04,20,1544,14978.55885
member,electric_bike,4,Wednesday,2026-04,21,1315,13987.608533333334
member,electric_bike,4,Wednesday,2026-04,22,828,8902.94195
member,electric_bike,4,Wednesday,2026-04,23,387,3724.61465
member,electric_bike,4,Wednesday,2026-05,0,221,2347.600716666667
member,electric_bike,4,Wednesday,2026-05,1,116,1477.1702666666667
member,electric_bike,4,Wednesday,2026-05,2,44,433.6021666666667
member,electric_bike,4,Wednesday,2026-05,3,45,531.7499333333333
member,electric_bike,4,Wednesday,2026-05,4,78,771.5520333333334
member,electric_bike,4,Wednesday,2026-05,5,474,4144.191466666667
member,electric_bike,4,Wednesday,2026-05,6,1465,12496.295433333333
member,electric_bike,4,Wednesday,2026-05,7,3045,30802.414066666668
member,electric_bike,4,Wednesday,2026-05,8,3831,40476.29185
member,electric_bike,4,Wednesday,2026-05,9,1738,17479.608183333334
member,electric_bike,4,Wednesday,2026-05,10,1210,12871.863016666666
member,electric_bike,4,Wednesday,2026-05,11,1325,13969.465233333334
member,electric_bike,4,Wednesday,2026-05,12,1464,15034.287416666666
member,electric_bike,4,Wednesday,2026-05,13,1436,15621.180733333333
member,electric_bike,4,Wednesday,2026-05,14,1514,17751.434683333333
member,electric_bike,4,Wednesday,2026-05,15,2348,25336.779483333332
member,electric_bike,4,Wednesday,2026-05,16,4210,50675.37536666667
member,electric_bike,4,Wednesday,2026-05,17,5065,60203.354016666664
member,electric_bike,4,Wednesday,2026-05,18,3752,42216.26966666667
member,electric_bike,4,Wednesday,2026-05,19,2455,27298.284933333332
member,electric_bike,4,Wednesday,2026-05,20,1810,18972.042
member,electric_bike,4,Wednesday,2026-05,21,1379,14196.227733333333
member,electric_bike,4,Wednesday,2026-05,22,805,8423.547683333334
member,electric_bike,4,Wednesday,2026-05,23,368,3982.83035
member,electric_bike,4,Wednesday,2026-06,0,250,2587.917516666667
member,electric_bike,4,Wednesday,2026-06,1,123,1365.4259833333333
member,electric_bike,4,Wednesday,2026-06,2,73,912.2701
member,electric_bike,4,Wednesday,2026-06,3,63,722.712
member,electric_bike,4,Wednesday,2026-06,4,101,1200.0095666666666
member,electric_bike,4,Wednesday,2026-06,5,602,5646.132
member,electric_bike,4,Wednesday,2026-06,6,1683,16207.923266666667
member,electric_bike,4,Wednesday,2026-06,7,3252,34257.56931666667
member,electric_bike,4,Wednesday,2026-06,8,3769,39784.080233333334
member,electric_bike,4,Wednesday,2026-06,9,1620,16696.789166666666
member,electric_bike,4,Wednesday,2026-06,10,1003,11106.509316666667
member,electric_bike,4,Wednesday,2026-06,11,1137,12873.613183333333
member,electric_bike,4,Wednesday,2026-06,12,1202,13023.589633333333
member,electric_bike,4,Wednesday,2026-06,13,1089,12203.965733333333
member,electric_bike,4,Wednesday,2026-06,14,1187,14001.971966666666
member,electric_bike,4,Wednesday,2026-06,15,2292,24923.858816666667
member,electric_bike,4,Wednesday,2026-06,16,3209,39025.893416666666
member,electric_bike,4,Wednesday,2026-06,17,4481,55385.275283333336
member,electric_bike,4,Wednesday,2026-06,18,3625,43072.28651666667
member,electric_bike,4,Wednesday,2026-06,19,2259,25710.76915
member,electric_bike,4,Wednesday,2026-06,20,1651,19951.532
member,electric_bike,4,Wednesday,2026-06,21,1356,16083.168316666666
member,electric_bike,4,Wednesday,2026-06,22,958,11345.406216666666
member,electric_bike,4,Wednesday,2026-06,23,492,6249.675833333334
member,electric_bike,4,Wednesday,2026-07,0,378,4616.806683333333
member,electric_bike,4,Wednesday,2026-07,1,214,2439.0653
member,electric_bike,4,Wednesday,2026-07,2,110,1464.5233166666667
member,electric_bike,4,Wednesday,2026-07,3,93,1128.0019666666667
member,electric_bike,4,Wednesday,2026-07,4,135,1564.0817166666666
member,electric_bike,4,Wednesday,2026-07,5,798,7170.586983333334
member,electric_bike,4,Wednesday,2026-07,6,2394,21893.630566666667
member,electric_bike,4,Wednesday,2026-07,7,4591,47140.86821666667
member,electric_bike,4,Wednesday,2026-07,8,5563,60283.06215
member,electric_bike,4,Wednesday,2026-07,9,2627,27784.74175
member,electric_bike,4,Wednesday,2026-07,10,1707,19383.438466666666
member,electric_bike,4,Wednesday,2026-07,11,1937,22039.188283333333
member,electric_bike,4,Wednesday,2026-07,12,2371,26131.094483333334
member,electric_bike,4,Wednesday,2026-07,13,2351,26529.311016666667
member,electric_bike,4,Wednesday,2026-07,14,2362,28009.1368
member,electric_bike,4,Wednesday,2026-07,15,3575,41852.38405
member,electric_bike,4,Wednesday,2026-07,16,6653,82700.0431
member,electric_bike,4,Wednesday,2026-07,17,8080,100087.28801666667
member,electric_bike,4,Wednesday,2026-07,18,6644,80762.66675
member,electric_bike,4,Wednesday,2026-07,19,4580,55654.58361666666
member,electric_bike,4,Wednesday,2026-07,20,3532,44172.84691666667
member,electric_bike,4,Wednesday,2026-07,21,3203,40057.3423
member,electric_bike,4,Wednesday,2026-07,22,2070,26254.40705
member,electric_bike,4,Wednesday,2026-07,23,1052,12056.755683333333
member,electric_bike,4,Wednesday,2026-08,0,348,4568.590433333334
member,electric_bike,4,Wednesday,2026-08,1,165,1821.9463166666667
member,electric_bike,4,Wednesday,2026-08,2,102,1231.98735
member,electric_bike,4,Wednesday,2026-08,3,89,1075.9582666666665
member,electric_bike,4,Wednesday,2026-08,4,108,1303.6132
member,electric_bike,4,Wednesday,2026-08,5,628,5989.86375
member,electric_bike,4,Wednesday,2026-08,6,1933,18164.167316666666
member,electric_bike,4,Wednesday,2026-08,7,3954,39305.40645
member,electric_bike,4,Wednesday,2026-08,8,4896,52374.18813333334
member,electric_bike,4,Wednesday,2026-08,9,2302,23658.691983333334
member,electric_bike,4,Wednesday,2026-08,10,1260,14502.8371
member,electric_bike,4,Wednesday,2026-08,11,1611,18439.762183333332
member,electric_bike,4,Wednesday,2026-08,12,1923,21442.806083333333
member,electric_bike,4,Wednesday,2026-08,13,1827,20004.236516666668
member,electric_bike,4,Wednesday,2026-08,14,1921,23319.174283333334
member,electric_bike,4,Wednesday,2026-08,15,2989,34113.06701666667
member,electric_bike,4,Wednesday,2026-08,16,5348,64106.61155
member,electric_bike,4,Wednesday,2026-08,17,6699,82628.20865
member,electric_bike,4,Wednesday,2026-08,18,5030,61423.009066666666
member,electric_bike,4,Wednesday,2026-08,19,3503,41295.165283333336
member,electric_bike,4,Wednesday,2026-08,20,2546,31507.307633333334
member,electric_bike,4,Wednesday,2026-08,21,2082,25355.38965
member,electric_bike,4,Wednesday,2026-08,22,1351,16632.597016666667
member,electric_bike,4,Wednesday,2026-08,23,662,7488.9829666666665
member,electric_bike,5,Thursday,2025-09,0,244,2726.5074
member,electric_bike,5,Thursday,2025-09,1,121,1454.0082833333333
member,electric_bike,5,Thursday,2025-09,2,63,674.1168833333334
member,electric_bike,5,Thursday,2025-09,3,60,758.5645333333333
member,electric_bike,5,Thursday,2025-09,4,98,903.98655
member,electric_bike,5,Thursday,2025-09,5,406,3375.2908333333335
member,electric_bike,5,Thursday,2025-09,6,1473,15399.185033333333
member,electric_bike,5,Thursday,2025-09,7,3059,32660.82955
member,electric_bike,5,Thursday,2025-09,8,3843,41349.00395
member,electric_bike,5,Thursday,2025-09,9,1856,19237.694783333332
member,electric_bike,5,Thursday,2025-09,10,1239,13353.340716666668
member,electric_bike,5,Thursday,2025-09,11,1466,17479.586483333333
member,electric_bike,5,Thursday,2025-09,12,1727,18675.60505
member,electric_bike,5,Thursday,2025-09,13,1668,18702.72255
member,electric_bike,5,Thursday,2025-09,14,1752,20446.42565
member,electric_bike,5,Thursday,2025-09,15,2549,30936.315333333332
member,electric_bike,5,Thursday,2025-09,16,4370,55399.691133333334
member,electric_bike,5,Thursday,2025-09,17,5478,69713.15518333334
member,electric_bike,5,Thursday,2025-09,18,4187,51529.75893333333
member,electric_bike,5,Thursday,2025-09,19,2717,31993.518166666665
member,electric_bike,5,Thursday,2025-09,20,1754,20018.443116666665
member,electric_bike,5,Thursday,2025-09,21,1562,17558.097683333333
member,electric_bike,5,Thursday,2025-09,22,1240,13343.767666666667
member,electric_bike,5,Thursday,2025-09,23,710,7550.5241166666665
member,electric_bike,5,Thursday,2025-10,0,268,2895.903783333333
member,electric_bike,5,Thursday,2025-10,1,147,1642.01965
member,electric_bike,5,Thursday,2025-10,2,81,766.1767166666667
member,electric_bike,5,Thursday,2025-10,3,46,439.3105
member,electric_bike,5,Thursday,2025-10,4,101,894.6762166666666
member,electric_bike,5,Thursday,2025-10,5,465,3655.3407666666667
member,electric_bike,5,Thursday,2025-10,6,1652,15631.367083333333
member,electric_bike,5,Thursday,2025-10,7,3639,37052.75698333333
member,electric_bike,5,Thursday,2025-10,8,4657,49171.971
member,electric_bike,5,Thursday,2025-10,9,2396,23396.992133333333
member,electric_bike,5,Thursday,2025-10,10,1582,15511.68025
member,electric_bike,5,Thursday,2025-10,11,1702,18023.22435
member,electric_bike,5,Thursday,2025-10,12,2119,21376.71201666667
member,electric_bike,5,Thursday,2025-10,13,2066,21891.50585
member,electric_bike,5,Thursday,2025-10,14,2217,25748.291316666666
member,electric_bike,5,Thursday,2025-10,15,3448,39354.104783333336
member,electric_bike,5,Thursday,2025-10,16,5313,66388.8079
member,electric_bike,5,Thursday,2025-10,17,6096,73872.88065
member,electric_bike,5,Thursday,2025-10,18,4528,52353.334533333335
member,electric_bike,5,Thursday,2025-10,19,3136,35184.832233333334
member,electric_bike,5,Thursday,2025-10,20,1975,21394.458933333335
member,electric_bike,5,Thursday,2025-10,21,1534,15889.981016666667
member,electric_bike,5,Thursday,2025-10,22,1281,13549.732533333334
member,electric_bike,5,Thursday,2025-10,23,1031,11655.443766666667
member,electric_bike,5,Thursday,2025-11,0,204,1911.8356833333332
member,electric_bike,5,Thursday,2025-11,1,112,1419.7565
member,electric_bike,5,Thursday,2025-11,2,60,804.3145333333333
member,electric_bike,5,Thursday,2025-11,3,48,439.08369999999996
member,electric_bike,5,Thursday,2025-11,4,71,619.0547666666666
member,electric_bike,5,Thursday,2025-11,5,239,1799.3200666666667
member,electric_bike,5,Thursday,2025-11,6,855,7489.0704166666665
member,electric_bike,5,Thursday,2025-11,7,1828,17910.253933333333
member,electric_bike,5,Thursday,2025-11,8,2462,24499.423316666667
member,electric_bike,5,Thursday,2025-11,9,1269,11676.658266666667
member,electric_bike,5,Thursday,2025-11,10,849,7987.593416666667
member,electric_bike,5,Thursday,2025-11,11,953,10762.559266666667
member,electric_bike,5,Thursday,2025-11,12,1148,11560.826816666668
member,electric_bike,5,Thursday,2025-11,13,1126,10806.289183333334
member,electric_bike,5,Thursday,2025-11,14,1112,11250.832783333333
member,electric_bike,5,Thursday,2025-11,15,1710,18536.816033333333
member,electric_bike,5,Thursday,2025-11,16,2596,29852.03715
member,electric_bike,5,Thursday,2025-11,17,2813,31590.31565
member,electric_bike,5,Thursday,2025-11,18,2015,20802.750733333334
member,electric_bike,5,Thursday,2025-11,19,1253,12588.44655
member,electric_bike,5,Thursday,2025-11,20,940,9060.339316666666
member,electric_bike,5,Thursday,2025-11,21,770,7606.016983333333
member,electric_bike,5,Thursday,2025-11,22,604,5896.190383333334
member,electric_bike,5,Thursday,2025-11,23,347,3577.1538666666665
member,electric_bike,5,Thursday,2025-12,0,97,971.6974833333334
member,electric_bike,5,Thursday,2025-12,1,41,447.70556666666664
member,electric_bike,5,Thursday,2025-12,2,26,293.78845
member,electric_bike,5,Thursday,2025-12,3,16,146.47423333333333
member,electric_bike,5,Thursday,2025-12,4,44,335.24986666666666
member,electric_bike,5,Thursday,2025-12,5,150,1179.1879333333334
member,electric_bike,5,Thursday,2025-12,6,378,3216.0889833333335
member,electric_bike,5,Thursday,2025-12,7,704,6763.102166666667
member,electric_bike,5,Thursday,2025-12,8,957,8845.5759
member,electric_bike,5,Thursday,2025-12,9,580,5218.061616666667
member,electric_bike,5,Thursday,2025-12,10,413,3924.6888833333333
member,electric_bike,5,Thursday,2025-12,11,439,5097.311
member,electric_bike,5,Thursday,2025-12,12,510,4574.24465
member,electric_bike,5,Thursday,2025-12,13,405,3794.874783333333
member,electric_bike,5,Thursday,2025-12,14,452,4025.864216666667
member,electric_bike,5,Thursday,2025-12,15,650,6899.36525
member,electric_bike,5,Thursday,2025-12,16,1021,10772.241366666667
member,electric_bike,5,Thursday,2025-12,17,1132,12342.128533333333
member,electric_bike,5,Thursday,2025-12,18,730,7143.589366666667
member,electric_bike,5,Thursday,2025-12,19,512,5411.65995
member,electric_bike,5,Thursday,2025-12,20,350,3162.9246
member,electric_bike,5,Thursday,2025-12,21,285,2605.739666666667
member,electric_bike,5,Thursday,2025-12,22,204,1914.1414833333333
member,electric_bike,5,Thursday,2025-12,23,164,1588.2482
member,electric_bike,5,Thursday,2026-01,0,111,1138.76865
member,electric_bike,5,Thursday,2026-01,1,104,1082.3903
member,electric_bike,5,Thursday,2026-01,2,62,727.9264333333333
member,electric_bike,5,Thursday,2026-01,3,23,210.06613333333334
member,electric_bike,5,Thursday,2026-01,4,39,364.75690000000003
member,electric_bike,5,Thursday,2026-01,5,217,1567.6216333333334
member,electric_bike,5,Thursday,2026-01,6,555,4403.999266666667
member,electric_bike,5,Thursday,2026-01,7,1047,9781.71545
member,electric_bike,5,Thursday,2026-01,8,1430,13739.849983333334
member,electric_bike,5,Thursday,2026-01,9,707,6467.6172166666665
member,electric_bike,5,Thursday,2026-01,10,444,4283.1399833333335
member,electric_bike,5,Thursday,2026-01,11,505,5725.3355833333335
member,electric_bike,5,Thursday,2026-01,12,608,5266.89235
member,electric_bike,5,Thursday,2026-01,13,651,5828.686466666667
member,electric_bike,5,Thursday,2026-01,14,596,5716.011416666666
member,electric_bike,5,Thursday,2026-01,15,913,8609.79625
member,electric_bike,5,Thursday,2026-01,16,1294,12510.249466666666
member,electric_bike,5,Thursday,2026-01,17,1232,12236.708516666667
member,electric_bike,5,Thursday,2026-01,18,723,6874.399733333334
member,electric_bike,5,Thursday,2026-01,19,398,3793.0307333333335
member,electric_bike,5,Thursday,2026-01,20,316,2753.7368333333334
member,electric_bike,5,Thursday,2026-01,21,213,1667.5652166666666
member,electric_bike,5,Thursday,2026-01,22,204,1875.6796333333334
member,electric_bike,5,Thursday,2026-01,23,125,1123.5486
member,electric_bike,5,Thursday,2026-02,0,96,877.83485
member,electric_bike,5,Thursday,2026-02,1,34,326.1812
member,electric_bike,5,Thursday,2026-02,2,16,210.39295
member,electric_bike,5,Thursday,2026-02,3,31,354.92445
member,electric_bike,5,Thursday,2026-02,4,33,201.26608333333334
member,electric_bike,5,Thursday,2026-02,5,192,1195.88435
member,electric_bike,5,Thursday,2026-02,6,673,5383.5223
member,electric_bike,5,Thursday,2026-02,7,1414,13578.621866666666
member,electric_bike,5,Thursday,2026-02,8,1858,17742.61158333333
member,electric_bike,5,Thursday,2026-02,9,924,8215.82565
member,electric_bike,5,Thursday,2026-02,10,542,5861.963033333333
member,electric_bike,5,Thursday,2026-02,11,586,5603.0332
member,electric_bike,5,Thursday,2026-02,12,698,6381.684366666666
member,electric_bike,5,Thursday,2026-02,13,753,6857.903633333333
member,electric_bike,5,Thursday,2026-02,14,724,7296.4111
member,electric_bike,5,Thursday,2026-02,15,1253,12369.7252
member,electric_bike,5,Thursday,2026-02,16,1885,19909.104666666666
member,electric_bike,5,Thursday,2026-02,17,2135,22900.65145
member,electric_bike,5,Thursday,2026-02,18,1281,12797.43595
member,electric_bike,5,Thursday,2026-02,19,900,8315.254183333333
member,electric_bike,5,Thursday,2026-02,20,634,5826.2567
member,electric_bike,5,Thursday,2026-02,21,474,4274.93525
member,electric_bike,5,Thursday,2026-02,22,307,2870.7263
member,electric_bike,5,Thursday,2026-02,23,191,1922.90595
member,electric_bike,5,Thursday,2026-03,0,117,1305.4506166666667
member,electric_bike,5,Thursday,2026-03,1,68,605.0688833333334
member,electric_bike,5,Thursday,2026-03,2,34,528.2906
member,electric_bike,5,Thursday,2026-03,3,35,335.39931666666666
member,electric_bike,5,Thursday,2026-03,4,63,573.5166
member,electric_bike,5,Thursday,2026-03,5,255,1879.8716333333334
member,electric_bike,5,Thursday,2026-03,6,801,6265.092416666666
member,electric_bike,5,Thursday,2026-03,7,1663,16228.409883333334
member,electric_bike,5,Thursday,2026-03,8,2331,23229.170683333334
member,electric_bike,5,Thursday,2026-03,9,1181,11355.98015
member,electric_bike,5,Thursday,2026-03,10,733,7775.5308
member,electric_bike,5,Thursday,2026-03,11,928,9716.124933333333
member,electric_bike,5,Thursday,2026-03,12,1022,11205.585883333333
member,electric_bike,5,Thursday,2026-03,13,949,9243.152116666666
member,electric_bike,5,Thursday,2026-03,14,1072,10871.000683333334
member,electric_bike,5,Thursday,2026-03,15,1494,14704.604933333334
member,electric_bike,5,Thursday,2026-03,16,2202,23557.67935
member,electric_bike,5,Thursday,2026-03,17,2483,26407.9847
member,electric_bike,5,Thursday,2026-03,18,1514,15632.344533333333
member,electric_bike,5,Thursday,2026-03,19,1010,10040.8522
member,electric_bike,5,Thursday,2026-03,20,767,7114.20635
member,electric_bike,5,Thursday,2026-03,21,538,4651.286433333334
member,electric_bike,5,Thursday,2026-03,22,459,4559.431416666666
member,electric_bike,5,Thursday,2026-03,23,292,2618.7633166666665
member,electric_bike,5,Thursday,2026-04,0,153,1437.1817333333333
member,electric_bike,5,Thursday,2026-04,1,98,802.3149666666667
member,electric_bike,5,Thursday,2026-04,2,44,510.99106666666665
member,electric_bike,5,Thursday,2026-04,3,56,607.7891
member,electric_bike,5,Thursday,2026-04,4,64,545.8794833333334
member,electric_bike,5,Thursday,2026-04,5,363,2716.6219166666665
member,electric_bike,5,Thursday,2026-04,6,1239,9862.33895
member,electric_bike,5,Thursday,2026-04,7,2843,29043.9583
member,electric_bike,5,Thursday,2026-04,8,3898,39429.86586666667
member,electric_bike,5,Thursday,2026-04,9,1967,19515.6539
member,electric_bike,5,Thursday,2026-04,10,1237,14143.34115
member,electric_bike,5,Thursday,2026-04,11,1412,15308.898366666666
member,electric_bike,5,Thursday,2026-04,12,1811,19342.59775
member,electric_bike,5,Thursday,2026-04,13,1629,17651.182316666665
member,electric_bike,5,Thursday,2026-04,14,1657,18559.9938
member,electric_bike,5,Thursday,2026-04,15,2643,28993.066466666667
member,electric_bike,5,Thursday,2026-04,16,4395,53825.79365
member,electric_bike,5,Thursday,2026-04,17,5019,59505.0704
member,electric_bike,5,Thursday,2026-04,18,3586,41110.987733333335
member,electric_bike,5,Thursday,2026-04,19,2177,23415.134366666665
member,electric_bike,5,Thursday,2026-04,20,1532,16426.032933333332
member,electric_bike,5,Thursday,2026-04,21,1088,10765.72335
member,electric_bike,5,Thursday,2026-04,22,787,8423.148883333333
member,electric_bike,5,Thursday,2026-04,23,501,5105.883283333334
member,electric_bike,5,Thursday,2026-05,0,240,2437.9263
member,electric_bike,5,Thursday,2026-05,1,122,1034.99475
member,electric_bike,5,Thursday,2026-05,2,68,761.9746
member,electric_bike,5,Thursday,2026-05,3,41,453.75730000000004
member,electric_bike,5,Thursday,2026-05,4,91,849.2763666666667
member,electric_bike,5,Thursday,2026-05,5,392,2830.3603333333335
member,electric_bike,5,Thursday,2026-05,6,1442,12324.117116666666
member,electric_bike,5,Thursday,2026-05,7,2898,29129.581616666666
member,electric_bike,5,Thursday,2026-05,8,3671,38148.40771666667
member,electric_bike,5,Thursday,2026-05,9,1721,16612.687016666667
member,electric_bike,5,Thursday,2026-05,10,1182,12088.692933333334
member,electric_bike,5,Thursday,2026-05,11,1372,15047.265483333333
member,electric_bike,5,Thursday,2026-05,12,1537,15879.258433333333
member,electric_bike,5,Thursday,2026-05,13,1562,16226.772083333333
member,electric_bike,5,Thursday,2026-05,14,1614,18727.320716666665
member,electric_bike,5,Thursday,2026-05,15,2333,25429.651583333332
member,electric_bike,5,Thursday,2026-05,16,3921,46715.694383333335
member,electric_bike,5,Thursday,2026-05,17,4542,54801.401066666665
member,electric_bike,5,Thursday,2026-05,18,3583,41235.5465
member,electric_bike,5,Thursday,2026-05,19,2465,27406.231983333335
member,electric_bike,5,Thursday,2026-05,20,1778,19020.319566666665
member,electric_bike,5,Thursday,2026-05,21,1356,14121.5574
member,electric_bike,5,Thursday,2026-05,22,925,9666.060133333332
member,electric_bike,5,Thursday,2026-05,23,555,5872.049533333334
member,electric_bike,5,Thursday,2026-06,0,242,2710.074216666667
member,electric_bike,5,Thursday,2026-06,1,95,923.7452166666667
member,electric_bike,5,Thursday,2026-06,2,53,711.6105166666666
member,electric_bike,5,Thursday,2026-06,3,54,898.0207666666666
member,electric_bike,5,Thursday,2026-06,4,104,1104.1861
member,electric_bike,5,Thursday,2026-06,5,506,4680.590516666667
member,electric_bike,5,Thursday,2026-06,6,1607,15504.88835
member,electric_bike,5,Thursday,2026-06,7,3049,32001.54425
member,electric_bike,5,Thursday,2026-06,8,3795,41854.78886666667
member,electric_bike,5,Thursday,2026-06,9,1937,20964.437216666665
member,electric_bike,5,Thursday,2026-06,10,1351,15797.228216666666
member,electric_bike,5,Thursday,2026-06,11,1501,17704.17195
member,electric_bike,5,Thursday,2026-06,12,1736,19478.4566
member,electric_bike,5,Thursday,2026-06,13,1772,20645.213033333333
member,electric_bike,5,Thursday,2026-06,14,1652,20349.3528
member,electric_bike,5,Thursday,2026-06,15,2552,29616.797833333334
member,electric_bike,5,Thursday,2026-06,16,4407,54617.15005
member,electric_bike,5,Thursday,2026-06,17,5219,66519.71858333334
member,electric_bike,5,Thursday,2026-06,18,3987,48686.85151666667
member,electric_bike,5,Thursday,2026-06,19,2764,35257.925416666665
member,electric_bike,5,Thursday,2026-06,20,2008,24083.733266666666
member,electric_bike,5,Thursday,2026-06,21,1546,19657.71483333333
member,electric_bike,5,Thursday,2026-06,22,1334,15698.493766666666
member,electric_bike,5,Thursday,2026-06,23,907,10571.490566666667
member,electric_bike,5,Thursday,2026-07,0,490,5696.313366666666
member,electric_bike,5,Thursday,2026-07,1,251,2819.8347166666667
member,electric_bike,5,Thursday,2026-07,2,124,1686.0883333333334
member,electric_bike,5,Thursday,2026-07,3,110,1684.72505
member,electric_bike,5,Thursday,2026-07,4,141,1621.0099
member,electric_bike,5,Thursday,2026-07,5,694,6157.0099666666665
member,electric_bike,5,Thursday,2026-07,6,2118,19430.2475
member,electric_bike,5,Thursday,2026-07,7,4024,40358.00065
member,electric_bike,5,Thursday,2026-07,8,5070,54818.30873333333
member,electric_bike,5,Thursday,2026-07,9,2582,28521.124816666666
member,electric_bike,5,Thursday,2026-07,10,1842,20511.542
member,electric_bike,5,Thursday,2026-07,11,2016,23368.080883333332
member,electric_bike,5,Thursday,2026-07,12,2465,28239.580983333333
member,electric_bike,5,Thursday,2026-07,13,2426,27620.696933333333
member,electric_bike,5,Thursday,2026-07,14,2554,30849.898033333335
member,electric_bike,5,Thursday,2026-07,15,3574,41425.26388333333
member,electric_bike,5,Thursday,2026-07,16,5859,69939.5805
member,electric_bike,5,Thursday,2026-07,17,6959,86745.43551666666
member,electric_bike,5,Thursday,2026-07,18,5429,64808.08083333333
member,electric_bike,5,Thursday,2026-07,19,3826,47057.253033333334
member,electric_bike,5,Thursday,2026-07,20,2928,35334.60185
member,electric_bike,5,Thursday,2026-07,21,2163,26179.58065
member,electric_bike,5,Thursday,2026-07,22,1711,20712.8209
member,electric_bike,5,Thursday,2026-07,23,818,9016.692483333334
member,electric_bike,5,Thursday,2026-08,0,357,4022.40695
member,electric_bike,5,Thursday,2026-08,1,172,2247.3741333333332
member,electric_bike,5,Thursday,2026-08,2,122,1599.3766333333333
member,electric_bike,5,Thursday,2026-08,3,81,959.1412
member,electric_bike,5,Thursday,2026-08,4,99,1149.0969333333333
member,electric_bike,5,Thursday,2026-08,5,559,4653.12835
member,electric_bike,5,Thursday,2026-08,6,1820,17447.843533333333
member,electric_bike,5,Thursday,2026-08,7,3702,37158.04888333334
member,electric_bike,5,Thursday,2026-08,8,4694,50153.62466666667
member,electric_bike,5,Thursday,2026-08,9,2298,24297.462083333332
member,electric_bike,5,Thursday,2026-08,10,1425,15673.414866666666
member,electric_bike,5,Thursday,2026-08,11,1740,20994.379933333334
member,electric_bike,5,Thursday,2026-08,12,2104,23112.24855
member,electric_bike,5,Thursday,2026-08,13,1934,22526.564416666668
member,electric_bike,5,Thursday,2026-08,14,1756,20066.72995
member,electric_bike,5,Thursday,2026-08,15,2772,32795.8839
member,electric_bike,5,Thursday,2026-08,16,4664,55712.24183333333
member,electric_bike,5,Thursday,2026-08,17,6012,75770.06898333333
member,electric_bike,5,Thursday,2026-08,18,4626,56313.8366
member,electric_bike,5,Thursday,2026-08,19,3218,38443.23755
member,electric_bike,5,Thursday,2026-08,20,2506,29775.3927
member,electric_bike,5,Thursday,2026-08,21,1975,23305.006933333334
member,electric_bike,5,Thursday,2026-08,22,1514,18378.14895
member,electric_bike,5,Thursday,2026-08,23,961,11321.580249999999
member,electric_bike,6,Friday,2025-09,0,394,4053.62635
member,electric_bike,6,Friday,2025-09,1,215,1900.8549166666667
member,electric_bike,6,Friday,2025-09,2,130,1427.5078666666666
member,electric_bike,6,Friday,2025-09,3,70,799.22215
member,electric_bike,6,Friday,2025-09,4,96,905.66425
member,electric_bike,6,Friday,2025-09,5,368,3270.3552833333333
member,electric_bike,6,Friday,2025-09,6,1165,12672.844633333334
member,electric_bike,6,Friday,2025-09,7,2117,21483.875366666667
member,electric_bike,6,Friday,2025-09,8,2649,27350.965966666667
member,electric_bike,6,Friday,2025-09,9,1714,17178.768366666667
member,electric_bike,6,Friday,2025-09,10,1360,14830.705416666666
member,electric_bike,6,Friday,2025-09,11,1705,20197.325166666666
member,electric_bike,6,Friday,2025-09,12,2109,24814.4342
member,electric_bike,6,Friday,2025-09,13,2129,23940.736983333332
member,electric_bike,6,Friday,2025-09,14,2174,25365.748666666666
member,electric_bike,6,Friday,2025-09,15,2770,34199.26571666667
member,electric_bike,6,Friday,2025-09,16,3793,50666.787683333336
member,electric_bike,6,Friday,2025-09,17,4056,51544.24886666667
member,electric_bike,6,Friday,2025-09,18,3476,44838.990066666665
member,electric_bike,6,Friday,2025-09,19,2470,30337.282133333334
member,electric_bike,6,Friday,2025-09,20,1563,18307.401383333334
member,electric_bike,6,Friday,2025-09,21,1337,16504.52575
member,electric_bike,6,Friday,2025-09,22,1265,15922.91715
member,electric_bike,6,Friday,2025-09,23,977,11770.292316666666
member,electric_bike,6,Friday,2025-10,0,474,4678.8011
member,electric_bike,6,Friday,2025-10,1,248,2356.8280833333333
member,electric_bike,6,Friday,2025-10,2,122,1170.6143833333333
member,electric_bike,6,Friday,2025-10,3,88,891.8858
member,electric_bike,6,Friday,2025-10,4,107,1088.6494
member,electric_bike,6,Friday,2025-10,5,448,3944.76655
member,electric_bike,6,Friday,2025-10,6,1299,12176.030166666667
member,electric_bike,6,Friday,2025-10,7,2373,23872.168233333334
member,electric_bike,6,Friday,2025-10,8,3093,30989.670233333334
member,electric_bike,6,Friday,2025-10,9,2031,19148.4978
member,electric_bike,6,Friday,2025-10,10,1624,17273.732933333333
member,electric_bike,6,Friday,2025-10,11,2061,22937.22871666667
member,electric_bike,6,Friday,2025-10,12,2398,25070.706983333333
member,electric_bike,6,Friday,2025-10,13,2488,26480.495066666666
member,electric_bike,6,Friday,2025-10,14,2590,27727.8088
member,electric_bike,6,Friday,2025-10,15,3458,38882.8607
member,electric_bike,6,Friday,2025-10,16,4572,54565.65616666667
member,electric_bike,6,Friday,2025-10,17,4542,55471.45916666667
member,electric_bike,6,Friday,2025-10,18,3648,43458.9532
member,electric_bike,6,Friday,2025-10,19,2589,28569.40695
member,electric_bike,6,Friday,2025-10,20,1703,18989.161816666667
member,electric_bike,6,Friday,2025-10,21,1381,15325.980966666666
member,electric_bike,6,Friday,2025-10,22,1350,15122.1324
member,electric_bike,6,Friday,2025-10,23,1055,11712.124033333334
member,electric_bike,6,Friday,2025-11,0,225,2298.3014
member,electric_bike,6,Friday,2025-11,1,93,879.3238333333334
member,electric_bike,6,Friday,2025-11,2,64,604.3942833333333
member,electric_bike,6,Friday,2025-11,3,55,541.2429166666667
member,electric_bike,6,Friday,2025-11,4,63,508.06463333333335
member,electric_bike,6,Friday,2025-11,5,270,2052.28735
member,electric_bike,6,Friday,2025-11,6,733,6681.5832666666665
member,electric_bike,6,Friday,2025-11,7,1266,12777.576966666667
member,electric_bike,6,Friday,2025-11,8,1735,16674.975433333333
member,electric_bike,6,Friday,2025-11,9,1142,10873.333666666667
member,electric_bike,6,Friday,2025-11,10,974,9618.082633333333
member,electric_bike,6,Friday,2025-11,11,1155,12111.71095
member,electric_bike,6,Friday,2025-11,12,1287,14199.073383333332
member,electric_bike,6,Friday,2025-11,13,1491,16526.179766666668
member,electric_bike,6,Friday,2025-11,14,1435,15200.213666666667
member,electric_bike,6,Friday,2025-11,15,2038,23509.535133333335
member,electric_bike,6,Friday,2025-11,16,2485,30125.884133333333
member,electric_bike,6,Friday,2025-11,17,2386,27186.355083333332
member,electric_bike,6,Friday,2025-11,18,1789,20053.84885
member,electric_bike,6,Friday,2025-11,19,1353,14349.749966666666
member,electric_bike,6,Friday,2025-11,20,788,8367.228316666668
member,electric_bike,6,Friday,2025-11,21,713,7540.947533333333
member,electric_bike,6,Friday,2025-11,22,581,6436.751533333333
member,electric_bike,6,Friday,2025-11,23,551,5840.2161166666665
member,electric_bike,6,Friday,2025-12,0,109,1100.9066333333333
member,electric_bike,6,Friday,2025-12,1,71,651.3746333333333
member,electric_bike,6,Friday,2025-12,2,30,231.6135
member,electric_bike,6,Friday,2025-12,3,26,437.81198333333333
member,electric_bike,6,Friday,2025-12,4,40,416.27073333333334
member,electric_bike,6,Friday,2025-12,5,129,999.8799166666666
member,electric_bike,6,Friday,2025-12,6,331,2769.281483333333
member,electric_bike,6,Friday,2025-12,7,539,4738.164016666667
member,electric_bike,6,Friday,2025-12,8,661,5642.0226999999995
member,electric_bike,6,Friday,2025-12,9,512,4292.437316666666
member,electric_bike,6,Friday,2025-12,10,387,3644.1852166666667
member,electric_bike,6,Friday,2025-12,11,522,5694.64935
member,electric_bike,6,Friday,2025-12,12,599,5828.416283333333
member,electric_bike,6,Friday,2025-12,13,588,5905.991983333333
member,electric_bike,6,Friday,2025-12,14,646,6459.0063666666665
member,electric_bike,6,Friday,2025-12,15,833,9006.056616666667
member,electric_bike,6,Friday,2025-12,16,1040,11158.7859
member,electric_bike,6,Friday,2025-12,17,924,10041.491566666667
member,electric_bike,6,Friday,2025-12,18,770,8573.0933
member,electric_bike,6,Friday,2025-12,19,506,5335.484216666667
member,electric_bike,6,Friday,2025-12,20,276,2527.8194
member,electric_bike,6,Friday,2025-12,21,242,2373.2455833333333
member,electric_bike,6,Friday,2025-12,22,232,2560.318816666667
member,electric_bike,6,Friday,2025-12,23,154,1424.1966666666667
member,electric_bike,6,Friday,2026-01,0,66,676.6763166666667
member,electric_bike,6,Friday,2026-01,1,40,393.70320000000004
member,electric_bike,6,Friday,2026-01,2,41,456.2852666666667
member,electric_bike,6,Friday,2026-01,3,25,283.2307666666667
member,electric_bike,6,Friday,2026-01,4,36,271.49245
member,electric_bike,6,Friday,2026-01,5,182,1231.1200666666666
member,electric_bike,6,Friday,2026-01,6,399,3312.6630333333333
member,electric_bike,6,Friday,2026-01,7,544,4498.606766666667
member,electric_bike,6,Friday,2026-01,8,636,5124.165583333333
member,electric_bike,6,Friday,2026-01,9,421,3569.5228666666667
member,electric_bike,6,Friday,2026-01,10,309,3263.1744166666667
member,electric_bike,6,Friday,2026-01,11,420,5134.258883333333
member,electric_bike,6,Friday,2026-01,12,513,4944.524766666666
member,electric_bike,6,Friday,2026-01,13,588,5988.951133333333
member,electric_bike,6,Friday,2026-01,14,592,6142.859483333334
member,electric_bike,6,Friday,2026-01,15,851,8712.9428
member,electric_bike,6,Friday,2026-01,16,1090,11627.391616666666
member,electric_bike,6,Friday,2026-01,17,1099,11624.584033333333
member,electric_bike,6,Friday,2026-01,18,768,8260.00715
member,electric_bike,6,Friday,2026-01,19,472,4406.043566666666
member,electric_bike,6,Friday,2026-01,20,318,3247.6235666666666
member,electric_bike,6,Friday,2026-01,21,269,2373.88935
member,electric_bike,6,Friday,2026-01,22,214,2082.843083333333
member,electric_bike,6,Friday,2026-01,23,141,1424.3286
member,electric_bike,6,Friday,2026-02,0,99,832.0028
member,electric_bike,6,Friday,2026-02,1,58,673.5714166666667
member,electric_bike,6,Friday,2026-02,2,31,288.04456666666664
member,electric_bike,6,Friday,2026-02,3,22,235.26593333333332
member,electric_bike,6,Friday,2026-02,4,46,407.3938166666667
member,electric_bike,6,Friday,2026-02,5,195,1357.15015
member,electric_bike,6,Friday,2026-02,6,535,4320.393766666667
member,electric_bike,6,Friday,2026-02,7,921,8378.0571
member,electric_bike,6,Friday,2026-02,8,1101,9831.778333333334
member,electric_bike,6,Friday,2026-02,9,768,6843.937283333334
member,electric_bike,6,Friday,2026-02,10,515,5414.3148
member,electric_bike,6,Friday,2026-02,11,696,7871.234666666667
member,electric_bike,6,Friday,2026-02,12,930,9489.2242
member,electric_bike,6,Friday,2026-02,13,921,9060.993066666666
member,electric_bike,6,Friday,2026-02,14,970,10380.152116666666
member,electric_bike,6,Friday,2026-02,15,1347,14434.7732
member,electric_bike,6,Friday,2026-02,16,1840,21878.381816666668
member,electric_bike,6,Friday,2026-02,17,1844,21968.159166666668
member,electric_bike,6,Friday,2026-02,18,1369,14990.946116666666
member,electric_bike,6,Friday,2026-02,19,874,9343.31125
member,electric_bike,6,Friday,2026-02,20,552,6039.64125
member,electric_bike,6,Friday,2026-02,21,444,4658.653166666667
member,electric_bike,6,Friday,2026-02,22,351,3682.9389833333335
member,electric_bike,6,Friday,2026-02,23,271,2630.33075
member,electric_bike,6,Friday,2026-03,0,163,1442.3535333333334
member,electric_bike,6,Friday,2026-03,1,78,663.1837833333333
member,electric_bike,6,Friday,2026-03,2,25,245.76571666666666
member,electric_bike,6,Friday,2026-03,3,42,348.8663
member,electric_bike,6,Friday,2026-03,4,57,495.9647166666667
member,electric_bike,6,Friday,2026-03,5,261,1921.9828333333332
member,electric_bike,6,Friday,2026-03,6,664,5120.24355
member,electric_bike,6,Friday,2026-03,7,1171,10916.465983333333
member,electric_bike,6,Friday,2026-03,8,1452,12837.771783333334
member,electric_bike,6,Friday,2026-03,9,933,8347.946116666666
member,electric_bike,6,Friday,2026-03,10,676,6434.12465
member,electric_bike,6,Friday,2026-03,11,784,8195.595416666667
member,electric_bike,6,Friday,2026-03,12,873,8411.574933333333
member,electric_bike,6,Friday,2026-03,13,1113,11918.80535
member,electric_bike,6,Friday,2026-03,14,1171,12451.00305
member,electric_bike,6,Friday,2026-03,15,1489,15011.860016666667
member,electric_bike,6,Friday,2026-03,16,1971,23201.861216666668
member,electric_bike,6,Friday,2026-03,17,2163,23090.314066666666
member,electric_bike,6,Friday,2026-03,18,1662,17360.654183333332
member,electric_bike,6,Friday,2026-03,19,1092,11851.051233333334
member,electric_bike,6,Friday,2026-03,20,703,7465.993816666667
member,electric_bike,6,Friday,2026-03,21,519,5626.892266666667
member,electric_bike,6,Friday,2026-03,22,531,5229.9397500000005
member,electric_bike,6,Friday,2026-03,23,492,4997.6762
member,electric_bike,6,Friday,2026-04,0,223,2389.823983333333
member,electric_bike,6,Friday,2026-04,1,149,1414.0025166666667
member,electric_bike,6,Friday,2026-04,2,73,911.6313833333334
member,electric_bike,6,Friday,2026-04,3,52,540.9293166666666
member,electric_bike,6,Friday,2026-04,4,52,459.9687333333333
member,electric_bike,6,Friday,2026-04,5,289,2399.351616666667
member,electric_bike,6,Friday,2026-04,6,784,6697.24265
member,electric_bike,6,Friday,2026-04,7,1420,13807.3225
member,electric_bike,6,Friday,2026-04,8,1921,18600.401383333334
member,electric_bike,6,Friday,2026-04,9,1300,12674.403966666667
member,electric_bike,6,Friday,2026-04,10,1014,9963.2068
member,electric_bike,6,Friday,2026-04,11,1353,14887.2083
member,electric_bike,6,Friday,2026-04,12,1704,18498.126433333335
member,electric_bike,6,Friday,2026-04,13,1685,17801.134933333335
member,electric_bike,6,Friday,2026-04,14,1783,20338.08385
member,electric_bike,6,Friday,2026-04,15,2170,24780.088483333333
member,electric_bike,6,Friday,2026-04,16,3049,35343.26835
member,electric_bike,6,Friday,2026-04,17,3198,36958.856966666666
member,electric_bike,6,Friday,2026-04,18,2567,28888.778433333333
member,electric_bike,6,Friday,2026-04,19,1755,20277.110683333332
member,electric_bike,6,Friday,2026-04,20,1152,11838.238333333333
member,electric_bike,6,Friday,2026-04,21,651,6847.754
member,electric_bike,6,Friday,2026-04,22,474,4424.830283333334
member,electric_bike,6,Friday,2026-04,23,371,3593.683883333333
member,electric_bike,6,Friday,2026-05,0,322,3076.2730666666666
member,electric_bike,6,Friday,2026-05,1,218,2376.3279333333335
member,electric_bike,6,Friday,2026-05,2,91,808.65745
member,electric_bike,6,Friday,2026-05,3,81,716.2976333333334
member,electric_bike,6,Friday,2026-05,4,116,1000.77675
member,electric_bike,6,Friday,2026-05,5,453,4080.7882833333333
member,electric_bike,6,Friday,2026-05,6,1335,11421.92965
member,electric_bike,6,Friday,2026-05,7,2293,22521.623816666666
member,electric_bike,6,Friday,2026-05,8,2966,29444.343516666668
member,electric_bike,6,Friday,2026-05,9,1917,18010.69095
member,electric_bike,6,Friday,2026-05,10,1468,15041.638933333334
member,electric_bike,6,Friday,2026-05,11,1850,21450.24953333333
member,electric_bike,6,Friday,2026-05,12,2256,24766.719266666667
member,electric_bike,6,Friday,2026-05,13,2424,26649.454466666666
member,electric_bike,6,Friday,2026-05,14,2484,29485.6084
member,electric_bike,6,Friday,2026-05,15,3288,38193.64185
member,electric_bike,6,Friday,2026-05,16,4349,52855.73585
member,electric_bike,6,Friday,2026-05,17,4524,56206.17506666667
member,electric_bike,6,Friday,2026-05,18,3611,44096.51983333333
member,electric_bike,6,Friday,2026-05,19,2762,32925.51535
member,electric_bike,6,Friday,2026-05,20,1876,21105.828783333334
member,electric_bike,6,Friday,2026-05,21,1440,16271.239916666667
member,electric_bike,6,Friday,2026-05,22,1241,14652.420683333334
member,electric_bike,6,Friday,2026-05,23,984,10951.85805
member,electric_bike,6,Friday,2026-06,0,600,6550.036166666667
member,electric_bike,6,Friday,2026-06,1,338,3598.45585
member,electric_bike,6,Friday,2026-06,2,146,1532.11435
member,electric_bike,6,Friday,2026-06,3,110,1465.8335833333333
member,electric_bike,6,Friday,2026-06,4,131,1343.3553666666667
member,electric_bike,6,Friday,2026-06,5,473,4914.644333333334
member,electric_bike,6,Friday,2026-06,6,1197,11370.107033333334
member,electric_bike,6,Friday,2026-06,7,1923,20160.5272
member,electric_bike,6,Friday,2026-06,8,2433,26306.525583333332
member,electric_bike,6,Friday,2026-06,9,1719,18964.96175
member,electric_bike,6,Friday,2026-06,10,1435,16770.66866666667
member,electric_bike,6,Friday,2026-06,11,1911,23775.830083333334
member,electric_bike,6,Friday,2026-06,12,2374,29926.512033333333
member,electric_bike,6,Friday,2026-06,13,2390,29370.4094
member,electric_bike,6,Friday,2026-06,14,2056,24870.378883333335
member,electric_bike,6,Friday,2026-06,15,2617,33744.101683333334
member,electric_bike,6,Friday,2026-06,16,3830,49037.18191666667
member,electric_bike,6,Friday,2026-06,17,4210,54224.35595
member,electric_bike,6,Friday,2026-06,18,3793,51273.50508333333
member,electric_bike,6,Friday,2026-06,19,2722,35614.84613333333
member,electric_bike,6,Friday,2026-06,20,2016,25775.98721666667
member,electric_bike,6,Friday,2026-06,21,1548,19700.914566666666
member,electric_bike,6,Friday,2026-06,22,1615,20819.63975
member,electric_bike,6,Friday,2026-06,23,1340,17510.35005
member,electric_bike,6,Friday,2026-07,0,484,5406.59305
member,electric_bike,6,Friday,2026-07,1,296,2997.2199833333334
member,electric_bike,6,Friday,2026-07,2,187,2350.13315
member,electric_bike,6,Friday,2026-07,3,147,1982.3128833333333
member,electric_bike,6,Friday,2026-07,4,157,2045.0660833333334
member,electric_bike,6,Friday,2026-07,5,604,5738.466483333334
member,electric_bike,6,Friday,2026-07,6,1621,15407.996766666667
member,electric_bike,6,Friday,2026-07,7,2566,25430.430133333335
member,electric_bike,6,Friday,2026-07,8,3058,32173.944033333333
member,electric_bike,6,Friday,2026-07,9,2249,23749.557733333335
member,electric_bike,6,Friday,2026-07,10,1978,24694.07313333333
member,electric_bike,6,Friday,2026-07,11,2481,29945.9034
member,electric_bike,6,Friday,2026-07,12,2966,35649.17208333333
member,electric_bike,6,Friday,2026-07,13,2755,29994.827766666665
member,electric_bike,6,Friday,2026-07,14,2540,30000.715816666667
member,electric_bike,6,Friday,2026-07,15,3175,37302.69035
member,electric_bike,6,Friday,2026-07,16,4440,54265.769916666664
member,electric_bike,6,Friday,2026-07,17,5042,61782.09303333333
member,electric_bike,6,Friday,2026-07,18,4329,53865.6394
member,electric_bike,6,Friday,2026-07,19,3209,41073.29956666667
member,electric_bike,6,Friday,2026-07,20,2790,34880.69306666667
member,electric_bike,6,Friday,2026-07,21,2134,26494.037716666666
member,electric_bike,6,Friday,2026-07,22,1858,24600.118216666666
member,electric_bike,6,Friday,2026-07,23,1376,16094.303233333334
member,electric_bike,6,Friday,2026-08,0,541,5847.502683333333
member,electric_bike,6,Friday,2026-08,1,282,2813.2136
member,electric_bike,6,Friday,2026-08,2,151,1879.3216333333332
member,electric_bike,6,Friday,2026-08,3,111,1468.1224
member,electric_bike,6,Friday,2026-08,4,152,1504.8234
member,electric_bike,6,Friday,2026-08,5,539,5006.905633333334
member,electric_bike,6,Friday,2026-08,6,1530,14509.720683333333
member,electric_bike,6,Friday,2026-08,7,2614,25818.0151
member,electric_bike,6,Friday,2026-08,8,3165,33581.6743
member,electric_bike,6,Friday,2026-08,9,2084,21471.621066666667
member,electric_bike,6,Friday,2026-08,10,1647,18579.472333333335
member,electric_bike,6,Friday,2026-08,11,2098,25200.920516666665
member,electric_bike,6,Friday,2026-08,12,2595,30318.2623
member,electric_bike,6,Friday,2026-08,13,2695,31436.574583333335
member,electric_bike,6,Friday,2026-08,14,2647,32636.17315
member,electric_bike,6,Friday,2026-08,15,3577,44569.74213333333
member,electric_bike,6,Friday,2026-08,16,4740,58147.09485
member,electric_bike,6,Friday,2026-08,17,5182,67241.68033333334
member,electric_bike,6,Friday,2026-08,18,4509,57102.220116666664
member,electric_bike,6,Friday,2026-08,19,3394,43100.14725
member,electric_bike,6,Friday,2026-08,20,2304,28041.536033333334
member,electric_bike,6,Friday,2026-08,21,1949,23981.94423333333
member,electric_bike,6,Friday,2026-08,22,1734,22140.1542
member,electric_bike,6,Friday,2026-08,23,1382,17139.870533333335
member,electric_bike,7,Saturday,2025-09,0,788,8566.338266666668
member,electric_bike,7,Saturday,2025-09,1,476,5376.40535
member,electric_bike,7,Saturday,2025-09,2,299,3255.8835833333333
member,electric_bike,7,Saturday,2025-09,3,162,1535.4056833333334
member,electric_bike,7,Saturday,2025-09,4,75,825.21605
member,electric_bike,7,Saturday,2025-09,5,165,1648.8713
member,electric_bike,7,Saturday,2025-09,6,447,6320.504733333333
member,electric_bike,7,Saturday,2025-09,7,577,6766.216016666666
member,electric_bike,7,Saturday,2025-09,8,1012,11025.138133333334
member,electric_bike,7,Saturday,2025-09,9,1413,17001.579266666668
member,electric_bike,7,Saturday,2025-09,10,1902,24107.697583333334
member,electric_bike,7,Saturday,2025-09,11,2359,32075.2064
member,electric_bike,7,Saturday,2025-09,12,2484,32548.65565
member,electric_bike,7,Saturday,2025-09,13,2462,33106.68375
member,electric_bike,7,Saturday,2025-09,14,2371,30896.689883333333
member,electric_bike,7,Saturday,2025-09,15,2369,33452.58891666667
member,electric_bike,7,Saturday,2025-09,16,2524,35129.02428333333
member,electric_bike,7,Saturday,2025-09,17,2441,34534.1472
member,electric_bike,7,Saturday,2025-09,18,2158,29181.881866666667
member,electric_bike,7,Saturday,2025-09,19,1703,21349.111733333335
member,electric_bike,7,Saturday,2025-09,20,1269,15750.335116666667
member,electric_bike,7,Saturday,2025-09,21,1197,15551.633116666666
member,electric_bike,7,Saturday,2025-09,22,1189,14964.760616666666
member,electric_bike,7,Saturday,2025-09,23,925,11200.92665
member,electric_bike,7,Saturday,2025-10,0,737,8088.359666666666
member,electric_bike,7,Saturday,2025-10,1,450,4696.94075
member,electric_bike,7,Saturday,2025-10,2,309,3418.8931000000002
member,electric_bike,7,Saturday,2025-10,3,157,1556.3035833333333
member,electric_bike,7,Saturday,2025-10,4,71,719.5487833333333
member,electric_bike,7,Saturday,2025-10,5,125,1214.3957166666667
member,electric_bike,7,Saturday,2025-10,6,309,3452.5390666666667
member,electric_bike,7,Saturday,2025-10,7,627,6375.219983333333
member,electric_bike,7,Saturday,2025-10,8,1129,12113.364333333333
member,electric_bike,7,Saturday,2025-10,9,1614,18283.81505
member,electric_bike,7,Saturday,2025-10,10,2188,27240.479566666665
member,electric_bike,7,Saturday,2025-10,11,2671,35346.35733333333
member,electric_bike,7,Saturday,2025-10,12,2408,31819.954533333334
member,electric_bike,7,Saturday,2025-10,13,2366,30880.191916666667
member,electric_bike,7,Saturday,2025-10,14,2497,33673.860883333335
member,electric_bike,7,Saturday,2025-10,15,2501,34567.6389
member,electric_bike,7,Saturday,2025-10,16,2358,31681.201233333333
member,electric_bike,7,Saturday,2025-10,17,2286,29040.673133333334
member,electric_bike,7,Saturday,2025-10,18,2341,29305.546616666667
member,electric_bike,7,Saturday,2025-10,19,1521,18107.681333333334
member,electric_bike,7,Saturday,2025-10,20,940,10635.153733333333
member,electric_bike,7,Saturday,2025-10,21,881,10007.812283333333
member,electric_bike,7,Saturday,2025-10,22,910,10303.642516666667
member,electric_bike,7,Saturday,2025-10,23,688,8071.670533333333
member,electric_bike,7,Saturday,2025-11,0,710,7519.1187666666665
member,electric_bike,7,Saturday,2025-11,1,540,5370.753866666667
member,electric_bike,7,Saturday,2025-11,2,363,3632.0042166666667
member,electric_bike,7,Saturday,2025-11,3,155,1638.1149333333333
member,electric_bike,7,Saturday,2025-11,4,106,969.1800666666667
member,electric_bike,7,Saturday,2025-11,5,124,1321.2174499999999
member,electric_bike,7,Saturday,2025-11,6,259,2788.5446
member,electric_bike,7,Saturday,2025-11,7,509,5039.2177
member,electric_bike,7,Saturday,2025-11,8,866,8570.4264
member,electric_bike,7,Saturday,2025-11,9,1245,12915.706233333334
member,electric_bike,7,Saturday,2025-11,10,1473,15975.694333333333
member,electric_bike,7,Saturday,2025-11,11,1647,18850.512666666666
member,electric_bike,7,Saturday,2025-11,12,1712,20096.83815
member,electric_bike,7,Saturday,2025-11,13,1786,22215.9569
member,electric_bike,7,Saturday,2025-11,14,1882,23066.383083333334
member,electric_bike,7,Saturday,2025-11,15,1828,22165.588966666666
member,electric_bike,7,Saturday,2025-11,16,1690,21323.890283333334
member,electric_bike,7,Saturday,2025-11,17,1506,19176.863383333333
member,electric_bike,7,Saturday,2025-11,18,1326,15365.901183333333
member,electric_bike,7,Saturday,2025-11,19,976,10663.654716666666
member,electric_bike,7,Saturday,2025-11,20,688,7566.6857
member,electric_bike,7,Saturday,2025-11,21,585,6087.05205
member,electric_bike,7,Saturday,2025-11,22,511,5065.052283333333
member,electric_bike,7,Saturday,2025-11,23,538,5713.4169833333335
member,electric_bike,7,Saturday,2025-12,0,179,1924.5697666666667
member,electric_bike,7,Saturday,2025-12,1,136,1515.6827333333333
member,electric_bike,7,Saturday,2025-12,2,87,809.0934
member,electric_bike,7,Saturday,2025-12,3,45,494.53543333333334
member,electric_bike,7,Saturday,2025-12,4,22,189.92096666666666
member,electric_bike,7,Saturday,2025-12,5,58,654.7728666666667
member,electric_bike,7,Saturday,2025-12,6,109,1066.5071
member,electric_bike,7,Saturday,2025-12,7,165,1880.7786833333334
member,electric_bike,7,Saturday,2025-12,8,273,2241.621183333333
member,electric_bike,7,Saturday,2025-12,9,400,3531.8132
member,electric_bike,7,Saturday,2025-12,10,496,4893.198183333333
member,electric_bike,7,Saturday,2025-12,11,572,6237.06415
member,electric_bike,7,Saturday,2025-12,12,585,5597.274183333333
member,electric_bike,7,Saturday,2025-12,13,558,6454.53725
member,electric_bike,7,Saturday,2025-12,14,606,6484.15445
member,electric_bike,7,Saturday,2025-12,15,632,7014.047366666667
member,electric_bike,7,Saturday,2025-12,16,634,8492.062183333333
member,electric_bike,7,Saturday,2025-12,17,534,6497.375883333333
member,electric_bike,7,Saturday,2025-12,18,474,5571.084283333334
member,electric_bike,7,Saturday,2025-12,19,350,3928.4621
member,electric_bike,7,Saturday,2025-12,20,241,2644.1414
member,electric_bike,7,Saturday,2025-12,21,211,2303.6140333333333
member,electric_bike,7,Saturday,2025-12,22,253,2784.875666666667
member,electric_bike,7,Saturday,2025-12,23,223,2955.7589
member,electric_bike,7,Saturday,2026-01,0,137,1393.4014166666666
member,electric_bike,7,Saturday,2026-01,1,101,1009.10975
member,electric_bike,7,Saturday,2026-01,2,61,547.3020333333334
member,electric_bike,7,Saturday,2026-01,3,22,198.72820000000002
member,electric_bike,7,Saturday,2026-01,4,19,228.8191
member,electric_bike,7,Saturday,2026-01,5,43,528.2384
member,electric_bike,7,Saturday,2026-01,6,117,1105.9174666666668
member,electric_bike,7,Saturday,2026-01,7,105,811.6323
member,electric_bike,7,Saturday,2026-01,8,219,1766.9813833333333
member,electric_bike,7,Saturday,2026-01,9,311,2532.8238166666665
member,electric_bike,7,Saturday,2026-01,10,394,3432.37505
member,electric_bike,7,Saturday,2026-01,11,439,4316.753066666666
member,electric_bike,7,Saturday,2026-01,12,452,4886.6431
member,electric_bike,7,Saturday,2026-01,13,522,5346.199166666666
member,electric_bike,7,Saturday,2026-01,14,509,5391.363183333333
member,electric_bike,7,Saturday,2026-01,15,664,7094.6080833333335
member,electric_bike,7,Saturday,2026-01,16,625,8171.074533333333
member,electric_bike,7,Saturday,2026-01,17,568,5798.493966666667
member,electric_bike,7,Saturday,2026-01,18,431,5013.969783333333
member,electric_bike,7,Saturday,2026-01,19,320,2911.3991
member,electric_bike,7,Saturday,2026-01,20,217,2111.1425
member,electric_bike,7,Saturday,2026-01,21,215,2025.5240333333334
member,electric_bike,7,Saturday,2026-01,22,229,2419.6707333333334
member,electric_bike,7,Saturday,2026-01,23,290,3131.83535
member,electric_bike,7,Saturday,2026-02,0,244,2685.1022
member,electric_bike,7,Saturday,2026-02,1,189,1595.2402166666666
member,electric_bike,7,Saturday,2026-02,2,103,924.7039166666667
member,electric_bike,7,Saturday,2026-02,3,52,553.9898666666667
member,electric_bike,7,Saturday,2026-02,4,35,404.6149833333333
member,electric_bike,7,Saturday,2026-02,5,57,530.414
member,electric_bike,7,Saturday,2026-02,6,154,1770.0011166666666
member,electric_bike,7,Saturday,2026-02,7,215,1859.58865
member,electric_bike,7,Saturday,2026-02,8,432,3881.3569166666666
member,electric_bike,7,Saturday,2026-02,9,538,4601.3929
member,electric_bike,7,Saturday,2026-02,10,666,7837.896466666667
member,electric_bike,7,Saturday,2026-02,11,736,7087.150316666666
member,electric_bike,7,Saturday,2026-02,12,830,8072.861616666667
member,electric_bike,7,Saturday,2026-02,13,815,8133.24575
member,electric_bike,7,Saturday,2026-02,14,820,8539.591116666666
member,electric_bike,7,Saturday,2026-02,15,808,8785.950666666668
member,electric_bike,7,Saturday,2026-02,16,800,8440.287166666667
member,electric_bike,7,Saturday,2026-02,17,712,8666.240066666667
member,electric_bike,7,Saturday,2026-02,18,666,7609.64825
member,electric_bike,7,Saturday,2026-02,19,465,4951.68335
member,electric_bike,7,Saturday,2026-02,20,297,3204.04495
member,electric_bike,7,Saturday,2026-02,21,294,2990.30625
member,electric_bike,7,Saturday,2026-02,22,237,2942.9556166666666
member,electric_bike,7,Saturday,2026-02,23,180,2011.5245666666667
member,electric_bike,7,Saturday,2026-03,0,375,3882.0717833333333
member,electric_bike,7,Saturday,2026-03,1,241,2321.1353
member,electric_bike,7,Saturday,2026-03,2,107,944.0935
member,electric_bike,7,Saturday,2026-03,3,62,752.5474666666667
member,electric_bike,7,Saturday,2026-03,4,33,334.19115
member,electric_bike,7,Saturday,2026-03,5,58,526.8974166666667
member,electric_bike,7,Saturday,2026-03,6,176,1616.8324666666667
member,electric_bike,7,Saturday,2026-03,7,364,3565.7910333333334
member,electric_bike,7,Saturday,2026-03,8,677,6078.2626
member,electric_bike,7,Saturday,2026-03,9,1006,10841.752466666667
member,electric_bike,7,Saturday,2026-03,10,1263,13838.84665
member,electric_bike,7,Saturday,2026-03,11,1399,15850.65975
member,electric_bike,7,Saturday,2026-03,12,1512,18171.967816666667
member,electric_bike,7,Saturday,2026-03,13,1599,20084.021566666666
member,electric_bike,7,Saturday,2026-03,14,1588,20843.186766666666
member,electric_bike,7,Saturday,2026-03,15,1492,20247.1697
member,electric_bike,7,Saturday,2026-03,16,1657,24008.40815
member,electric_bike,7,Saturday,2026-03,17,1498,19544.2179
member,electric_bike,7,Saturday,2026-03,18,1350,17237.278866666667
member,electric_bike,7,Saturday,2026-03,19,1042,12701.07425
member,electric_bike,7,Saturday,2026-03,20,670,7849.4819333333335
member,electric_bike,7,Saturday,2026-03,21,620,6457.878583333333
member,electric_bike,7,Saturday,2026-03,22,610,7158.056616666667
member,electric_bike,7,Saturday,2026-03,23,499,4940.15665
member,electric_bike,7,Saturday,2026-04,0,337,2906.5266666666666
member,electric_bike,7,Saturday,2026-04,1,237,2146.4043
member,electric_bike,7,Saturday,2026-04,2,146,1286.5079666666666
member,electric_bike,7,Saturday,2026-04,3,89,785.4753166666667
member,electric_bike,7,Saturday,2026-04,4,47,535.7363666666666
member,electric_bike,7,Saturday,2026-04,5,70,847.5328666666667
member,electric_bike,7,Saturday,2026-04,6,205,1934.2229166666666
member,electric_bike,7,Saturday,2026-04,7,384,3641.540016666667
member,electric_bike,7,Saturday,2026-04,8,689,6699.9913
member,electric_bike,7,Saturday,2026-04,9,982,9902.771816666667
member,electric_bike,7,Saturday,2026-04,10,1286,14192.682933333333
member,electric_bike,7,Saturday,2026-04,11,1522,17376.919483333335
member,electric_bike,7,Saturday,2026-04,12,1784,20469.680733333335
member,electric_bike,7,Saturday,2026-04,13,1710,19956.621016666668
member,electric_bike,7,Saturday,2026-04,14,1584,19249.418683333333
member,electric_bike,7,Saturday,2026-04,15,1591,18618.69976666667
member,electric_bike,7,Saturday,2026-04,16,1756,21298.951016666666
member,electric_bike,7,Saturday,2026-04,17,1521,17509.415616666665
member,electric_bike,7,Saturday,2026-04,18,1421,17307.82795
member,electric_bike,7,Saturday,2026-04,19,1207,12894.91905
member,electric_bike,7,Saturday,2026-04,20,764,7894.39725
member,electric_bike,7,Saturday,2026-04,21,656,6134.5333
member,electric_bike,7,Saturday,2026-04,22,592,5986.054283333333
member,electric_bike,7,Saturday,2026-04,23,504,5235.420533333333
member,electric_bike,7,Saturday,2026-05,0,782,7999.5675833333335
member,electric_bike,7,Saturday,2026-05,1,515,5137.194283333333
member,electric_bike,7,Saturday,2026-05,2,298,2850.4158666666667
member,electric_bike,7,Saturday,2026-05,3,205,2145.810466666667
member,electric_bike,7,Saturday,2026-05,4,127,1327.4657666666667
member,electric_bike,7,Saturday,2026-05,5,169,1788.3527166666665
member,electric_bike,7,Saturday,2026-05,6,404,4292.73885
member,electric_bike,7,Saturday,2026-05,7,690,7313.2336000000005
member,electric_bike,7,Saturday,2026-05,8,1342,15025.36415
member,electric_bike,7,Saturday,2026-05,9,1928,22651.18725
member,electric_bike,7,Saturday,2026-05,10,2485,31199.435166666666
member,electric_bike,7,Saturday,2026-05,11,2686,36060.86256666666
member,electric_bike,7,Saturday,2026-05,12,3093,41658.533383333335
member,electric_bike,7,Saturday,2026-05,13,3101,41813.56965
member,electric_bike,7,Saturday,2026-05,14,3172,44090.21163333333
member,electric_bike,7,Saturday,2026-05,15,3159,43601.0708
member,electric_bike,7,Saturday,2026-05,16,3075,42286.911283333335
member,electric_bike,7,Saturday,2026-05,17,3002,42512.43786666667
member,electric_bike,7,Saturday,2026-05,18,2877,37937.76195
member,electric_bike,7,Saturday,2026-05,19,2326,28858.430983333332
member,electric_bike,7,Saturday,2026-05,20,1580,19159.00685
member,electric_bike,7,Saturday,2026-05,21,1513,18070.6296
member,electric_bike,7,Saturday,2026-05,22,1346,15943.050566666667
member,electric_bike,7,Saturday,2026-05,23,1048,12544.321033333334
member,electric_bike,7,Saturday,2026-06,0,1082,12548.908733333334
member,electric_bike,7,Saturday,2026-06,1,646,7132.976333333333
member,electric_bike,7,Saturday,2026-06,2,331,3626.575783333333
member,electric_bike,7,Saturday,2026-06,3,204,2388.7611666666667
member,electric_bike,7,Saturday,2026-06,4,123,1403.6560166666666
member,electric_bike,7,Saturday,2026-06,5,198,2285.7710166666666
member,electric_bike,7,Saturday,2026-06,6,396,4289.4096
member,electric_bike,7,Saturday,2026-06,7,819,9279.1499
member,electric_bike,7,Saturday,2026-06,8,1359,15974.503033333332
member,electric_bike,7,Saturday,2026-06,9,1932,25229.722183333335
member,electric_bike,7,Saturday,2026-06,10,2516,32628.033466666668
member,electric_bike,7,Saturday,2026-06,11,2999,41839.052233333336
member,electric_bike,7,Saturday,2026-06,12,3197,48857.344333333334
member,electric_bike,7,Saturday,2026-06,13,3059,43931.5845
member,electric_bike,7,Saturday,2026-06,14,2937,42697.3873
member,electric_bike,7,Saturday,2026-06,15,3088,46521.39486666667
member,electric_bike,7,Saturday,2026-06,16,3268,47131.69648333333
member,electric_bike,7,Saturday,2026-06,17,3084,45074.013033333336
member,electric_bike,7,Saturday,2026-06,18,2988,41585.27438333333
member,electric_bike,7,Saturday,2026-06,19,2473,33600.80153333333
member,electric_bike,7,Saturday,2026-06,20,1816,23717.0882
member,electric_bike,7,Saturday,2026-06,21,1635,20289.314683333334
member,electric_bike,7,Saturday,2026-06,22,1540,20368.2497
member,electric_bike,7,Saturday,2026-06,23,1122,14019.069666666666
member,electric_bike,7,Saturday,2026-07,0,829,9440.41695
member,electric_bike,7,Saturday,2026-07,1,662,7351.491783333333
member,electric_bike,7,Saturday,2026-07,2,368,4413.044583333333
member,electric_bike,7,Saturday,2026-07,3,232,2847.5061833333334
member,electric_bike,7,Saturday,2026-07,4,132,1683.7363166666667
member,electric_bike,7,Saturday,2026-07,5,277,3672.909616666667
member,electric_bike,7,Saturday,2026-07,6,521,6752.71425
member,electric_bike,7,Saturday,2026-07,7,867,9924.963483333333
member,electric_bike,7,Saturday,2026-07,8,1485,17216.93165
member,electric_bike,7,Saturday,2026-07,9,2086,25880.456183333332
member,electric_bike,7,Saturday,2026-07,10,2531,33095.99106666667
member,electric_bike,7,Saturday,2026-07,11,2874,39629.90948333334
member,electric_bike,7,Saturday,2026-07,12,2779,36907.743083333335
member,electric_bike,7,Saturday,2026-07,13,2985,41617.67758333333
member,electric_bike,7,Saturday,2026-07,14,2879,40007.99505
member,electric_bike,7,Saturday,2026-07,15,3301,42948.45351666667
member,electric_bike,7,Saturday,2026-07,16,2893,39267.70545
member,electric_bike,7,Saturday,2026-07,17,2477,34210.76228333333
member,electric_bike,7,Saturday,2026-07,18,2623,36067.854633333336
member,electric_bike,7,Saturday,2026-07,19,2404,32466.561116666668
member,electric_bike,7,Saturday,2026-07,20,1818,25746.658683333335
member,electric_bike,7,Saturday,2026-07,21,1704,25110.4311
member,electric_bike,7,Saturday,2026-07,22,1713,24264.066516666666
member,electric_bike,7,Saturday,2026-07,23,1602,21273.906466666667
member,electric_bike,7,Saturday,2026-08,0,1323,15001.201533333333
member,electric_bike,7,Saturday,2026-08,1,965,10821.792
member,electric_bike,7,Saturday,2026-08,2,484,5225.303516666667
member,electric_bike,7,Saturday,2026-08,3,252,3105.1365166666665
member,electric_bike,7,Saturday,2026-08,4,179,2190.9418333333333
member,electric_bike,7,Saturday,2026-08,5,270,2989.950333333333
member,electric_bike,7,Saturday,2026-08,6,545,5689.3967
member,electric_bike,7,Saturday,2026-08,7,884,9985.0657
member,electric_bike,7,Saturday,2026-08,8,1607,18014.4849
member,electric_bike,7,Saturday,2026-08,9,2261,26439.086933333332
member,electric_bike,7,Saturday,2026-08,10,2628,32365.990966666668
member,electric_bike,7,Saturday,2026-08,11,3350,43241.88915
member,electric_bike,7,Saturday,2026-08,12,3840,52154.99785
member,electric_bike,7,Saturday,2026-08,13,3850,53570.423566666665
member,electric_bike,7,Saturday,2026-08,14,3906,53083.6267
member,electric_bike,7,Saturday,2026-08,15,3940,54987.027266666664
member,electric_bike,7,Saturday,2026-08,16,4279,58563.65386666667
member,electric_bike,7,Saturday,2026-08,17,3824,54609.90425
member,electric_bike,7,Saturday,2026-08,18,3757,48135.67085
member,electric_bike,7,Saturday,2026-08,19,3079,41271.300083333335
member,electric_bike,7,Saturday,2026-08,20,2368,29573.02235
member,electric_bike,7,Saturday,2026-08,21,2285,29107.5953
member,electric_bike,7,Saturday,2026-08,22,2090,28126.274183333335
member,electric_bike,7,Saturday,2026-08,23,1780,21432.028733333333
